﻿trials.thisRepN,trials.thisTrialN,trials.thisN,trials.thisIndex,trials_2.thisRepN,trials_2.thisTrialN,trials_2.thisN,trials_2.thisIndex,text_3.started,text_3.stopped,key_resp_3.keys,key_resp_3.rt,key_resp_3.started,key_resp_3.stopped,text.started,text.stopped,Expect.response,Expect.rt,Expect.started,Expect.stopped,text_4.started,text_4.stopped,ExpectedArousal2.response,ExpectedArousal2.rt,ExpectedArousal2.started,ExpectedArousal2.stopped,textBefore.started,textBefore.stopped,text2Before.started,text2Before.stopped,ExpectedValence.response,ExpectedValence.rt,ExpectedValence.started,ExpectedValence.stopped,Frame,offer,Total_Pot,Player1Pot.started,Player1Pot.stopped,Player2Pot.started,Player2Pot.stopped,split.started,split.stopped,AmountToSplit.started,AmountToSplit.stopped,frametext.started,frametext.stopped,key_resp1.keys,key_resp1.rt,key_resp1.started,key_resp1.stopped,wallet_label1.started,wallet_label1.stopped,wallet_label2.started,wallet_label2.stopped,deal_Completed.started,deal_Completed.stopped,text_6.started,text_6.stopped,ArousalAfter.response,ArousalAfter.rt,ArousalAfter.started,ArousalAfter.stopped,ValenceAfter.response,ValenceAfter.rt,ValenceAfter.started,ValenceAfter.stopped,text_7.started,text_7.stopped,text_8.started,text_8.stopped,textT2.started,textT2.stopped,anonytext0498.started,anonytext0498.stopped,anonyExpect.response,anonyExpect.rt,anonyExpect.started,anonyExpect.stopped,textBefore_2.started,textBefore_2.stopped,text2Before_2.started,text2Before_2.stopped,anonyExpectedValence.response,anonyExpectedValence.rt,anonyExpectedValence.started,anonyExpectedValence.stopped,anonyExpectedArousal.response,anonyExpectedArousal.rt,anonyExpectedArousal.started,anonyExpectedArousal.stopped,frametext_2.started,frametext_2.stopped,AmountToSplit_2.started,AmountToSplit_2.stopped,split_2.started,split_2.stopped,Player2Pot_2.started,Player2Pot_2.stopped,Player1Pot_2.started,Player1Pot_2.stopped,key_resp1_2.keys,key_resp1_2.rt,key_resp1_2.started,key_resp1_2.stopped,text_5.started,text_5.stopped,anonyValenceAfter.response,anonyValenceAfter.rt,anonyValenceAfter.started,anonyValenceAfter.stopped,text_9.started,text_9.stopped,text_10.started,text_10.stopped,anonyArousalAfter.response,anonyArousalAfter.rt,anonyArousalAfter.started,anonyArousalAfter.stopped,text_2.started,text_2.stopped,key_resp_2.keys,key_resp_2.rt,key_resp_2.started,key_resp_2.stopped,participant,session,date,expName,psychopyVersion,frameRate,
,,,,,,,,41.42833719999999,None,space,48.45294250000006,41.42833719999999,None,,,,,,,,,,,,,,,,,,,,,,,,,,,,,,,,,,,,,,,,,,,,,,,,,,,,,,,,,,,,,,,,,,,,,,,,,,,,,,,,,,,,,,,,,,,,,,,,,,,,,,,,,,,,,,,,Akshat Shrivastava,001,2022-04-22_20h20.42.601,ultamatum,2022.1.3,59.79813346117306,
0,0,0,0,,,,,,,,,,,89.91194009999981,None,3.45,2.193935799999963,90.94895919999999,None,90.94895919999999,None,2.845833333333333,5.0647127000002,93.15152050000006,None,93.15152050000006,None,93.15152050000006,None,3.404166666666667,1.8892501999998785,93.15152050000006,None,You will receive,40,40,98.2311466000001,None,98.2311466000001,None,98.2311466000001,None,98.2311466000001,None,98.2311466000001,None,y,2.292793399999937,98.2311466000001,None,98.2311466000001,None,98.2311466000001,None,100.54932430000008,101.54952450000019,102.03399119999995,None,3.5208333333333335,1.132324300000164,104.06484309999996,None,2.8791666666666664,2.361873199999991,104.06484309999996,None,104.06484309999996,None,104.06484309999996,None,,,,,,,,,,,,,,,,,,,,,,,,,,,,,,,,,,,,,,,,,,,,,,,,,,,,,,,Akshat Shrivastava,001,2022-04-22_20h20.42.601,ultamatum,2022.1.3,59.79813346117306,
1,0,1,0,,,,,,,,,,,106.40817440000001,None,7.15,3.161424999999781,107.42396770000005,None,107.42396770000005,None,2.5375,3.602576499999941,110.62171839999974,None,110.62171839999974,None,110.62171839999974,None,4.025,2.0675686999998106,110.62171839999974,None,You will receive,85,125,114.23700300000019,None,114.23700300000019,None,114.23700300000019,None,114.23700300000019,None,114.23700300000019,None,y,2.2715822000000117,114.23700300000019,None,114.23700300000019,None,114.23700300000019,None,116.53892110000015,117.53907470000013,118.02274609999995,None,5,1.5653077000001758,120.0521960000001,None,1.2166666666666666,4.485977400000138,120.0521960000001,None,120.0521960000001,None,120.0521960000001,None,,,,,,,,,,,,,,,,,,,,,,,,,,,,,,,,,,,,,,,,,,,,,,,,,,,,,,,Akshat Shrivastava,001,2022-04-22_20h20.42.601,ultamatum,2022.1.3,59.79813346117306,
2,0,2,0,,,,,,,,,,,124.52499420000004,None,9,4.5975312999999005,125.53168060000007,None,125.53168060000007,None,1,4.770074300000033,130.170521,None,130.170521,None,130.170521,None,5,2.566241699999864,130.170521,None,You will receive,20,125,134.95284290000018,None,134.95284290000018,None,134.95284290000018,None,134.95284290000018,None,134.95284290000018,None,n,2.0641318999996656,134.95284290000018,None,134.95284290000018,None,134.95284290000018,None,137.04673920000005,138.0472433,138.53064670000003,None,1.55,1.8119787000000542,140.5526420000001,None,4.716666666666667,3.088971899999706,140.5526420000001,None,140.5526420000001,None,140.5526420000001,None,,,,,,,,,,,,,,,,,,,,,,,,,,,,,,,,,,,,,,,,,,,,,,,,,,,,,,,Akshat Shrivastava,001,2022-04-22_20h20.42.601,ultamatum,2022.1.3,59.79813346117306,
3,0,3,0,,,,,,,,,,,143.63016909999988,None,2.95,4.180139900000086,144.63782140000012,None,144.63782140000012,None,1.8166666666666667,10.26276770000004,148.8461044999999,None,148.8461044999999,None,148.8461044999999,None,3.1666666666666665,6.877829799999745,148.8461044999999,None,You will receive,32,157,159.12110299999995,None,159.12110299999995,None,159.12110299999995,None,159.12110299999995,None,159.12110299999995,None,y,2.8020034999999552,159.12110299999995,None,159.12110299999995,None,159.12110299999995,None,161.93935809999994,162.93987030000017,163.4233675999999,None,3.058333333333333,1.4026065000002745,165.44709899999998,None,2.7,2.8341042000001835,165.44709899999998,None,165.44709899999998,None,165.44709899999998,None,,,,,,,,,,,,,,,,,,,,,,,,,,,,,,,,,,,,,,,,,,,,,,,,,,,,,,,Akshat Shrivastava,001,2022-04-22_20h20.42.601,ultamatum,2022.1.3,59.79813346117306,
4,0,4,0,,,,,,,,,,,168.27410849999978,None,2.4583333333333335,4.876419800000349,169.2814370000001,None,169.2814370000001,None,2.841666666666667,3.9164906999999403,174.19541789999994,None,174.19541789999994,None,174.19541789999994,None,3.1625,2.3952618000002985,174.19541789999994,None,I will take,85,198,178.13066419999996,None,178.13066419999996,None,178.13066419999996,None,178.13066419999996,None,178.13066419999996,None,y,2.105412299999898,178.13066419999996,None,178.13066419999996,None,178.13066419999996,None,180.26310680000006,181.26285210000015,181.74673119999989,None,3.8958333333333335,1.2853620000000774,183.76664200000005,None,2.6333333333333333,2.456275999999889,183.76664200000005,None,183.76664200000005,None,183.76664200000005,None,,,,,,,,,,,,,,,,,,,,,,,,,,,,,,,,,,,,,,,,,,,,,,,,,,,,,,,Akshat Shrivastava,001,2022-04-22_20h20.42.601,ultamatum,2022.1.3,59.79813346117306,
,,,,0,0,0,0,,,,,,,,,,,,,,,,,,,,,,,,,,,You will receive,30,228,,,,,,,,,,,,,,,,,,,222.29580440000018,223.29646999999977,223.77993199999992,None,,,,,,,,,,,,,186.2213799000001,None,187.24440129999994,None,5.466666666666667,26.29550930000005,187.24440129999994,None,213.55102140000008,None,213.55102140000008,None,3.35,1.5441506000001937,213.55102140000008,None,2.6958333333333333,2.926148099999864,213.55102140000008,None,216.52334549999978,None,216.52334549999978,None,216.52334549999978,None,216.52334549999978,None,216.52334549999978,None,n,5.750882300000285,216.52334549999978,None,216.52334549999978,None,3.2041666666666666,6.9193326999998135,225.79588269999977,None,225.79588269999977,None,225.79588269999977,None,2.2666666666666666,4.598390300000119,225.79588269999977,None,,,,,,,Akshat Shrivastava,001,2022-04-22_20h20.42.601,ultamatum,2022.1.3,59.79813346117306,
,,,,1,0,1,0,,,,,,,,,,,,,,,,,,,,,,,,,,,I will take,77,251,,,,,,,,,,,,,,,,,,,242.03673479999998,243.03707619999977,243.5208862999998,None,,,,,,,,,,,,,232.72321439999996,None,233.74017749999985,None,5.791666666666667,1.9827492999997958,233.74017749999985,None,235.7389701000002,None,235.7389701000002,None,3.4208333333333334,2.1617347000001246,235.7389701000002,None,2.4375,4.279421600000205,235.7389701000002,None,240.04441610000003,None,240.04441610000003,None,240.04441610000003,None,240.04441610000003,None,240.04441610000003,None,y,1.9626665999999204,240.04441610000003,None,240.04441610000003,None,2.604166666666667,2.9832008999997015,245.5298813999998,None,245.5298813999998,None,245.5298813999998,None,3.8375,1.4313430999995944,245.5298813999998,None,,,,,,,Akshat Shrivastava,001,2022-04-22_20h20.42.601,ultamatum,2022.1.3,59.79813346117306,
,,,,2,0,2,0,,,,,,,,,,,,,,,,,,,,,,,,,,,I will take,20,331,,,,,,,,,,,,,,,,,,,302.25991729999987,303.2604458999999,303.7436708,None,,,,,,,,,,,,,248.52327990000003,None,249.52917630000002,None,5.191666666666666,45.986192200000005,249.52917630000002,None,295.53285800000003,None,295.53285800000003,None,3.275,1.640519900000072,295.53285800000003,None,1.7708333333333333,3.205884099999821,295.53285800000003,None,298.7627729999999,None,298.7627729999999,None,298.7627729999999,None,298.7627729999999,None,298.7627729999999,None,n,3.4771215999999185,298.7627729999999,None,298.7627729999999,None,4.6875,3.5149231999998847,305.75693390000015,None,305.75693390000015,None,305.75693390000015,None,2.0458333333333334,1.5799306999997498,305.75693390000015,None,,,,,,,Akshat Shrivastava,001,2022-04-22_20h20.42.601,ultamatum,2022.1.3,59.79813346117306,
,,,,3,0,3,0,,,,,,,,,,,,,,,,,,,,,,,,,,,I will take,59,372,,,,,,,,,,,,,,,,,,,318.73267339999984,319.7330069999998,320.21648449999975,None,,,,,,,,,,,,,309.2791035,None,310.2879385000001,None,7.191666666666666,2.135778699999719,310.2879385000001,None,312.43793879999976,None,312.43793879999976,None,3.5416666666666665,1.4765651000002435,312.43793879999976,None,2.5083333333333333,2.6248587000000043,312.43793879999976,None,315.0846938999998,None,315.0846938999998,None,315.0846938999998,None,315.0846938999998,None,315.0846938999998,None,y,3.6265480000001844,315.0846938999998,None,315.0846938999998,None,1.6833333333333333,7.1672208999998475,322.22603649999974,None,322.22603649999974,None,322.22603649999974,None,3.3291666666666666,3.215839699999833,322.22603649999974,None,,,,,,,Akshat Shrivastava,001,2022-04-22_20h20.42.601,ultamatum,2022.1.3,59.79813346117306,
,,,,4,0,4,0,,,,,,,,,,,,,,,,,,,,,,,,,,,I will take,37,435,,,,,,,,,,,,,,,,,,,344.42591889999994,345.4262094999999,345.9100620999998,None,,,,,,,,,,,,,329.40329029999975,None,330.41131510000014,None,5.983333333333333,5.824937500000033,330.41131510000014,None,336.2519382999999,None,336.2519382999999,None,3.5833333333333335,2.0253921000003174,336.2519382999999,None,1.8791666666666667,6.304575199999817,336.2519382999999,None,342.5774378000001,None,342.5774378000001,None,342.5774378000001,None,342.5774378000001,None,342.5774378000001,None,n,1.824353500000143,342.5774378000001,None,342.5774378000001,None,3.341666666666667,2.6990266999996493,347.9231713999998,None,347.9231713999998,None,347.9231713999998,None,1.6958333333333333,1.214429299999665,347.9231713999998,None,,,,,,,Akshat Shrivastava,001,2022-04-22_20h20.42.601,ultamatum,2022.1.3,59.79813346117306,
,,,,,,,,,,,,,,,,,,,,,,,,,,,,,,,,,,,,,,,,,,,,,,,,,,,,,,,,,,,,,,,,,,,,,,,,,,,,,,,,,,,,,,,,,,,,,,,,,,,,,,,,,,,,,,,,,,,,,,,350.6288049,None,space,1.8518735999996352,350.6288049,None,Akshat Shrivastava,001,2022-04-22_20h20.42.601,ultamatum,2022.1.3,59.79813346117306,
