﻿trials.thisRepN,trials.thisTrialN,trials.thisN,trials.thisIndex,trials_2.thisRepN,trials_2.thisTrialN,trials_2.thisN,trials_2.thisIndex,text_3.started,text_3.stopped,key_resp_3.keys,key_resp_3.rt,key_resp_3.started,key_resp_3.stopped,text.started,text.stopped,Expect.response,Expect.rt,Expect.started,Expect.stopped,text_4.started,text_4.stopped,ExpectedArousal2.response,ExpectedArousal2.rt,ExpectedArousal2.started,ExpectedArousal2.stopped,textBefore.started,textBefore.stopped,text2Before.started,text2Before.stopped,ExpectedValence.response,ExpectedValence.rt,ExpectedValence.started,ExpectedValence.stopped,Frame,offer,Total_Pot,Player1Pot.started,Player1Pot.stopped,Player2Pot.started,Player2Pot.stopped,split.started,split.stopped,AmountToSplit.started,AmountToSplit.stopped,frametext.started,frametext.stopped,key_resp1.keys,key_resp1.rt,key_resp1.started,key_resp1.stopped,wallet_label1.started,wallet_label1.stopped,wallet_label2.started,wallet_label2.stopped,deal_Completed.started,deal_Completed.stopped,text_6.started,text_6.stopped,ArousalAfter.response,ArousalAfter.rt,ArousalAfter.started,ArousalAfter.stopped,ValenceAfter.response,ValenceAfter.rt,ValenceAfter.started,ValenceAfter.stopped,text_7.started,text_7.stopped,text_8.started,text_8.stopped,textT2.started,textT2.stopped,anonytext0498.started,anonytext0498.stopped,anonyExpect.response,anonyExpect.rt,anonyExpect.started,anonyExpect.stopped,textBefore_2.started,textBefore_2.stopped,text2Before_2.started,text2Before_2.stopped,anonyExpectedValence.response,anonyExpectedValence.rt,anonyExpectedValence.started,anonyExpectedValence.stopped,anonyExpectedArousal.response,anonyExpectedArousal.rt,anonyExpectedArousal.started,anonyExpectedArousal.stopped,frametext_2.started,frametext_2.stopped,AmountToSplit_2.started,AmountToSplit_2.stopped,split_2.started,split_2.stopped,Player2Pot_2.started,Player2Pot_2.stopped,Player1Pot_2.started,Player1Pot_2.stopped,key_resp1_2.keys,key_resp1_2.rt,key_resp1_2.started,key_resp1_2.stopped,text_5.started,text_5.stopped,anonyValenceAfter.response,anonyValenceAfter.rt,anonyValenceAfter.started,anonyValenceAfter.stopped,text_9.started,text_9.stopped,text_10.started,text_10.stopped,anonyArousalAfter.response,anonyArousalAfter.rt,anonyArousalAfter.started,anonyArousalAfter.stopped,text_2.started,text_2.stopped,key_resp_2.keys,key_resp_2.rt,key_resp_2.started,key_resp_2.stopped,participant,session,date,expName,psychopyVersion,frameRate,
,,,,,,,,26.24807359999977,None,space,1.2363399000023492,26.24807359999977,None,,,,,,,,,,,,,,,,,,,,,,,,,,,,,,,,,,,,,,,,,,,,,,,,,,,,,,,,,,,,,,,,,,,,,,,,,,,,,,,,,,,,,,,,,,,,,,,,,,,,,,,,,,,,,,,,arjun,001,2022-04-22_18h48.50.440,ultamatum,2022.1.3,60.01738103270623,
0,0,0,0,,,,,,,,,,,27.512534499997855,None,3.958333333333333,2.615226999998413,28.527991699997074,None,28.527991699997074,None,2.916666666666667,2.0632538000027125,31.149883899997803,None,31.149883899997803,None,31.149883899997803,None,3.275,1.3491466000014043,31.149883899997803,None,You will receive,26,0,33.229038099998434,None,33.229038099998434,None,33.229038099998434,None,33.229038099998434,None,33.229038099998434,None,n,1.8828487000027962,33.229038099998434,None,33.229038099998434,None,33.229038099998434,None,35.14444089999961,36.144168199996784,36.627524199997424,None,2.2083333333333335,0.6825625999990734,38.630881499997486,None,4.579166666666667,1.234134999998787,38.630881499997486,None,38.630881499997486,None,38.630881499997486,None,,,,,,,,,,,,,,,,,,,,,,,,,,,,,,,,,,,,,,,,,,,,,,,,,,,,,,,arjun,001,2022-04-22_18h48.50.440,ultamatum,2022.1.3,60.01738103270623,
1,0,1,0,,,,,,,,,,,39.87693549999676,None,3.7,1.9812144999996235,40.8767270999997,None,40.8767270999997,None,3.1375,3.9128829000001133,42.87754109999878,None,42.87754109999878,None,42.87754109999878,None,3.4625,2.665969199999381,42.87754109999878,None,You will receive,10,0,46.80904049999663,None,46.80904049999663,None,46.80904049999663,None,46.80904049999663,None,46.80904049999663,None,n,1.446295400004601,46.80904049999663,None,46.80904049999663,None,46.80904049999663,None,48.27541669999846,49.27515019999919,49.75836699999854,None,1.8458333333333334,0.7319150000002992,51.75809559999834,None,4.7625,1.616859600002499,51.75809559999834,None,51.75809559999834,None,51.75809559999834,None,,,,,,,,,,,,,,,,,,,,,,,,,,,,,,,,,,,,,,,,,,,,,,,,,,,,,,,arjun,001,2022-04-22_18h48.50.440,ultamatum,2022.1.3,60.01738103270623,
2,0,2,0,,,,,,,,,,,53.39112529999693,None,4.675,1.7825029000014183,54.39094799999657,None,54.39094799999657,None,2.791666666666667,2.780542199998308,56.19060239999817,None,56.19060239999817,None,56.19060239999817,None,3.0541666666666667,1.6832704000007652,56.19060239999817,None,I will take,30,0,58.99007519999941,None,58.99007519999941,None,58.99007519999941,None,58.99007519999941,None,58.99007519999941,None,n,2.344303400001081,58.99007519999941,None,58.99007519999941,None,58.99007519999941,None,61.35632899999837,62.35621339999852,62.83948379999856,None,2.791666666666667,0.4331999000023643,64.83897079999952,None,4.320833333333333,1.0345039999992878,64.83897079999952,None,64.83897079999952,None,64.83897079999952,None,,,,,,,,,,,,,,,,,,,,,,,,,,,,,,,,,,,,,,,,,,,,,,,,,,,,,,,arjun,001,2022-04-22_18h48.50.440,ultamatum,2022.1.3,60.01738103270623,
3,0,3,0,,,,,,,,,,,65.88889089999793,None,4.95,1.3150351000003866,66.88872519999859,None,66.88872519999859,None,3.0166666666666666,3.4137585000025865,68.2216978999968,None,68.2216978999968,None,68.2216978999968,None,3.6,2.5494422000010672,68.2216978999968,None,I will take,77,23,71.65446419999716,None,71.65446419999716,None,71.65446419999716,None,71.65446419999716,None,71.65446419999716,None,y,2.741255100001581,71.65446419999716,None,71.65446419999716,None,71.65446419999716,None,74.42060329999731,75.42057649999697,75.90378519999649,None,3.9625,0.7664862000019639,77.90332869999838,None,2.325,1.4509226999980456,77.90332869999838,None,77.90332869999838,None,77.90332869999838,None,,,,,,,,,,,,,,,,,,,,,,,,,,,,,,,,,,,,,,,,,,,,,,,,,,,,,,,arjun,001,2022-04-22_18h48.50.440,ultamatum,2022.1.3,60.01738103270623,
4,0,4,0,,,,,,,,,,,79.36977119999938,None,4.966666666666667,1.797902399997838,80.36972169999717,None,80.36972169999717,None,2.4208333333333334,2.231186799999705,82.18593099999998,None,82.18593099999998,None,82.18593099999998,None,3.8958333333333335,0.9332147000022815,82.18593099999998,None,I will take,37,38,84.43554449999647,None,84.43554449999647,None,84.43554449999647,None,84.43554449999647,None,84.43554449999647,None,y,3.532619000001432,84.43554449999647,None,84.43554449999647,None,84.43554449999647,None,87.98479659999794,88.98468419999699,89.46789259999787,None,4.545833333333333,0.7156589000005624,91.46789299999728,None,2.4958333333333336,1.3841186999998172,91.46789299999728,None,91.46789299999728,None,91.46789299999728,None,,,,,,,,,,,,,,,,,,,,,,,,,,,,,,,,,,,,,,,,,,,,,,,,,,,,,,,arjun,001,2022-04-22_18h48.50.440,ultamatum,2022.1.3,60.01738103270623,
,,,,0,0,0,0,,,,,,,,,,,,,,,,,,,,,,,,,,,You will receive,30,68,,,,,,,,,,,,,,,,,,,103.18200909999723,104.18204459999833,104.66522299999997,None,,,,,,,,,,,,,92.86732669999765,None,93.86711659999855,None,6.275,0.8497706000016478,93.86711659999855,None,94.7336828999978,None,94.7336828999978,None,4.033333333333333,4.131041699998605,94.7336828999978,None,2.6708333333333334,6.813695900000312,94.7336828999978,None,101.57028409999839,None,101.57028409999839,None,101.57028409999839,None,101.57028409999839,None,101.57028409999839,None,n,1.585945200000424,101.57028409999839,None,101.57028409999839,None,4.016666666666667,1.881952599997021,106.66477979999763,None,106.66477979999763,None,106.66477979999763,None,1.9791666666666667,0.8316125999990618,106.66477979999763,None,,,,,,,arjun,001,2022-04-22_18h48.50.440,ultamatum,2022.1.3,60.01738103270623,
,,,,1,0,1,0,,,,,,,,,,,,,,,,,,,,,,,,,,,I will take,20,148,,,,,,,,,,,,,,,,,,,118.57936339999651,119.57911869999953,120.06236569999965,None,,,,,,,,,,,,,108.56429949999801,None,109.56437000000005,None,5.025,2.182324699999299,109.56437000000005,None,111.76389349999954,None,111.76389349999954,None,3.3958333333333335,4.164280799999688,111.76389349999954,None,2.9916666666666667,5.013052299997071,111.76389349999954,None,116.79644469999766,None,116.79644469999766,None,116.79644469999766,None,116.79644469999766,None,116.79644469999766,None,n,1.762080500004231,116.79644469999766,None,116.79644469999766,None,1.4041666666666666,1.7325865999991947,122.06218249999802,None,122.06218249999802,None,122.06218249999802,None,4.204166666666667,0.665556199997809,122.06218249999802,None,,,,,,,arjun,001,2022-04-22_18h48.50.440,ultamatum,2022.1.3,60.01738103270623,
,,,,2,0,2,0,,,,,,,,,,,,,,,,,,,,,,,,,,,I will take,10,238,,,,,,,,,,,,,,,,,,,137.55925229999775,138.55888759999652,139.04240449999998,None,,,,,,,,,,,,,123.81180689999746,None,124.81149019999793,None,4.025,8.430785500000638,124.81149019999793,None,133.25990179999644,None,133.25990179999644,None,3.2916666666666665,1.7152972000003501,133.25990179999644,None,3.004166666666667,2.4806745999994746,133.25990179999644,None,135.75957839999683,None,135.75957839999683,None,135.75957839999683,None,135.75957839999683,None,135.75957839999683,None,n,1.7733264000016788,135.75957839999683,None,135.75957839999683,None,4.5625,1.3319762999999512,141.04205199999706,None,141.04205199999706,None,141.04205199999706,None,1.6166666666666667,0.5815873999999894,141.04205199999706,None,,,,,,,arjun,001,2022-04-22_18h48.50.440,ultamatum,2022.1.3,60.01738103270623,
,,,,3,0,3,0,,,,,,,,,,,,,,,,,,,,,,,,,,,I will take,32,306,,,,,,,,,,,,,,,,,,,153.37306399999943,154.3728839999967,154.85609789999944,None,,,,,,,,,,,,,142.39176259999658,None,143.39162329999817,None,5.475,4.698446800000966,143.39162329999817,None,148.10728409999865,None,148.10728409999865,None,3.4416666666666664,1.581973399999697,148.10728409999865,None,2.775,2.547025099996972,148.10728409999865,None,150.67351559999952,None,150.67351559999952,None,150.67351559999952,None,150.67351559999952,None,150.67351559999952,None,n,2.677569700001186,150.67351559999952,None,150.67351559999952,None,3.8791666666666664,1.6159544000001915,156.8557019999971,None,156.8557019999971,None,156.8557019999971,None,2.2375,0.5491011999984039,156.8557019999971,None,,,,,,,arjun,001,2022-04-22_18h48.50.440,ultamatum,2022.1.3,60.01738103270623,
,,,,4,0,4,0,,,,,,,,,,,,,,,,,,,,,,,,,,,You will receive,77,383,,,,,,,,,,,,,,,,,,,165.48773559999972,166.48721329999898,166.97079479999957,None,,,,,,,,,,,,,158.48872989999654,None,159.48845299999812,None,6.0,1.1488900000003923,159.48845299999812,None,160.65516709999793,None,160.65516709999793,None,3.75,1.0483684000028006,160.65516709999793,None,2.2875,1.6305791000013414,160.65516709999793,None,162.30491289999918,None,162.30491289999918,None,162.30491289999918,None,162.30491289999918,None,162.30491289999918,None,y,3.150638600003731,162.30491289999918,None,162.30491289999918,None,1.8375,1.3148500999996031,168.97029699999985,None,168.97029699999985,None,168.97029699999985,None,4.795833333333333,0.5476772000001802,168.97029699999985,None,,,,,,,arjun,001,2022-04-22_18h48.50.440,ultamatum,2022.1.3,60.01738103270623,
,,,,,,,,,,,,,,,,,,,,,,,,,,,,,,,,,,,,,,,,,,,,,,,,,,,,,,,,,,,,,,,,,,,,,,,,,,,,,,,,,,,,,,,,,,,,,,,,,,,,,,,,,,,,,,,,,,,,,,,170.30334219999713,None,space,1.7518934000036097,170.30334219999713,None,arjun,001,2022-04-22_18h48.50.440,ultamatum,2022.1.3,60.01738103270623,
