﻿trials.thisRepN,trials.thisTrialN,trials.thisN,trials.thisIndex,trials_2.thisRepN,trials_2.thisTrialN,trials_2.thisN,trials_2.thisIndex,text_3.started,text_3.stopped,key_resp_3.keys,key_resp_3.rt,key_resp_3.started,key_resp_3.stopped,text.started,text.stopped,Expect.response,Expect.rt,Expect.started,Expect.stopped,text_4.started,text_4.stopped,ExpectedArousal2.response,ExpectedArousal2.rt,ExpectedArousal2.started,ExpectedArousal2.stopped,textBefore.started,textBefore.stopped,text2Before.started,text2Before.stopped,ExpectedValence.response,ExpectedValence.rt,ExpectedValence.started,ExpectedValence.stopped,Frame,offer,Total_Pot,Player1Pot.started,Player1Pot.stopped,Player2Pot.started,Player2Pot.stopped,split.started,split.stopped,AmountToSplit.started,AmountToSplit.stopped,frametext.started,frametext.stopped,key_resp1.keys,key_resp1.rt,key_resp1.started,key_resp1.stopped,wallet_label1.started,wallet_label1.stopped,wallet_label2.started,wallet_label2.stopped,deal_Completed.started,deal_Completed.stopped,text_6.started,text_6.stopped,ArousalAfter.response,ArousalAfter.rt,ArousalAfter.started,ArousalAfter.stopped,ValenceAfter.response,ValenceAfter.rt,ValenceAfter.started,ValenceAfter.stopped,text_7.started,text_7.stopped,text_8.started,text_8.stopped,textT2.started,textT2.stopped,anonytext0498.started,anonytext0498.stopped,anonyExpect.response,anonyExpect.rt,anonyExpect.started,anonyExpect.stopped,textBefore_2.started,textBefore_2.stopped,text2Before_2.started,text2Before_2.stopped,anonyExpectedValence.response,anonyExpectedValence.rt,anonyExpectedValence.started,anonyExpectedValence.stopped,anonyExpectedArousal.response,anonyExpectedArousal.rt,anonyExpectedArousal.started,anonyExpectedArousal.stopped,frametext_2.started,frametext_2.stopped,AmountToSplit_2.started,AmountToSplit_2.stopped,split_2.started,split_2.stopped,Player2Pot_2.started,Player2Pot_2.stopped,Player1Pot_2.started,Player1Pot_2.stopped,key_resp1_2.keys,key_resp1_2.rt,key_resp1_2.started,key_resp1_2.stopped,text_5.started,text_5.stopped,anonyValenceAfter.response,anonyValenceAfter.rt,anonyValenceAfter.started,anonyValenceAfter.stopped,text_9.started,text_9.stopped,text_10.started,text_10.stopped,anonyArousalAfter.response,anonyArousalAfter.rt,anonyArousalAfter.started,anonyArousalAfter.stopped,text_2.started,text_2.stopped,key_resp_2.keys,key_resp_2.rt,key_resp_2.started,key_resp_2.stopped,participant,session,date,expName,psychopyVersion,frameRate,
,,,,,,,,120.59446570003638,None,space,1.1048425999470055,120.59446570003638,None,,,,,,,,,,,,,,,,,,,,,,,,,,,,,,,,,,,,,,,,,,,,,,,,,,,,,,,,,,,,,,,,,,,,,,,,,,,,,,,,,,,,,,,,,,,,,,,,,,,,,,,,,,,,,,,,Aryan_K,001,2022-04-22_11h55.06.270,ultamatum,2022.1.3,59.95157111501455,
0,0,0,0,,,,,,,,,,,121.71440630004508,None,5.175,7.814964200020768,122.85291570000118,None,122.85291570000118,None,2.833333333333333,3.9534314000047743,130.60868590004975,None,130.60868590004975,None,130.60868590004975,None,3.0625,3.1943947999970987,130.60868590004975,None,I will take,30,70,134.58725140005117,None,134.58725140005117,None,134.58725140005117,None,134.58725140005117,None,134.58725140005117,None,y,2.630901799944695,134.58725140005117,None,134.58725140005117,None,134.58725140005117,None,137.25656500004698,138.25882940000156,138.7423637000029,None,2.8083333333333336,3.224948100047186,140.889058700006,None,3.8875,8.247539600008167,140.889058700006,None,140.889058700006,None,140.889058700006,None,,,,,,,,,,,,,,,,,,,,,,,,,,,,,,,,,,,,,,,,,,,,,,,,,,,,,,,Aryan_K,001,2022-04-22_11h55.06.270,ultamatum,2022.1.3,59.95157111501455,
1,0,1,0,,,,,,,,,,,149.0698590000393,None,4.75,7.654681999993045,150.14204560004873,None,150.14204560004873,None,3.058333333333333,2.8625854999991134,157.820194000029,None,157.820194000029,None,157.820194000029,None,2.8791666666666664,1.989410099980887,157.820194000029,None,You will receive,59,129,160.79173740005353,None,160.79173740005353,None,160.79173740005353,None,160.79173740005353,None,160.79173740005353,None,y,1.333972999942489,160.79173740005353,None,160.79173740005353,None,160.79173740005353,None,162.1648146000225,163.16681190003874,163.6504147000378,None,4.1625,1.0918224000488408,165.75851530005457,None,2.0416666666666665,3.8513233000412583,165.75851530005457,None,165.75851530005457,None,165.75851530005457,None,,,,,,,,,,,,,,,,,,,,,,,,,,,,,,,,,,,,,,,,,,,,,,,,,,,,,,,Aryan_K,001,2022-04-22_11h55.06.270,ultamatum,2022.1.3,59.95157111501455,
2,0,2,0,,,,,,,,,,,169.54145090002567,None,6.008333333333333,2.651697800029069,170.62523630005307,None,170.62523630005307,None,2.8875,2.9142357999808155,173.3303640000522,None,173.3303640000522,None,173.3303640000522,None,3.158333333333333,2.0680010999785736,173.3303640000522,None,You will receive,10,129,176.30618280003546,None,176.30618280003546,None,176.30618280003546,None,176.30618280003546,None,176.30618280003546,None,n,1.3600332999485545,176.30618280003546,None,176.30618280003546,None,176.30618280003546,None,177.71093580004526,178.7149200999993,179.19519960001344,None,3.1,5.694777800003067,181.2966837999993,None,4.591666666666667,7.066453900013585,181.2966837999993,None,181.2966837999993,None,181.2966837999993,None,,,,,,,,,,,,,,,,,,,,,,,,,,,,,,,,,,,,,,,,,,,,,,,,,,,,,,,Aryan_K,001,2022-04-22_11h55.06.270,ultamatum,2022.1.3,59.95157111501455,
3,0,3,0,,,,,,,,,,,188.33744660002412,None,4.958333333333334,3.366394200013019,189.4184192000539,None,189.4184192000539,None,3.0375,5.003057399997488,192.84878190001473,None,192.84878190001473,None,192.84878190001473,None,2.970833333333333,4.054644800024107,192.84878190001473,None,I will take,20,129,197.82321530004265,None,197.82321530004265,None,197.82321530004265,None,197.82321530004265,None,197.82321530004265,None,n,1.7626734999357723,197.82321530004265,None,197.82321530004265,None,197.82321530004265,None,199.61666990001686,200.62113910005428,201.10451570001896,None,2.6208333333333336,0.7354246000177227,203.20754370000213,None,4.770833333333333,1.525688200024888,203.20754370000213,None,203.20754370000213,None,203.20754370000213,None,,,,,,,,,,,,,,,,,,,,,,,,,,,,,,,,,,,,,,,,,,,,,,,,,,,,,,,Aryan_K,001,2022-04-22_11h55.06.270,ultamatum,2022.1.3,59.95157111501455,
4,0,4,0,,,,,,,,,,,204.6870912000304,None,4.166666666666666,10.157218999986071,205.75663900002837,None,205.75663900002837,None,2.908333333333333,33.209603400027845,215.98203450004803,None,215.98203450004803,None,215.98203450004803,None,3.2,3.4982918000314385,215.98203450004803,None,I will take,30,189,249.17922140000155,None,249.17922140000155,None,249.17922140000155,None,249.17922140000155,None,249.17922140000155,None,y,2.6739928999450058,249.17922140000155,None,249.17922140000155,None,249.17922140000155,None,251.87293740001041,252.86989890004043,253.35286430001725,None,2.75,0.8269649000139907,255.45497520000208,None,4.208333333333333,2.7008511000312865,255.45497520000208,None,255.45497520000208,None,255.45497520000208,None,,,,,,,,,,,,,,,,,,,,,,,,,,,,,,,,,,,,,,,,,,,,,,,,,,,,,,,Aryan_K,001,2022-04-22_11h55.06.270,ultamatum,2022.1.3,59.95157111501455,
,,,,0,0,0,0,,,,,,,,,,,,,,,,,,,,,,,,,,,I will take,20,269,,,,,,,,,,,,,,,,,,,275.16265030001523,276.1620960000437,276.6453623000416,None,,,,,,,,,,,,,258.11858040001243,None,259.2101957999985,None,4.641666666666667,5.559957100020256,259.2101957999985,None,264.7612898000516,None,264.7612898000516,None,3.0625,5.4276040000258945,264.7612898000516,None,2.9833333333333334,7.966729400039185,264.7612898000516,None,272.8081813000026,None,272.8081813000026,None,272.8081813000026,None,272.8081813000026,None,272.8081813000026,None,n,2.3331697999383323,272.8081813000026,None,272.8081813000026,None,4.8375,3.9512412999756634,278.7000663000508,None,278.7000663000508,None,278.7000663000508,None,3.275,2.827007699990645,278.7000663000508,None,,,,,,,Aryan_K,001,2022-04-22_11h55.06.270,ultamatum,2022.1.3,59.95157111501455,
,,,,1,0,1,0,,,,,,,,,,,,,,,,,,,,,,,,,,,You will receive,26,295,,,,,,,,,,,,,,,,,,,296.5999889000086,297.6046289000078,298.07158270000946,None,,,,,,,,,,,,,282.65955229999963,None,283.73897730000317,None,5.016666666666667,8.388013700023293,283.73897730000317,None,292.10489499999676,None,292.10489499999676,None,3.091666666666667,1.0448387000360526,292.10489499999676,None,2.9208333333333334,1.9858595000114292,292.10489499999676,None,294.122467600042,None,294.122467600042,None,294.122467600042,None,294.122467600042,None,294.122467600042,None,n,2.4347985999193043,294.122467600042,None,294.122467600042,None,4.783333333333333,1.8637367999763228,300.12059350003256,None,300.12059350003256,None,300.12059350003256,None,3.0791666666666666,1.063131999981124,300.12059350003256,None,,,,,,,Aryan_K,001,2022-04-22_11h55.06.270,ultamatum,2022.1.3,59.95157111501455,
,,,,2,0,2,0,,,,,,,,,,,,,,,,,,,,,,,,,,,I will take,40,355,,,,,,,,,,,,,,,,,,,369.3910390000092,370.3945760000497,370.8803336000419,None,,,,,,,,,,,,,301.9764965000213,None,303.06482650002,None,5.35,3.3887137999990955,303.06482650002,None,306.4767433000379,None,306.4767433000379,None,3.216666666666667,43.767382899997756,306.4767433000379,None,4.170833333333333,44.84057030000258,306.4767433000379,None,351.38719730003504,None,351.38719730003504,None,351.38719730003504,None,351.38719730003504,None,351.38719730003504,None,y,17.96285639994312,351.38719730003504,None,351.38719730003504,None,4.058333333333334,11.813408399990294,372.92817750002723,None,372.92817750002723,None,372.92817750002723,None,2.9625,9.124111199984327,372.92817750002723,None,,,,,,,Aryan_K,001,2022-04-22_11h55.06.270,ultamatum,2022.1.3,59.95157111501455,
,,,,3,0,3,0,,,,,,,,,,,,,,,,,,,,,,,,,,,I will take,37,418,,,,,,,,,,,,,,,,,,,391.9683391000144,392.95784770004684,393.45568110002205,None,,,,,,,,,,,,,384.75700330000836,None,385.83092920004856,None,4.633333333333333,1.4203353999764659,385.83092920004856,None,387.259480800014,None,387.259480800014,None,3.1041666666666665,1.7243946000235155,387.259480800014,None,2.791666666666667,2.7320019000326283,387.259480800014,None,390.01682040002197,None,390.01682040002197,None,390.01682040002197,None,390.01682040002197,None,390.01682040002197,None,y,1.9116802999051288,390.01682040002197,None,390.01682040002197,None,4.591666666666667,11.43830270000035,395.50307330000214,None,395.50307330000214,None,395.50307330000214,None,3.375,0.7393994999583811,395.50307330000214,None,,,,,,,Aryan_K,001,2022-04-22_11h55.06.270,ultamatum,2022.1.3,59.95157111501455,
,,,,4,0,4,0,,,,,,,,,,,,,,,,,,,,,,,,,,,You will receive,77,495,,,,,,,,,,,,,,,,,,,417.12853740004357,418.12214800005313,418.61404620000394,None,,,,,,,,,,,,,406.95438280003145,None,408.01642170001287,None,4.291666666666666,2.816377300012391,408.01642170001287,None,410.8658209000132,None,410.8658209000132,None,2.8708333333333336,3.072642699989956,410.8658209000132,None,3.075,4.409327100031078,410.8658209000132,None,415.3036303000408,None,415.3036303000408,None,415.3036303000408,None,415.3036303000408,None,415.3036303000408,None,y,1.7923477999866009,415.3036303000408,None,415.3036303000408,None,1.5,7.12214039999526,420.6538597000181,None,420.6538597000181,None,420.6538597000181,None,4.404166666666667,1.1401692000217736,420.6538597000181,None,,,,,,,Aryan_K,001,2022-04-22_11h55.06.270,ultamatum,2022.1.3,59.95157111501455,
,,,,,,,,,,,,,,,,,,,,,,,,,,,,,,,,,,,,,,,,,,,,,,,,,,,,,,,,,,,,,,,,,,,,,,,,,,,,,,,,,,,,,,,,,,,,,,,,,,,,,,,,,,,,,,,,,,,,,,,427.78878530004295,None,space,1.9812372999149375,427.78878530004295,None,Aryan_K,001,2022-04-22_11h55.06.270,ultamatum,2022.1.3,59.95157111501455,
