﻿trials.thisRepN,trials.thisTrialN,trials.thisN,trials.thisIndex,trials_2.thisRepN,trials_2.thisTrialN,trials_2.thisN,trials_2.thisIndex,text_3.started,text_3.stopped,key_resp_3.keys,key_resp_3.rt,key_resp_3.started,key_resp_3.stopped,text.started,text.stopped,Expect.response,Expect.rt,Expect.started,Expect.stopped,text_4.started,text_4.stopped,ExpectedArousal2.response,ExpectedArousal2.rt,ExpectedArousal2.started,ExpectedArousal2.stopped,textBefore.started,textBefore.stopped,text2Before.started,text2Before.stopped,ExpectedValence.response,ExpectedValence.rt,ExpectedValence.started,ExpectedValence.stopped,Frame,offer,Total_Pot,Player1Pot.started,Player1Pot.stopped,Player2Pot.started,Player2Pot.stopped,split.started,split.stopped,AmountToSplit.started,AmountToSplit.stopped,frametext.started,frametext.stopped,key_resp1.keys,key_resp1.rt,key_resp1.started,key_resp1.stopped,wallet_label1.started,wallet_label1.stopped,wallet_label2.started,wallet_label2.stopped,deal_Completed.started,deal_Completed.stopped,text_6.started,text_6.stopped,ArousalAfter.response,ArousalAfter.rt,ArousalAfter.started,ArousalAfter.stopped,ValenceAfter.response,ValenceAfter.rt,ValenceAfter.started,ValenceAfter.stopped,text_7.started,text_7.stopped,text_8.started,text_8.stopped,textT2.started,textT2.stopped,anonytext0498.started,anonytext0498.stopped,anonyExpect.response,anonyExpect.rt,anonyExpect.started,anonyExpect.stopped,textBefore_2.started,textBefore_2.stopped,text2Before_2.started,text2Before_2.stopped,anonyExpectedValence.response,anonyExpectedValence.rt,anonyExpectedValence.started,anonyExpectedValence.stopped,anonyExpectedArousal.response,anonyExpectedArousal.rt,anonyExpectedArousal.started,anonyExpectedArousal.stopped,frametext_2.started,frametext_2.stopped,AmountToSplit_2.started,AmountToSplit_2.stopped,split_2.started,split_2.stopped,Player2Pot_2.started,Player2Pot_2.stopped,Player1Pot_2.started,Player1Pot_2.stopped,key_resp1_2.keys,key_resp1_2.rt,key_resp1_2.started,key_resp1_2.stopped,text_5.started,text_5.stopped,anonyValenceAfter.response,anonyValenceAfter.rt,anonyValenceAfter.started,anonyValenceAfter.stopped,text_9.started,text_9.stopped,text_10.started,text_10.stopped,anonyArousalAfter.response,anonyArousalAfter.rt,anonyArousalAfter.started,anonyArousalAfter.stopped,text_2.started,text_2.stopped,key_resp_2.keys,key_resp_2.rt,key_resp_2.started,key_resp_2.stopped,participant,session,date,expName,psychopyVersion,frameRate,
,,,,,,,,37.72720140000092,None,space,1.0454362999989826,37.72720140000092,None,,,,,,,,,,,,,,,,,,,,,,,,,,,,,,,,,,,,,,,,,,,,,,,,,,,,,,,,,,,,,,,,,,,,,,,,,,,,,,,,,,,,,,,,,,,,,,,,,,,,,,,,,,,,,,,,astitva,001,2022-04-22_18h04.33.506,ultamatum,2022.1.3,60.33415468277387,
0,0,0,0,,,,,,,,,,,38.79657490000318,None,3.966666666666667,4.384564099997078,39.8405614000003,None,39.8405614000003,None,2.9208333333333334,4.295877399999881,44.22520590000204,None,44.22520590000204,None,44.22520590000204,None,3.5375,3.0418341000004148,44.22520590000204,None,You will receive,37,37,48.54594139999972,None,48.54594139999972,None,48.54594139999972,None,48.54594139999972,None,48.54594139999972,None,y,4.0037704999995185,48.54594139999972,None,48.54594139999972,None,48.54594139999972,None,52.57767910000257,53.57724850000159,54.06087820000175,None,3.0791666666666666,2.545485300001019,56.082423600000766,None,3.8541666666666665,3.1982604000004358,56.082423600000766,None,56.082423600000766,None,56.082423600000766,None,,,,,,,,,,,,,,,,,,,,,,,,,,,,,,,,,,,,,,,,,,,,,,,,,,,,,,,astitva,001,2022-04-22_18h04.33.506,ultamatum,2022.1.3,60.33415468277387,
1,0,1,0,,,,,,,,,,,59.27418460000263,None,4.983333333333333,3.0415092000002915,60.28237220000301,None,60.28237220000301,None,2.9916666666666667,3.9793417000000773,63.35777130000133,None,63.35777130000133,None,63.35777130000133,None,3.8541666666666665,0.944385599999805,63.35777130000133,None,You will receive,20,37,67.36039820000224,None,67.36039820000224,None,67.36039820000224,None,67.36039820000224,None,67.36039820000224,None,n,1.8422207000003255,67.36039820000224,None,67.36039820000224,None,67.36039820000224,None,69.22467600000164,70.22412720000284,70.70764990000316,None,2.3625,1.6014276999994763,72.71896780000316,None,3.95,2.5144029000002774,72.71896780000316,None,72.71896780000316,None,72.71896780000316,None,,,,,,,,,,,,,,,,,,,,,,,,,,,,,,,,,,,,,,,,,,,,,,,,,,,,,,,astitva,001,2022-04-22_18h04.33.506,ultamatum,2022.1.3,60.33415468277387,
2,0,2,0,,,,,,,,,,,75.23523860000205,None,4.375,1.7132170000004407,76.2472078000028,None,76.2472078000028,None,3.0416666666666665,1.8205119000012928,77.99014220000026,None,77.99014220000026,None,77.99014220000026,None,3.654166666666667,0.9948414999998931,77.99014220000026,None,You will receive,85,122,79.82409560000087,None,79.82409560000087,None,79.82409560000087,None,79.82409560000087,None,79.82409560000087,None,y,2.243568399997457,79.82409560000087,None,79.82409560000087,None,79.82409560000087,None,82.08881200000178,83.08866870000202,83.57230900000286,None,4.070833333333333,0.6813814999986789,85.58507870000176,None,2.3916666666666666,2.1324271999983466,85.58507870000176,None,85.58507870000176,None,85.58507870000176,None,,,,,,,,,,,,,,,,,,,,,,,,,,,,,,,,,,,,,,,,,,,,,,,,,,,,,,,astitva,001,2022-04-22_18h04.33.506,ultamatum,2022.1.3,60.33415468277387,
3,0,3,0,,,,,,,,,,,87.71547160000046,None,6.033333333333333,3.4682551999976567,88.73014380000313,None,88.73014380000313,None,3.0208333333333335,2.9321381999980076,92.22631770000226,None,92.22631770000226,None,92.22631770000226,None,3.9125,1.1340173999997205,92.22631770000226,None,I will take,50,172,95.180702200003,None,95.180702200003,None,95.180702200003,None,95.180702200003,None,95.180702200003,None,y,1.6633934999990743,95.180702200003,None,95.180702200003,None,95.180702200003,None,96.87049450000268,97.8700607000028,98.35315450000053,None,3.15,2.0080315000013798,100.36855470000228,None,3.9208333333333334,2.891040000002249,100.36855470000228,None,100.36855470000228,None,100.36855470000228,None,,,,,,,,,,,,,,,,,,,,,,,,,,,,,,,,,,,,,,,,,,,,,,,,,,,,,,,astitva,001,2022-04-22_18h04.33.506,ultamatum,2022.1.3,60.33415468277387,
4,0,4,0,,,,,,,,,,,103.25524290000249,None,4.0,659.0197040999992,104.2744289000002,None,104.2744289000002,None,2.9333333333333336,3.3706283000028634,763.3217842000013,None,763.3217842000013,None,763.3217842000013,None,3.625,2.524167400002625,763.3217842000013,None,I will take,59,232,766.717773700002,None,766.717773700002,None,766.717773700002,None,766.717773700002,None,766.717773700002,None,y,2.3339526999952795,766.717773700002,None,766.717773700002,None,766.717773700002,None,769.0813237000002,770.0810511000018,770.5649020000019,None,3.6458333333333335,0.9397653999985778,772.5937099000002,None,2.5,1.7379991000016162,772.5937099000002,None,772.5937099000002,None,772.5937099000002,None,,,,,,,,,,,,,,,,,,,,,,,,,,,,,,,,,,,,,,,,,,,,,,,,,,,,,,,astitva,001,2022-04-22_18h04.33.506,ultamatum,2022.1.3,60.33415468277387,
,,,,0,0,0,0,,,,,,,,,,,,,,,,,,,,,,,,,,,You will receive,40,272,,,,,,,,,,,,,,,,,,,783.0957828999999,784.0950428000033,784.5783128000003,None,,,,,,,,,,,,,774.333627400003,None,775.3592306000028,None,3.6083333333333334,2.22047929999826,775.3592306000028,None,777.5892918999998,None,777.5892918999998,None,3.7375,0.9916149999990012,777.5892918999998,None,2.675,1.8726179000004777,777.5892918999998,None,779.5140460000002,None,779.5140460000002,None,779.5140460000002,None,779.5140460000002,None,779.5140460000002,None,y,3.5601142999985314,779.5140460000002,None,779.5140460000002,None,3.575,2.765024899999844,786.5813127000001,None,786.5813127000001,None,786.5813127000001,None,3.675,1.182450800002698,786.5813127000001,None,,,,,,,astitva,001,2022-04-22_18h04.33.506,ultamatum,2022.1.3,60.33415468277387,
,,,,1,0,1,0,,,,,,,,,,,,,,,,,,,,,,,,,,,I will take,85,287,,,,,,,,,,,,,,,,,,,811.5571775999997,812.5574207000027,813.0402473000031,None,,,,,,,,,,,,,789.3616683,None,790.3695731000007,None,5.283333333333333,3.3710227999981726,790.3695731000007,None,793.7555944000014,None,793.7555944000014,None,3.6666666666666665,1.7557809999998426,793.7555944000014,None,2.966666666666667,3.7035771000009845,793.7555944000014,None,797.4860644,None,797.4860644,None,797.4860644,None,797.4860644,None,797.4860644,None,y,14.048621599999024,797.4860644,None,797.4860644,None,2.9958333333333336,2.0986500999970303,815.0407739000002,None,815.0407739000002,None,815.0407739000002,None,3.7541666666666664,0.9140589000016917,815.0407739000002,None,,,,,,,astitva,001,2022-04-22_18h04.33.506,ultamatum,2022.1.3,60.33415468277387,
,,,,2,0,2,0,,,,,,,,,,,,,,,,,,,,,,,,,,,I will take,77,310,,,,,,,,,,,,,,,,,,,832.7200225000015,833.7195658000019,834.2027931000011,None,,,,,,,,,,,,,817.1559554000014,None,818.1608185000005,None,5.0,9.471710199999507,818.1608185000005,None,827.6531436000005,None,827.6531436000005,None,3.7541666666666664,1.7698134999991453,827.6531436000005,None,2.7583333333333333,2.9679047999998147,827.6531436000005,None,830.6410174000011,None,830.6410174000011,None,830.6410174000011,None,830.6410174000011,None,830.6410174000011,None,y,2.0602262999964296,830.6410174000011,None,830.6410174000011,None,1.8375,2.8148356999990938,836.2031991000003,None,836.2031991000003,None,836.2031991000003,None,3.7458333333333336,1.5311999999976251,836.2031991000003,None,,,,,,,astitva,001,2022-04-22_18h04.33.506,ultamatum,2022.1.3,60.33415468277387,
,,,,3,0,3,0,,,,,,,,,,,,,,,,,,,,,,,,,,,I will take,30,380,,,,,,,,,,,,,,,,,,,847.5506482000019,848.5503312000001,849.0333882000014,None,,,,,,,,,,,,,839.035022,None,840.0415156000017,None,4.391666666666667,2.3349941999986186,840.0415156000017,None,842.3908889000013,None,842.3908889000013,None,3.7,1.2422772999998415,842.3908889000013,None,2.95,2.5268868999992264,842.3908889000013,None,844.9381425000029,None,844.9381425000029,None,844.9381425000029,None,844.9381425000029,None,844.9381425000029,None,n,2.5903031999987434,844.9381425000029,None,844.9381425000029,None,4.045833333333333,1.6318711999992956,851.0330254,None,851.0330254,None,851.0330254,None,2.375,0.6824108000000706,851.0330254,None,,,,,,,astitva,001,2022-04-22_18h04.33.506,ultamatum,2022.1.3,60.33415468277387,
,,,,4,0,4,0,,,,,,,,,,,,,,,,,,,,,,,,,,,You will receive,20,400,,,,,,,,,,,,,,,,,,,861.3977369000022,862.3973167000004,862.8808966000033,None,,,,,,,,,,,,,852.6826280000023,None,853.6896839000001,None,5.958333333333333,1.8714518000015232,853.6896839000001,None,855.5755162000023,None,855.5755162000023,None,3.7958333333333334,1.4720185000005586,855.5755162000023,None,2.9291666666666667,3.836131399999431,855.5755162000023,None,859.4393204000007,None,859.4393204000007,None,859.4393204000007,None,859.4393204000007,None,859.4393204000007,None,n,1.9419589999961318,859.4393204000007,None,859.4393204000007,None,4.275,2.2825603999990562,864.8824116000033,None,864.8824116000033,None,864.8824116000033,None,2.029166666666667,1.2969565000021248,864.8824116000033,None,,,,,,,astitva,001,2022-04-22_18h04.33.506,ultamatum,2022.1.3,60.33415468277387,
,,,,,,,,,,,,,,,,,,,,,,,,,,,,,,,,,,,,,,,,,,,,,,,,,,,,,,,,,,,,,,,,,,,,,,,,,,,,,,,,,,,,,,,,,,,,,,,,,,,,,,,,,,,,,,,,,,,,,,,867.181463500001,None,space,2.672844599997916,867.181463500001,None,astitva,001,2022-04-22_18h04.33.506,ultamatum,2022.1.3,60.33415468277387,
