﻿trials.thisRepN,trials.thisTrialN,trials.thisN,trials.thisIndex,trials_2.thisRepN,trials_2.thisTrialN,trials_2.thisN,trials_2.thisIndex,text_3.started,text_3.stopped,key_resp_3.keys,key_resp_3.rt,key_resp_3.started,key_resp_3.stopped,text.started,text.stopped,Expect.response,Expect.rt,Expect.started,Expect.stopped,text_4.started,text_4.stopped,ExpectedArousal2.response,ExpectedArousal2.rt,ExpectedArousal2.started,ExpectedArousal2.stopped,textBefore.started,textBefore.stopped,text2Before.started,text2Before.stopped,ExpectedValence.response,ExpectedValence.rt,ExpectedValence.started,ExpectedValence.stopped,Frame,offer,Total_Pot,Player1Pot.started,Player1Pot.stopped,Player2Pot.started,Player2Pot.stopped,split.started,split.stopped,AmountToSplit.started,AmountToSplit.stopped,frametext.started,frametext.stopped,key_resp1.keys,key_resp1.rt,key_resp1.started,key_resp1.stopped,wallet_label1.started,wallet_label1.stopped,wallet_label2.started,wallet_label2.stopped,deal_Completed.started,deal_Completed.stopped,text_6.started,text_6.stopped,ArousalAfter.response,ArousalAfter.rt,ArousalAfter.started,ArousalAfter.stopped,ValenceAfter.response,ValenceAfter.rt,ValenceAfter.started,ValenceAfter.stopped,text_7.started,text_7.stopped,text_8.started,text_8.stopped,textT2.started,textT2.stopped,anonytext0498.started,anonytext0498.stopped,anonyExpect.response,anonyExpect.rt,anonyExpect.started,anonyExpect.stopped,textBefore_2.started,textBefore_2.stopped,text2Before_2.started,text2Before_2.stopped,anonyExpectedValence.response,anonyExpectedValence.rt,anonyExpectedValence.started,anonyExpectedValence.stopped,anonyExpectedArousal.response,anonyExpectedArousal.rt,anonyExpectedArousal.started,anonyExpectedArousal.stopped,frametext_2.started,frametext_2.stopped,AmountToSplit_2.started,AmountToSplit_2.stopped,split_2.started,split_2.stopped,Player2Pot_2.started,Player2Pot_2.stopped,Player1Pot_2.started,Player1Pot_2.stopped,key_resp1_2.keys,key_resp1_2.rt,key_resp1_2.started,key_resp1_2.stopped,text_5.started,text_5.stopped,anonyValenceAfter.response,anonyValenceAfter.rt,anonyValenceAfter.started,anonyValenceAfter.stopped,text_9.started,text_9.stopped,text_10.started,text_10.stopped,anonyArousalAfter.response,anonyArousalAfter.rt,anonyArousalAfter.started,anonyArousalAfter.stopped,text_2.started,text_2.stopped,key_resp_2.keys,key_resp_2.rt,key_resp_2.started,key_resp_2.stopped,participant,session,date,expName,psychopyVersion,frameRate,
,,,,,,,,26.28536200000235,None,space,0.5441647000006924,26.28536200000235,None,,,,,,,,,,,,,,,,,,,,,,,,,,,,,,,,,,,,,,,,,,,,,,,,,,,,,,,,,,,,,,,,,,,,,,,,,,,,,,,,,,,,,,,,,,,,,,,,,,,,,,,,,,,,,,,,avinash,001,2022-04-22_18h25.45.104,ultamatum,2022.1.3,60.04913219964646,
0,0,0,0,,,,,,,,,,,26.858627100002195,None,4.766666666666667,1.6643978000029165,27.903064600002836,None,27.903064600002836,None,2.9875,3.84869339999932,29.567886900000303,None,29.567886900000303,None,29.567886900000303,None,3.595833333333333,1.8003054000000702,29.567886900000303,None,I will take,77,23,33.436933200002386,None,33.436933200002386,None,33.436933200002386,None,33.436933200002386,None,33.436933200002386,None,y,3.765784300001542,33.436933200002386,None,33.436933200002386,None,33.436933200002386,None,37.223200200001884,38.2231924000007,38.706909300002735,None,3.7916666666666665,0.7899432000012894,40.73016260000077,None,2.45,1.3544522999982291,40.73016260000077,None,40.73016260000077,None,40.73016260000077,None,,,,,,,,,,,,,,,,,,,,,,,,,,,,,,,,,,,,,,,,,,,,,,,,,,,,,,,avinash,001,2022-04-22_18h25.45.104,ultamatum,2022.1.3,60.04913219964646,
1,0,1,0,,,,,,,,,,,42.0753478000006,None,5.95,1.7045328000021982,43.095680400001584,None,43.095680400001584,None,3.0166666666666666,4.9768275000024005,44.83005480000065,None,44.83005480000065,None,44.83005480000065,None,3.8041666666666667,3.244833100001415,44.83005480000065,None,You will receive,37,23,49.83031029999984,None,49.83031029999984,None,49.83031029999984,None,49.83031029999984,None,49.83031029999984,None,n,2.160167599999113,49.83031029999984,None,49.83031029999984,None,49.83031029999984,None,52.02072450000196,53.020129700002144,53.5051080000012,None,2.895833333333333,2.4471161000001302,55.5394546000025,None,4.004166666666666,3.3103320999980497,55.5394546000025,None,55.5394546000025,None,55.5394546000025,None,,,,,,,,,,,,,,,,,,,,,,,,,,,,,,,,,,,,,,,,,,,,,,,,,,,,,,,avinash,001,2022-04-22_18h25.45.104,ultamatum,2022.1.3,60.04913219964646,
2,0,2,0,,,,,,,,,,,58.842474900000525,None,4.725,1.4229323999970802,59.860276900002646,None,59.860276900002646,None,2.775,2.171684200002346,61.31100940000033,None,61.31100940000033,None,61.31100940000033,None,3.825,1.3078354000026593,61.31100940000033,None,You will receive,40,63,63.496041200000036,None,63.496041200000036,None,63.496041200000036,None,63.496041200000036,None,63.496041200000036,None,y,6.594287299998541,63.496041200000036,None,63.496041200000036,None,63.496041200000036,None,70.11741930000062,71.11823430000004,71.60109340000054,None,2.625,0.5971933000000718,73.61281430000236,None,3.7333333333333334,2.31022369999846,73.61281430000236,None,73.61281430000236,None,73.61281430000236,None,,,,,,,,,,,,,,,,,,,,,,,,,,,,,,,,,,,,,,,,,,,,,,,,,,,,,,,avinash,001,2022-04-22_18h25.45.104,ultamatum,2022.1.3,60.04913219964646,
3,0,3,0,,,,,,,,,,,75.92345130000103,None,5.108333333333333,1.0621515000020736,76.9397710000012,None,76.9397710000012,None,2.8583333333333334,3.248570200001268,78.03146800000104,None,78.03146800000104,None,78.03146800000104,None,3.7958333333333334,0.9944303999982367,78.03146800000104,None,You will receive,20,63,81.30284229999961,None,81.30284229999961,None,81.30284229999961,None,81.30284229999961,None,81.30284229999961,None,n,1.4341276999984984,81.30284229999961,None,81.30284229999961,None,81.30284229999961,None,82.76604260000022,83.76595810000072,84.25021930000003,None,2.175,1.0608345000000554,86.28000950000205,None,3.9458333333333333,1.8983836999977939,86.28000950000205,None,86.28000950000205,None,86.28000950000205,None,,,,,,,,,,,,,,,,,,,,,,,,,,,,,,,,,,,,,,,,,,,,,,,,,,,,,,,avinash,001,2022-04-22_18h25.45.104,ultamatum,2022.1.3,60.04913219964646,
4,0,4,0,,,,,,,,,,,88.17900400000144,None,4.941666666666666,1.4305734999979904,89.18746720000127,None,89.18746720000127,None,2.75,1.5309577000007266,90.64609019999989,None,90.64609019999989,None,90.64609019999989,None,3.654166666666667,0.8415440000026138,90.64609019999989,None,I will take,59,137,92.18736340000032,None,92.18736340000032,None,92.18736340000032,None,92.18736340000032,None,92.18736340000032,None,y,1.483940400001302,92.18736340000032,None,92.18736340000032,None,92.18736340000032,None,93.69702790000156,94.69674740000119,95.18011040000056,None,1.6541666666666666,1.3670351000000664,97.20762540000214,None,4.691666666666666,2.0885531999992963,97.20762540000214,None,97.20762540000214,None,97.20762540000214,None,,,,,,,,,,,,,,,,,,,,,,,,,,,,,,,,,,,,,,,,,,,,,,,,,,,,,,,avinash,001,2022-04-22_18h25.45.104,ultamatum,2022.1.3,60.04913219964646,
,,,,0,0,0,0,,,,,,,,,,,,,,,,,,,,,,,,,,,You will receive,40,177,,,,,,,,,,,,,,,,,,,140.23812010000256,141.23939600000085,141.72240910000255,None,,,,,,,,,,,,,99.29298860000199,None,100.31172640000295,None,4.0,34.658471999999165,100.31172640000295,None,134.97833750000063,None,134.97833750000063,None,3.8291666666666666,1.1627618999991682,134.97833750000063,None,3.0458333333333334,2.3443576999998186,134.97833750000063,None,137.3717340000003,None,137.3717340000003,None,137.3717340000003,None,137.3717340000003,None,137.3717340000003,None,y,2.841294599998946,137.3717340000003,None,137.3717340000003,None,4.216666666666667,2.115033999998559,143.72584579999966,None,143.72584579999966,None,143.72584579999966,None,3.1041666666666665,0.5794843000003311,143.72584579999966,None,,,,,,,avinash,001,2022-04-22_18h25.45.104,ultamatum,2022.1.3,60.04913219964646,
,,,,1,0,1,0,,,,,,,,,,,,,,,,,,,,,,,,,,,I will take,37,240,,,,,,,,,,,,,,,,,,,154.8852947000014,155.88567390000026,156.36851949999982,None,,,,,,,,,,,,,145.85345470000175,None,146.862068800001,None,4.916666666666666,1.0603420000006736,146.862068800001,None,147.93735590000142,None,147.93735590000142,None,3.8125,1.0173085000024003,147.93735590000142,None,2.3041666666666667,1.6355347000026086,147.93735590000142,None,149.60816590000104,None,149.60816590000104,None,149.60816590000104,None,149.60816590000104,None,149.60816590000104,None,n,5.247978199997306,149.60816590000104,None,149.60816590000104,None,4.183333333333334,1.3653468000011344,158.37133840000024,None,158.37133840000024,None,158.37133840000024,None,2.35,0.7971168000003672,158.37133840000024,None,,,,,,,avinash,001,2022-04-22_18h25.45.104,ultamatum,2022.1.3,60.04913219964646,
,,,,2,0,2,0,,,,,,,,,,,,,,,,,,,,,,,,,,,I will take,10,330,,,,,,,,,,,,,,,,,,,166.21793790000083,167.23426380000092,167.70005350000065,None,,,,,,,,,,,,,159.75187440000082,None,160.7605390000026,None,4.991666666666667,1.235599399999046,160.7605390000026,None,162.0102552999997,None,162.0102552999997,None,3.8041666666666667,0.6896522999995796,162.0102552999997,None,3.0208333333333335,2.2544682000007015,162.0102552999997,None,164.29029500000252,None,164.29029500000252,None,164.29029500000252,None,164.29029500000252,None,164.29029500000252,None,n,1.9049955999980739,164.29029500000252,None,164.29029500000252,None,4.070833333333333,1.3834348999989743,169.69937140000184,None,169.69937140000184,None,169.69937140000184,None,1.9583333333333333,0.731785599997238,169.69937140000184,None,,,,,,,avinash,001,2022-04-22_18h25.45.104,ultamatum,2022.1.3,60.04913219964646,
,,,,3,0,3,0,,,,,,,,,,,,,,,,,,,,,,,,,,,I will take,30,400,,,,,,,,,,,,,,,,,,,177.46465770000214,178.46447330000228,178.94862510000166,None,,,,,,,,,,,,,171.09947360000297,None,172.10588610000195,None,6.075,1.3183540000027278,172.10588610000195,None,173.439286300003,None,173.439286300003,None,3.7958333333333334,1.1100487999974575,173.439286300003,None,2.8708333333333336,2.375204100000701,173.439286300003,None,175.83580160000201,None,175.83580160000201,None,175.83580160000201,None,175.83580160000201,None,175.83580160000201,None,n,1.6012382000008074,175.83580160000201,None,175.83580160000201,None,3.8041666666666667,1.2150419000026886,180.94849450000038,None,180.94849450000038,None,180.94849450000038,None,1.925,0.5654229000028863,180.94849450000038,None,,,,,,,avinash,001,2022-04-22_18h25.45.104,ultamatum,2022.1.3,60.04913219964646,
,,,,4,0,4,0,,,,,,,,,,,,,,,,,,,,,,,,,,,I will take,26,474,,,,,,,,,,,,,,,,,,,188.84612600000037,189.84559190000073,190.3303674000017,None,,,,,,,,,,,,,182.18219110000064,None,183.2038274000006,None,4.95,2.2932599000014307,183.2038274000006,None,185.51390309999988,None,185.51390309999988,None,3.8958333333333335,1.2004105000014533,185.51390309999988,None,3.0791666666666666,1.9486933000007411,185.51390309999988,None,187.48272139999972,None,187.48272139999972,None,187.48272139999972,None,187.48272139999972,None,187.48272139999972,None,n,1.3312168999982532,187.48272139999972,None,187.48272139999972,None,4.004166666666666,2.146642499999871,192.34869660000186,None,192.34869660000186,None,192.34869660000186,None,2.0875,1.1122634999992442,192.34869660000186,None,,,,,,,avinash,001,2022-04-22_18h25.45.104,ultamatum,2022.1.3,60.04913219964646,
,,,,,,,,,,,,,,,,,,,,,,,,,,,,,,,,,,,,,,,,,,,,,,,,,,,,,,,,,,,,,,,,,,,,,,,,,,,,,,,,,,,,,,,,,,,,,,,,,,,,,,,,,,,,,,,,,,,,,,,194.51472920000015,None,space,1.6715957000014896,194.51472920000015,None,avinash,001,2022-04-22_18h25.45.104,ultamatum,2022.1.3,60.04913219964646,
