﻿trials.thisRepN,trials.thisTrialN,trials.thisN,trials.thisIndex,trials_2.thisRepN,trials_2.thisTrialN,trials_2.thisN,trials_2.thisIndex,text_3.started,text_3.stopped,key_resp_3.keys,key_resp_3.rt,key_resp_3.started,key_resp_3.stopped,text.started,text.stopped,Expect.response,Expect.rt,Expect.started,Expect.stopped,text_4.started,text_4.stopped,ExpectedArousal2.response,ExpectedArousal2.rt,ExpectedArousal2.started,ExpectedArousal2.stopped,textBefore.started,textBefore.stopped,text2Before.started,text2Before.stopped,ExpectedValence.response,ExpectedValence.rt,ExpectedValence.started,ExpectedValence.stopped,Frame,offer,Total_Pot,Player1Pot.started,Player1Pot.stopped,Player2Pot.started,Player2Pot.stopped,split.started,split.stopped,AmountToSplit.started,AmountToSplit.stopped,frametext.started,frametext.stopped,key_resp1.keys,key_resp1.rt,key_resp1.started,key_resp1.stopped,wallet_label1.started,wallet_label1.stopped,wallet_label2.started,wallet_label2.stopped,deal_Completed.started,deal_Completed.stopped,text_6.started,text_6.stopped,ArousalAfter.response,ArousalAfter.rt,ArousalAfter.started,ArousalAfter.stopped,ValenceAfter.response,ValenceAfter.rt,ValenceAfter.started,ValenceAfter.stopped,text_7.started,text_7.stopped,text_8.started,text_8.stopped,textT2.started,textT2.stopped,anonytext0498.started,anonytext0498.stopped,anonyExpect.response,anonyExpect.rt,anonyExpect.started,anonyExpect.stopped,textBefore_2.started,textBefore_2.stopped,text2Before_2.started,text2Before_2.stopped,anonyExpectedValence.response,anonyExpectedValence.rt,anonyExpectedValence.started,anonyExpectedValence.stopped,anonyExpectedArousal.response,anonyExpectedArousal.rt,anonyExpectedArousal.started,anonyExpectedArousal.stopped,frametext_2.started,frametext_2.stopped,AmountToSplit_2.started,AmountToSplit_2.stopped,split_2.started,split_2.stopped,Player2Pot_2.started,Player2Pot_2.stopped,Player1Pot_2.started,Player1Pot_2.stopped,key_resp1_2.keys,key_resp1_2.rt,key_resp1_2.started,key_resp1_2.stopped,text_5.started,text_5.stopped,anonyValenceAfter.response,anonyValenceAfter.rt,anonyValenceAfter.started,anonyValenceAfter.stopped,text_9.started,text_9.stopped,text_10.started,text_10.stopped,anonyArousalAfter.response,anonyArousalAfter.rt,anonyArousalAfter.started,anonyArousalAfter.stopped,text_2.started,text_2.stopped,key_resp_2.keys,key_resp_2.rt,key_resp_2.started,key_resp_2.stopped,participant,session,date,expName,psychopyVersion,frameRate,
,,,,,,,,28.141823599999995,None,space,1.5028571000000142,28.141823599999995,None,,,,,,,,,,,,,,,,,,,,,,,,,,,,,,,,,,,,,,,,,,,,,,,,,,,,,,,,,,,,,,,,,,,,,,,,,,,,,,,,,,,,,,,,,,,,,,,,,,,,,,,,,,,,,,,,Dinesh Mahala,001,2022-04-22_19h40.56.523,ultamatum,2022.1.3,60.21390387211467,
0,0,0,0,,,,,,,,,,,29.663161099999996,None,2.433333333333333,5.089733800000005,30.730637399999992,None,30.730637399999992,None,1.7166666666666666,9.44160909999998,35.7992155,None,35.7992155,None,35.7992155,None,3.5208333333333335,3.1125457999999924,35.7992155,None,I will take,26,0,45.2682592,None,45.2682592,None,45.2682592,None,45.2682592,None,45.2682592,None,n,3.2412825000000254,45.2682592,None,45.2682592,None,45.2682592,None,48.545532800000004,49.55419769999999,50.02119359999999,None,2.225,3.4309676999999965,52.09701679999999,None,3.7541666666666664,7.383627899999993,52.09701679999999,None,52.09701679999999,None,52.09701679999999,None,,,,,,,,,,,,,,,,,,,,,,,,,,,,,,,,,,,,,,,,,,,,,,,,,,,,,,,Dinesh Mahala,001,2022-04-22_19h40.56.523,ultamatum,2022.1.3,60.21390387211467,
1,0,1,0,,,,,,,,,,,59.48515669999999,None,1.35,3.1044875000000047,60.62549249999999,None,60.62549249999999,None,3.0083333333333333,11.970057800000006,63.7783639,None,63.7783639,None,63.7783639,None,3.3125,4.099919700000015,63.7783639,None,I will take,20,0,75.77245849999998,None,75.77245849999998,None,75.77245849999998,None,75.77245849999998,None,75.77245849999998,None,n,3.6380433000000068,75.77245849999998,None,75.77245849999998,None,75.77245849999998,None,79.43046019999998,80.43089239999999,80.9143811,None,1.6,4.119001800000007,82.965905,None,4.720833333333333,7.305703200000011,82.965905,None,82.965905,None,82.965905,None,,,,,,,,,,,,,,,,,,,,,,,,,,,,,,,,,,,,,,,,,,,,,,,,,,,,,,,Dinesh Mahala,001,2022-04-22_19h40.56.523,ultamatum,2022.1.3,60.21390387211467,
2,0,2,0,,,,,,,,,,,90.2844842,None,5.433333333333334,3.839311400000014,91.35017649999999,None,91.35017649999999,None,2.220833333333333,6.710607100000004,95.2005864,None,95.2005864,None,95.2005864,None,4.225,4.293407599999995,95.2005864,None,You will receive,30,0,101.91527029999999,None,101.91527029999999,None,101.91527029999999,None,101.91527029999999,None,101.91527029999999,None,n,6.113843200000005,101.91527029999999,None,101.91527029999999,None,101.91527029999999,None,108.0614615,109.0763385,109.54343300000001,None,1.2916666666666667,15.778982000000013,111.56283799999999,None,3.8541666666666665,18.856478099999975,111.56283799999999,None,111.56283799999999,None,111.56283799999999,None,,,,,,,,,,,,,,,,,,,,,,,,,,,,,,,,,,,,,,,,,,,,,,,,,,,,,,,Dinesh Mahala,001,2022-04-22_19h40.56.523,ultamatum,2022.1.3,60.21390387211467,
3,0,3,0,,,,,,,,,,,130.41227880000002,None,7.291666666666666,5.011828899999983,131.4247451,None,131.4247451,None,1.7,5.7488823000000195,136.46329179999998,None,136.46329179999998,None,136.46329179999998,None,4.525,2.267126899999994,136.46329179999998,None,I will take,10,0,142.2470862,None,142.2470862,None,142.2470862,None,142.2470862,None,142.2470862,None,n,3.553134600000007,142.2470862,None,142.2470862,None,142.2470862,None,145.82419620000002,146.82402580000002,147.30767409999999,None,1.0708333333333333,2.4762322999999924,149.330764,None,4.920833333333333,5.293674199999998,149.330764,None,149.330764,None,149.330764,None,,,,,,,,,,,,,,,,,,,,,,,,,,,,,,,,,,,,,,,,,,,,,,,,,,,,,,,Dinesh Mahala,001,2022-04-22_19h40.56.523,ultamatum,2022.1.3,60.21390387211467,
4,0,4,0,,,,,,,,,,,154.61329089999998,None,4.0,9.323897400000021,155.6330615,None,155.6330615,None,2.25,7.330821500000013,164.9871867,None,164.9871867,None,164.9871867,None,3.845833333333333,4.517968799999949,164.9871867,None,You will receive,59,40,172.33060439999997,None,172.33060439999997,None,172.33060439999997,None,172.33060439999997,None,172.33060439999997,None,y,2.954224499999995,172.33060439999997,None,172.33060439999997,None,172.33060439999997,None,175.3017425,176.3019602,176.78611339999998,None,3.0375,2.2784268999999995,178.81163809999998,None,3.0,7.245082000000025,178.81163809999998,None,178.81163809999998,None,178.81163809999998,None,,,,,,,,,,,,,,,,,,,,,,,,,,,,,,,,,,,,,,,,,,,,,,,,,,,,,,,Dinesh Mahala,001,2022-04-22_19h40.56.523,ultamatum,2022.1.3,60.21390387211467,
,,,,0,0,0,0,,,,,,,,,,,,,,,,,,,,,,,,,,,I will take,85,55,,,,,,,,,,,,,,,,,,,205.4468736,206.44693669999998,206.9306884,None,,,,,,,,,,,,,186.0586927,None,187.11857369999996,None,6.708333333333333,8.422942799999987,187.11857369999996,None,195.54905729999996,None,195.54905729999996,None,3.7958333333333334,2.604986999999994,195.54905729999996,None,2.1083333333333334,4.802018700000019,195.54905729999996,None,200.39808969999996,None,200.39808969999996,None,200.39808969999996,None,200.39808969999996,None,200.39808969999996,None,y,5.033030700000026,200.39808969999996,None,200.39808969999996,None,1,3.833480399999985,208.94249489999999,None,208.94249489999999,None,208.94249489999999,None,5,1.7814639000000057,208.94249489999999,None,,,,,,,Dinesh Mahala,001,2022-04-22_19h40.56.523,ultamatum,2022.1.3,60.21390387211467,
,,,,1,0,1,0,,,,,,,,,,,,,,,,,,,,,,,,,,,I will take,20,135,,,,,,,,,,,,,,,,,,,230.1451945,231.1570575,231.62410699999998,None,,,,,,,,,,,,,212.7830148,None,213.830553,None,1.3666666666666667,2.8151325000000043,213.830553,None,216.67950679999996,None,216.67950679999996,None,2.979166666666667,2.8982815999999616,216.67950679999996,None,3.0166666666666666,4.839978599999995,216.67950679999996,None,221.5368135,None,221.5368135,None,221.5368135,None,221.5368135,None,221.5368135,None,y,8.586982700000007,221.5368135,None,221.5368135,None,3.175,4.314605900000004,233.6482557,None,233.6482557,None,233.6482557,None,3.1958333333333333,1.9070687999999905,233.6482557,None,,,,,,,Dinesh Mahala,001,2022-04-22_19h40.56.523,ultamatum,2022.1.3,60.21390387211467,
,,,,2,0,2,0,,,,,,,,,,,,,,,,,,,,,,,,,,,You will receive,40,175,,,,,,,,,,,,,,,,,,,256.4165701,257.416404,257.8999399,None,,,,,,,,,,,,,237.9784849,None,239.02331699999996,None,6.033333333333333,6.068509899999981,239.02331699999996,None,245.1002863,None,245.1002863,None,4.125,2.139397400000007,245.1002863,None,1.1666666666666667,8.935013000000026,245.1002863,None,254.0547183,None,254.0547183,None,254.0547183,None,254.0547183,None,254.0547183,None,y,2.3423835000000253,254.0547183,None,254.0547183,None,3.175,8.685114999999996,259.9112523,None,259.9112523,None,259.9112523,None,2.5458333333333334,6.186618499999952,259.9112523,None,,,,,,,Dinesh Mahala,001,2022-04-22_19h40.56.523,ultamatum,2022.1.3,60.21390387211467,
,,,,3,0,3,0,,,,,,,,,,,,,,,,,,,,,,,,,,,You will receive,77,252,,,,,,,,,,,,,,,,,,,313.78819669999996,314.7884406,315.2722099,None,,,,,,,,,,,,,268.60411039999997,None,269.6105265,None,6.525,5.549628299999995,269.6105265,None,275.178514,None,275.178514,None,3.595833333333333,34.47554289999999,275.178514,None,3.05,36.69091180000004,275.178514,None,311.89460479999997,None,311.89460479999997,None,311.89460479999997,None,311.89460479999997,None,311.89460479999997,None,y,1.8688987999999966,311.89460479999997,None,311.89460479999997,None,1.8,5.000214200000016,317.2816003,None,317.2816003,None,317.2816003,None,4.670833333333333,2.7818858999999634,317.2816003,None,,,,,,,Dinesh Mahala,001,2022-04-22_19h40.56.523,ultamatum,2022.1.3,60.21390387211467,
,,,,4,0,4,0,,,,,,,,,,,,,,,,,,,,,,,,,,,You will receive,50,302,,,,,,,,,,,,,,,,,,,334.3131191,335.313223,335.7967331,None,,,,,,,,,,,,,322.2914571,None,323.2998295,None,8.075,3.8281099000000154,323.2998295,None,327.1411174,None,327.1411174,None,3.8291666666666666,3.686154400000021,327.1411174,None,2.2083333333333335,5.301673400000027,327.1411174,None,332.4648041,None,332.4648041,None,332.4648041,None,332.4648041,None,332.4648041,None,y,1.8264933999999897,332.4648041,None,332.4648041,None,2.8375,7.23516989999996,337.80965199999997,None,337.80965199999997,None,337.80965199999997,None,3.225,3.5660087999999632,337.80965199999997,None,,,,,,,Dinesh Mahala,001,2022-04-22_19h40.56.523,ultamatum,2022.1.3,60.21390387211467,
,,,,,,,,,,,,,,,,,,,,,,,,,,,,,,,,,,,,,,,,,,,,,,,,,,,,,,,,,,,,,,,,,,,,,,,,,,,,,,,,,,,,,,,,,,,,,,,,,,,,,,,,,,,,,,,,,,,,,,,345.05307799999997,None,space,1.4590556000000419,345.05307799999997,None,Dinesh Mahala,001,2022-04-22_19h40.56.523,ultamatum,2022.1.3,60.21390387211467,
