﻿trials.thisRepN,trials.thisTrialN,trials.thisN,trials.thisIndex,trials_2.thisRepN,trials_2.thisTrialN,trials_2.thisN,trials_2.thisIndex,text_3.started,text_3.stopped,key_resp_3.keys,key_resp_3.rt,key_resp_3.started,key_resp_3.stopped,text.started,text.stopped,Expect.response,Expect.rt,Expect.started,Expect.stopped,text_4.started,text_4.stopped,ExpectedArousal2.response,ExpectedArousal2.rt,ExpectedArousal2.started,ExpectedArousal2.stopped,textBefore.started,textBefore.stopped,text2Before.started,text2Before.stopped,ExpectedValence.response,ExpectedValence.rt,ExpectedValence.started,ExpectedValence.stopped,Frame,offer,Total_Pot,Player1Pot.started,Player1Pot.stopped,Player2Pot.started,Player2Pot.stopped,split.started,split.stopped,AmountToSplit.started,AmountToSplit.stopped,frametext.started,frametext.stopped,key_resp1.keys,key_resp1.rt,key_resp1.started,key_resp1.stopped,wallet_label1.started,wallet_label1.stopped,wallet_label2.started,wallet_label2.stopped,deal_Completed.started,deal_Completed.stopped,text_6.started,text_6.stopped,ArousalAfter.response,ArousalAfter.rt,ArousalAfter.started,ArousalAfter.stopped,ValenceAfter.response,ValenceAfter.rt,ValenceAfter.started,ValenceAfter.stopped,text_7.started,text_7.stopped,text_8.started,text_8.stopped,textT2.started,textT2.stopped,anonytext0498.started,anonytext0498.stopped,anonyExpect.response,anonyExpect.rt,anonyExpect.started,anonyExpect.stopped,textBefore_2.started,textBefore_2.stopped,text2Before_2.started,text2Before_2.stopped,anonyExpectedValence.response,anonyExpectedValence.rt,anonyExpectedValence.started,anonyExpectedValence.stopped,anonyExpectedArousal.response,anonyExpectedArousal.rt,anonyExpectedArousal.started,anonyExpectedArousal.stopped,frametext_2.started,frametext_2.stopped,AmountToSplit_2.started,AmountToSplit_2.stopped,split_2.started,split_2.stopped,Player2Pot_2.started,Player2Pot_2.stopped,Player1Pot_2.started,Player1Pot_2.stopped,key_resp1_2.keys,key_resp1_2.rt,key_resp1_2.started,key_resp1_2.stopped,text_5.started,text_5.stopped,anonyValenceAfter.response,anonyValenceAfter.rt,anonyValenceAfter.started,anonyValenceAfter.stopped,text_9.started,text_9.stopped,text_10.started,text_10.stopped,anonyArousalAfter.response,anonyArousalAfter.rt,anonyArousalAfter.started,anonyArousalAfter.stopped,text_2.started,text_2.stopped,key_resp_2.keys,key_resp_2.rt,key_resp_2.started,key_resp_2.stopped,participant,session,date,expName,psychopyVersion,frameRate,
,,,,,,,,56.89170279999962,None,space,0.5761334999697283,56.89170279999962,None,,,,,,,,,,,,,,,,,,,,,,,,,,,,,,,,,,,,,,,,,,,,,,,,,,,,,,,,,,,,,,,,,,,,,,,,,,,,,,,,,,,,,,,,,,,,,,,,,,,,,,,,,,,,,,,,Dinesh,001,2022-04-22_11h27.10.390,ultamatum,2022.1.3,60.07882341502867,
0,0,0,0,,,,,,,,,,,57.490275499993004,None,5.483333333333333,2.8040635000215843,58.64233990001958,None,58.64233990001958,None,2.841666666666667,2.4343358000041917,61.41367420001188,None,61.41367420001188,None,61.41367420001188,None,3.0375,1.5840797999990173,61.41367420001188,None,You will receive,30,0,63.89261159999296,None,63.89261159999296,None,63.89261159999296,None,63.89261159999296,None,63.89261159999296,None,n,1.7008090000017546,63.89261159999296,None,63.89261159999296,None,63.89261159999296,None,65.6292099999846,66.62018349999562,67.1203035999788,None,2.345833333333333,6.401727500022389,69.25648710003588,None,4.2,7.392807999975048,69.25648710003588,None,69.25648710003588,None,69.25648710003588,None,,,,,,,,,,,,,,,,,,,,,,,,,,,,,,,,,,,,,,,,,,,,,,,,,,,,,,,Dinesh,001,2022-04-22_11h27.10.390,ultamatum,2022.1.3,60.07882341502867,
1,0,1,0,,,,,,,,,,,76.57749250001507,None,4.991666666666667,1.7860639999853447,77.65003530000104,None,77.65003530000104,None,2.9916666666666667,3.386620600009337,79.44603819999611,None,79.44603819999611,None,79.44603819999611,None,3.0125,1.9153395000030287,79.44603819999611,None,You will receive,40,40,82.87913750001462,None,82.87913750001462,None,82.87913750001462,None,82.87913750001462,None,82.87913750001462,None,y,2.5804203000152484,82.87913750001462,None,82.87913750001462,None,82.87913750001462,None,85.48811889998615,86.4884119000053,86.96350040001562,None,2.7416666666666667,3.4787117000087164,89.0554536000127,None,3.841666666666667,4.468092900002375,89.0554536000127,None,89.0554536000127,None,89.0554536000127,None,,,,,,,,,,,,,,,,,,,,,,,,,,,,,,,,,,,,,,,,,,,,,,,,,,,,,,,Dinesh,001,2022-04-22_11h27.10.390,ultamatum,2022.1.3,60.07882341502867,
2,0,2,0,,,,,,,,,,,93.48841240000911,None,5.616666666666667,16.437976300017908,94.56087560002925,None,94.56087560002925,None,2.9958333333333336,8.29059910000069,111.08811980002793,None,111.08811980002793,None,111.08811980002793,None,2.9875,6.77174890000606,111.08811980002793,None,I will take,85,55,119.39744600001723,None,119.39744600001723,None,119.39744600001723,None,119.39744600001723,None,119.39744600001723,None,y,9.360081799968611,119.39744600001723,None,119.39744600001723,None,119.39744600001723,None,128.78636959998403,129.79166330001317,130.26562540000305,None,4.6375,0.7871356999967247,132.36690590000944,None,1.2916666666666667,1.5563472000067122,132.36690590000944,None,132.36690590000944,None,132.36690590000944,None,,,,,,,,,,,,,,,,,,,,,,,,,,,,,,,,,,,,,,,,,,,,,,,,,,,,,,,Dinesh,001,2022-04-22_11h27.10.390,ultamatum,2022.1.3,60.07882341502867,
3,0,3,0,,,,,,,,,,,133.88498179998714,None,5.583333333333333,1.0511058999691159,134.96770360000664,None,134.96770360000664,None,2.575,3.922121600015089,136.01931280002464,None,136.01931280002464,None,136.01931280002464,None,3.15,2.434059699997306,136.01931280002464,None,You will receive,59,114,139.9698170000338,None,139.9698170000338,None,139.9698170000338,None,139.9698170000338,None,139.9698170000338,None,y,1.1795419999980368,139.9698170000338,None,139.9698170000338,None,139.9698170000338,None,141.18217250000453,142.1780877999845,142.66138940001838,None,4.270833333333333,2.6020956999855116,144.76630269997986,None,1.9083333333333334,4.471033099980559,144.76630269997986,None,144.76630269997986,None,144.76630269997986,None,,,,,,,,,,,,,,,,,,,,,,,,,,,,,,,,,,,,,,,,,,,,,,,,,,,,,,,Dinesh,001,2022-04-22_11h27.10.390,ultamatum,2022.1.3,60.07882341502867,
4,0,4,0,,,,,,,,,,,149.18696490000002,None,5.633333333333333,4.595605999988038,150.25795860000653,None,150.25795860000653,None,2.6208333333333336,2.3590354999760166,154.88138450001134,None,154.88138450001134,None,154.88138450001134,None,3.058333333333333,1.5876263999962248,154.88138450001134,None,I will take,50,164,157.287048600032,None,157.287048600032,None,157.287048600032,None,157.287048600032,None,157.287048600032,None,y,1.6903007999644615,157.287048600032,None,157.287048600032,None,157.287048600032,None,159.0119643000071,160.00960759998998,160.48854140000185,None,3.5208333333333335,2.3517815999803133,162.5895055999863,None,2.666666666666667,3.5413160999887623,162.5895055999863,None,162.5895055999863,None,162.5895055999863,None,,,,,,,,,,,,,,,,,,,,,,,,,,,,,,,,,,,,,,,,,,,,,,,,,,,,,,,Dinesh,001,2022-04-22_11h27.10.390,ultamatum,2022.1.3,60.07882341502867,
,,,,0,0,0,0,,,,,,,,,,,,,,,,,,,,,,,,,,,I will take,59,205,,,,,,,,,,,,,,,,,,,175.29139889997896,176.29362090001814,176.76672880002297,None,,,,,,,,,,,,,166.09229689999484,None,167.18435510003474,None,5.816666666666666,1.6142381000099704,167.18435510003474,None,168.80502440000419,None,168.80502440000419,None,3.0833333333333335,0.9089478999958374,168.80502440000419,None,2.529166666666667,1.876854199974332,168.80502440000419,None,170.80109110003104,None,170.80109110003104,None,170.80109110003104,None,170.80109110003104,None,170.80109110003104,None,y,4.445037199999206,170.80109110003104,None,170.80109110003104,None,1.6708333333333334,7.48601500003133,178.82073540001875,None,178.82073540001875,None,178.82073540001875,None,3.9916666666666667,1.5107275000191294,178.82073540001875,None,,,,,,,Dinesh,001,2022-04-22_11h27.10.390,ultamatum,2022.1.3,60.07882341502867,
,,,,1,0,1,0,,,,,,,,,,,,,,,,,,,,,,,,,,,You will receive,37,242,,,,,,,,,,,,,,,,,,,215.93211709999014,216.9361117000226,217.41922729997896,None,,,,,,,,,,,,,186.2910389000317,None,187.36221029999433,None,6.575,4.019757299975026,187.36221029999433,None,191.4152378999861,None,191.4152378999861,None,3.3083333333333336,1.2460520000313409,191.4152378999861,None,2.825,3.9525553000275977,191.4152378999861,None,195.45993220002856,None,195.45993220002856,None,195.45993220002856,None,195.45993220002856,None,195.45993220002856,None,n,20.426223399990704,195.45993220002856,None,195.45993220002856,None,4.5875,5.4129427000298165,219.46860989998095,None,219.46860989998095,None,219.46860989998095,None,3.225,3.6348568000248633,219.46860989998095,None,,,,,,,Dinesh,001,2022-04-22_11h27.10.390,ultamatum,2022.1.3,60.07882341502867,
,,,,2,0,2,0,,,,,,,,,,,,,,,,,,,,,,,,,,,I will take,77,265,,,,,,,,,,,,,,,,,,,232.0267505000229,233.02238700003363,233.5141917000292,None,,,,,,,,,,,,,224.900203600002,None,225.96021300001303,None,4.291666666666666,1.4613945999881253,225.96021300001303,None,227.41152239998337,None,227.41152239998337,None,3.0875,1.5744620999903418,227.41152239998337,None,2.9125,2.496136599977035,227.41152239998337,None,229.9751724000089,None,229.9751724000089,None,229.9751724000089,None,229.9751724000089,None,229.9751724000089,None,y,2.017496199987363,229.9751724000089,None,229.9751724000089,None,1.175,2.772758100007195,235.56332369998563,None,235.56332369998563,None,235.56332369998563,None,4.6625,0.6233109000022523,235.56332369998563,None,,,,,,,Dinesh,001,2022-04-22_11h27.10.390,ultamatum,2022.1.3,60.07882341502867,
,,,,3,0,3,0,,,,,,,,,,,,,,,,,,,,,,,,,,,I will take,85,280,,,,,,,,,,,,,,,,,,,246.20209720003186,247.19916190003278,247.67595780000556,None,,,,,,,,,,,,,238.3533534000162,None,239.42977620003512,None,4.266666666666667,2.7019830999779515,239.42977620003512,None,242.1384729000274,None,242.1384729000274,None,3.0416666666666665,1.5486940999981016,242.1384729000274,None,2.925,2.468866499955766,242.1384729000274,None,244.6609587999992,None,244.6609587999992,None,244.6609587999992,None,244.6609587999992,None,244.6609587999992,None,y,1.5149361999938264,244.6609587999992,None,244.6609587999992,None,1.0,5.291725100018084,249.72326699999394,None,249.72326699999394,None,249.72326699999394,None,4.866666666666667,1.1725662999670021,249.72326699999394,None,,,,,,,Dinesh,001,2022-04-22_11h27.10.390,ultamatum,2022.1.3,60.07882341502867,
,,,,4,0,4,0,,,,,,,,,,,,,,,,,,,,,,,,,,,You will receive,26,306,,,,,,,,,,,,,,,,,,,262.4978606000077,263.49706999998307,263.9871297000209,None,,,,,,,,,,,,,255.00487429997884,None,256.0739434999996,None,5.191666666666666,1.6958854999975301,256.0739434999996,None,257.7836098999833,None,257.7836098999833,None,3.125,1.2421264000004157,257.7836098999833,None,2.7,2.487982999999076,257.7836098999833,None,260.3318845999893,None,260.3318845999893,None,260.3318845999893,None,260.3318845999893,None,260.3318845999893,None,n,2.1314479000284337,260.3318845999893,None,260.3318845999893,None,4.654166666666667,5.248386899998877,266.0374617000343,None,266.0374617000343,None,266.0374617000343,None,3.3375,0.9757799000362866,266.0374617000343,None,,,,,,,Dinesh,001,2022-04-22_11h27.10.390,ultamatum,2022.1.3,60.07882341502867,
,,,,,,,,,,,,,,,,,,,,,,,,,,,,,,,,,,,,,,,,,,,,,,,,,,,,,,,,,,,,,,,,,,,,,,,,,,,,,,,,,,,,,,,,,,,,,,,,,,,,,,,,,,,,,,,,,,,,,,,271.2699731999892,None,space,8.722314200014807,271.2699731999892,None,Dinesh,001,2022-04-22_11h27.10.390,ultamatum,2022.1.3,60.07882341502867,
