﻿trials.thisRepN,trials.thisTrialN,trials.thisN,trials.thisIndex,trials_2.thisRepN,trials_2.thisTrialN,trials_2.thisN,trials_2.thisIndex,text_3.started,text_3.stopped,key_resp_3.keys,key_resp_3.rt,key_resp_3.started,key_resp_3.stopped,text.started,text.stopped,Expect.response,Expect.rt,Expect.started,Expect.stopped,text_4.started,text_4.stopped,ExpectedArousal2.response,ExpectedArousal2.rt,ExpectedArousal2.started,ExpectedArousal2.stopped,textBefore.started,textBefore.stopped,text2Before.started,text2Before.stopped,ExpectedValence.response,ExpectedValence.rt,ExpectedValence.started,ExpectedValence.stopped,Frame,offer,Total_Pot,Player1Pot.started,Player1Pot.stopped,Player2Pot.started,Player2Pot.stopped,split.started,split.stopped,AmountToSplit.started,AmountToSplit.stopped,frametext.started,frametext.stopped,key_resp1.keys,key_resp1.rt,key_resp1.started,key_resp1.stopped,wallet_label1.started,wallet_label1.stopped,wallet_label2.started,wallet_label2.stopped,deal_Completed.started,deal_Completed.stopped,text_6.started,text_6.stopped,ArousalAfter.response,ArousalAfter.rt,ArousalAfter.started,ArousalAfter.stopped,ValenceAfter.response,ValenceAfter.rt,ValenceAfter.started,ValenceAfter.stopped,text_7.started,text_7.stopped,text_8.started,text_8.stopped,textT2.started,textT2.stopped,anonytext0498.started,anonytext0498.stopped,anonyExpect.response,anonyExpect.rt,anonyExpect.started,anonyExpect.stopped,textBefore_2.started,textBefore_2.stopped,text2Before_2.started,text2Before_2.stopped,anonyExpectedValence.response,anonyExpectedValence.rt,anonyExpectedValence.started,anonyExpectedValence.stopped,anonyExpectedArousal.response,anonyExpectedArousal.rt,anonyExpectedArousal.started,anonyExpectedArousal.stopped,frametext_2.started,frametext_2.stopped,AmountToSplit_2.started,AmountToSplit_2.stopped,split_2.started,split_2.stopped,Player2Pot_2.started,Player2Pot_2.stopped,Player1Pot_2.started,Player1Pot_2.stopped,key_resp1_2.keys,key_resp1_2.rt,key_resp1_2.started,key_resp1_2.stopped,text_5.started,text_5.stopped,anonyValenceAfter.response,anonyValenceAfter.rt,anonyValenceAfter.started,anonyValenceAfter.stopped,text_9.started,text_9.stopped,text_10.started,text_10.stopped,anonyArousalAfter.response,anonyArousalAfter.rt,anonyArousalAfter.started,anonyArousalAfter.stopped,text_2.started,text_2.stopped,key_resp_2.keys,key_resp_2.rt,key_resp_2.started,key_resp_2.stopped,participant,session,date,expName,psychopyVersion,frameRate,
,,,,,,,,31.577727399999958,None,space,3.989791299999979,31.577727399999958,None,,,,,,,,,,,,,,,,,,,,,,,,,,,,,,,,,,,,,,,,,,,,,,,,,,,,,,,,,,,,,,,,,,,,,,,,,,,,,,,,,,,,,,,,,,,,,,,,,,,,,,,,,,,,,,,,gaurav,001,2022-04-22_12h36.56.699,ultamatum,2022.1.3,59.58151138037589,
0,0,0,0,,,,,,,,,,,35.588303100000076,None,5.275,1.3070339000000786,36.633672899999965,None,36.633672899999965,None,2.9916666666666667,3.440721100000019,37.946978100000024,None,37.946978100000024,None,37.946978100000024,None,3.279166666666667,1.6454490999999507,37.946978100000024,None,You will receive,85,85,41.40768589999993,None,41.40768589999993,None,41.40768589999993,None,41.40768589999993,None,41.40768589999993,None,y,1.833196899999848,41.40768589999993,None,41.40768589999993,None,41.40768589999993,None,43.26999969999997,44.26950869999996,44.75303770000005,None,4.525,0.7457753999999568,46.78090320000001,None,2.3166666666666664,3.6840491000000384,46.78090320000001,None,46.78090320000001,None,46.78090320000001,None,,,,,,,,,,,,,,,,,,,,,,,,,,,,,,,,,,,,,,,,,,,,,,,,,,,,,,,gaurav,001,2022-04-22_12h36.56.699,ultamatum,2022.1.3,59.58151138037589,
1,0,1,0,,,,,,,,,,,50.45178150000015,None,5.05,1.1953891999999087,51.45779779999998,None,51.45779779999998,None,3.066666666666667,5.914677299999994,52.679386799999975,None,52.679386799999975,None,52.679386799999975,None,3.720833333333333,3.535154200000079,52.679386799999975,None,I will take,26,159,58.629757100000006,None,58.629757100000006,None,58.629757100000006,None,58.629757100000006,None,58.629757100000006,None,y,1.4987421999999242,58.629757100000006,None,58.629757100000006,None,58.629757100000006,None,60.14934910000011,61.150239400000146,61.633578899999975,None,4.35,0.7033215000001292,63.65110219999997,None,2.1166666666666667,1.6585211999999956,63.65110219999997,None,63.65110219999997,None,63.65110219999997,None,,,,,,,,,,,,,,,,,,,,,,,,,,,,,,,,,,,,,,,,,,,,,,,,,,,,,,,gaurav,001,2022-04-22_12h36.56.699,ultamatum,2022.1.3,59.58151138037589,
2,0,2,0,,,,,,,,,,,65.30718230000002,None,4.991666666666667,1.594857200000206,66.32888330000014,None,66.32888330000014,None,2.9916666666666667,4.917142600000034,67.95218739999996,None,67.95218739999996,None,67.95218739999996,None,4.004166666666666,2.1907321999999567,67.95218739999996,None,I will take,37,159,72.89397800000006,None,72.89397800000006,None,72.89397800000006,None,72.89397800000006,None,72.89397800000006,None,n,4.604838499999914,72.89397800000006,None,72.89397800000006,None,72.89397800000006,None,77.53168340000002,78.54678310000008,79.0140527000001,None,2.0541666666666667,0.8196301999998923,81.03352590000009,None,4.033333333333333,2.3037005999999565,81.03352590000009,None,81.03352590000009,None,81.03352590000009,None,,,,,,,,,,,,,,,,,,,,,,,,,,,,,,,,,,,,,,,,,,,,,,,,,,,,,,,gaurav,001,2022-04-22_12h36.56.699,ultamatum,2022.1.3,59.58151138037589,
3,0,3,0,,,,,,,,,,,83.33496530000002,None,4.966666666666667,5.065930900000012,84.35496560000001,None,84.35496560000001,None,3.0,2.7688642000000527,89.45382990000007,None,89.45382990000007,None,89.45382990000007,None,4.0,1.6571338999999625,89.45382990000007,None,You will receive,20,159,92.23990960000015,None,92.23990960000015,None,92.23990960000015,None,92.23990960000015,None,92.23990960000015,None,n,1.9639292999997906,92.23990960000015,None,92.23990960000015,None,92.23990960000015,None,94.22726499999999,95.22729589999994,95.71104560000003,None,2.225,0.7654509000001326,97.72346330000005,None,4.458333333333333,1.684644599999956,97.72346330000005,None,97.72346330000005,None,97.72346330000005,None,,,,,,,,,,,,,,,,,,,,,,,,,,,,,,,,,,,,,,,,,,,,,,,,,,,,,,,gaurav,001,2022-04-22_12h36.56.699,ultamatum,2022.1.3,59.58151138037589,
4,0,4,0,,,,,,,,,,,99.40698700000007,None,4.0,3.8317147000000205,100.41751799999997,None,100.41751799999997,None,2.8625,6.028937100000121,104.28172560000007,None,104.28172560000007,None,104.28172560000007,None,3.7666666666666666,2.567385999999942,104.28172560000007,None,You will receive,30,209,110.32353770000009,None,110.32353770000009,None,110.32353770000009,None,110.32353770000009,None,110.32353770000009,None,y,1.5069529999998394,110.32353770000009,None,110.32353770000009,None,110.32353770000009,None,111.85702979999996,112.85788709999997,113.3409514,None,4.25,0.8043462000000545,115.35499470000013,None,2.1958333333333333,1.5599647000001369,115.35499470000013,None,115.35499470000013,None,115.35499470000013,None,,,,,,,,,,,,,,,,,,,,,,,,,,,,,,,,,,,,,,,,,,,,,,,,,,,,,,,gaurav,001,2022-04-22_12h36.56.699,ultamatum,2022.1.3,59.58151138037589,
,,,,0,0,0,0,,,,,,,,,,,,,,,,,,,,,,,,,,,You will receive,26,235,,,,,,,,,,,,,,,,,,,125.1222421,126.12159250000013,126.60510650000015,None,,,,,,,,,,,,,116.9210336000001,None,117.94312500000001,None,6.008333333333333,2.532355800000005,117.94312500000001,None,120.48306980000007,None,120.48306980000007,None,3.8583333333333334,1.1086585000000468,120.48306980000007,None,3.0625,3.1243420000000697,120.48306980000007,None,123.6528601,None,123.6528601,None,123.6528601,None,123.6528601,None,123.6528601,None,n,1.4434674999997696,123.6528601,None,123.6528601,None,3.8041666666666667,2.2464285999999447,128.62778400000002,None,128.62778400000002,None,128.62778400000002,None,2.1208333333333336,0.6298080999999911,128.62778400000002,None,,,,,,,gaurav,001,2022-04-22_12h36.56.699,ultamatum,2022.1.3,59.58151138037589,
,,,,1,0,1,0,,,,,,,,,,,,,,,,,,,,,,,,,,,I will take,77,258,,,,,,,,,,,,,,,,,,,139.069567,140.08438950000004,140.5519008000001,None,,,,,,,,,,,,,130.8873595,None,131.8944722000001,None,6.025,2.957042999999885,131.8944722000001,None,134.86557859999994,None,134.86557859999994,None,3.9166666666666665,1.9719343999997818,134.86557859999994,None,2.3375,2.8862977999999657,134.86557859999994,None,137.7751095000001,None,137.7751095000001,None,137.7751095000001,None,137.7751095000001,None,137.7751095000001,None,n,1.2729827999999088,137.7751095000001,None,137.7751095000001,None,4.483333333333333,0.715385200000128,142.55266959999994,None,142.55266959999994,None,142.55266959999994,None,None,None,142.55266959999994,None,,,,,,,gaurav,001,2022-04-22_12h36.56.699,ultamatum,2022.1.3,59.58151138037589,
,,,,2,0,2,0,,,,,,,,,,,,,,,,,,,,,,,,,,,You will receive,85,343,,,,,,,,,,,,,,,,,,,170.21280720000004,171.21250510000004,171.6953853,None,,,,,,,,,,,,,143.28496900000005,None,144.3073743,None,4.041666666666666,21.96639029999983,144.3073743,None,166.28827649999994,None,166.28827649999994,None,3.8625,1.257126400000061,166.28827649999994,None,3.0,2.4378745999999865,166.28827649999994,None,168.7588740000001,None,168.7588740000001,None,168.7588740000001,None,168.7588740000001,None,168.7588740000001,None,y,1.428427000000056,168.7588740000001,None,168.7588740000001,None,1.7666666666666666,1.4822217999999339,173.69467710000004,None,173.69467710000004,None,173.69467710000004,None,4.3875,0.8484770000000026,173.69467710000004,None,,,,,,,gaurav,001,2022-04-22_12h36.56.699,ultamatum,2022.1.3,59.58151138037589,
,,,,3,0,3,0,,,,,,,,,,,,,,,,,,,,,,,,,,,I will take,10,433,,,,,,,,,,,,,,,,,,,182.89333740000006,183.89329440000006,184.37694020000004,None,,,,,,,,,,,,,175.19495080000002,None,176.20195890000014,None,3.9416666666666664,2.371014399999922,176.20195890000014,None,178.58653030000005,None,178.58653030000005,None,3.6208333333333336,1.5906442999998944,178.58653030000005,None,2.9958333333333336,2.555315099999916,178.58653030000005,None,181.16978280000012,None,181.16978280000012,None,181.16978280000012,None,181.16978280000012,None,181.16978280000012,None,n,1.6933814999999868,181.16978280000012,None,181.16978280000012,None,4.804166666666667,4.061280499999839,186.38448960000005,None,186.38448960000005,None,186.38448960000005,None,1.5791666666666666,2.9932662999999593,186.38448960000005,None,,,,,,,gaurav,001,2022-04-22_12h36.56.699,ultamatum,2022.1.3,59.58151138037589,
,,,,4,0,4,0,,,,,,,,,,,,,,,,,,,,,,,,,,,I will take,20,513,,,,,,,,,,,,,,,,,,,201.89059270000007,202.88957090000008,203.37435210000012,None,,,,,,,,,,,,,190.45902739999997,None,191.46588910000014,None,6.033333333333333,2.972806300000002,191.46588910000014,None,194.4522793000001,None,194.4522793000001,None,4.1,1.6373085000000174,194.4522793000001,None,2.5583333333333336,2.9693782000001647,194.4522793000001,None,197.44734900000003,None,197.44734900000003,None,197.44734900000003,None,197.44734900000003,None,197.44734900000003,None,n,4.413665599999831,197.44734900000003,None,197.44734900000003,None,4.470833333333333,1.2158011999999871,205.3744388,None,205.3744388,None,205.3744388,None,1.8083333333333333,0.5810073000000102,205.3744388,None,,,,,,,gaurav,001,2022-04-22_12h36.56.699,ultamatum,2022.1.3,59.58151138037589,
,,,,,,,,,,,,,,,,,,,,,,,,,,,,,,,,,,,,,,,,,,,,,,,,,,,,,,,,,,,,,,,,,,,,,,,,,,,,,,,,,,,,,,,,,,,,,,,,,,,,,,,,,,,,,,,,,,,,,,,206.60736670000006,None,space,2.078724199999897,206.60736670000006,None,gaurav,001,2022-04-22_12h36.56.699,ultamatum,2022.1.3,59.58151138037589,
