﻿trials.thisRepN,trials.thisTrialN,trials.thisN,trials.thisIndex,trials_2.thisRepN,trials_2.thisTrialN,trials_2.thisN,trials_2.thisIndex,text_3.started,text_3.stopped,key_resp_3.keys,key_resp_3.rt,key_resp_3.started,key_resp_3.stopped,text.started,text.stopped,Expect.response,Expect.rt,Expect.started,Expect.stopped,text_4.started,text_4.stopped,ExpectedArousal2.response,ExpectedArousal2.rt,ExpectedArousal2.started,ExpectedArousal2.stopped,textBefore.started,textBefore.stopped,text2Before.started,text2Before.stopped,ExpectedValence.response,ExpectedValence.rt,ExpectedValence.started,ExpectedValence.stopped,Frame,offer,Total_Pot,Player1Pot.started,Player1Pot.stopped,Player2Pot.started,Player2Pot.stopped,split.started,split.stopped,AmountToSplit.started,AmountToSplit.stopped,frametext.started,frametext.stopped,key_resp1.keys,key_resp1.rt,key_resp1.started,key_resp1.stopped,wallet_label1.started,wallet_label1.stopped,wallet_label2.started,wallet_label2.stopped,deal_Completed.started,deal_Completed.stopped,text_6.started,text_6.stopped,ArousalAfter.response,ArousalAfter.rt,ArousalAfter.started,ArousalAfter.stopped,ValenceAfter.response,ValenceAfter.rt,ValenceAfter.started,ValenceAfter.stopped,text_7.started,text_7.stopped,text_8.started,text_8.stopped,textT2.started,textT2.stopped,anonytext0498.started,anonytext0498.stopped,anonyExpect.response,anonyExpect.rt,anonyExpect.started,anonyExpect.stopped,textBefore_2.started,textBefore_2.stopped,text2Before_2.started,text2Before_2.stopped,anonyExpectedValence.response,anonyExpectedValence.rt,anonyExpectedValence.started,anonyExpectedValence.stopped,anonyExpectedArousal.response,anonyExpectedArousal.rt,anonyExpectedArousal.started,anonyExpectedArousal.stopped,frametext_2.started,frametext_2.stopped,AmountToSplit_2.started,AmountToSplit_2.stopped,split_2.started,split_2.stopped,Player2Pot_2.started,Player2Pot_2.stopped,Player1Pot_2.started,Player1Pot_2.stopped,key_resp1_2.keys,key_resp1_2.rt,key_resp1_2.started,key_resp1_2.stopped,text_5.started,text_5.stopped,anonyValenceAfter.response,anonyValenceAfter.rt,anonyValenceAfter.started,anonyValenceAfter.stopped,text_9.started,text_9.stopped,text_10.started,text_10.stopped,anonyArousalAfter.response,anonyArousalAfter.rt,anonyArousalAfter.started,anonyArousalAfter.stopped,text_2.started,text_2.stopped,key_resp_2.keys,key_resp_2.rt,key_resp_2.started,key_resp_2.stopped,participant,session,date,expName,psychopyVersion,frameRate,
,,,,,,,,27.860315300000366,None,space,1.2920665999990888,27.860315300000366,None,,,,,,,,,,,,,,,,,,,,,,,,,,,,,,,,,,,,,,,,,,,,,,,,,,,,,,,,,,,,,,,,,,,,,,,,,,,,,,,,,,,,,,,,,,,,,,,,,,,,,,,,,,,,,,,,Hrithik,001,2022-04-22_11h20.36.305,ultamatum,2022.1.3,59.945605369194155,
0,0,0,0,,,,,,,,,,,29.18315330002224,None,5.425,11.715995100035798,30.349779800046235,None,30.349779800046235,None,2.95,2.726248699997086,42.012928000011016,None,42.012928000011016,None,42.012928000011016,None,3.004166666666667,1.6172506000148132,42.012928000011016,None,I will take,59,41,44.785949400044046,None,44.785949400044046,None,44.785949400044046,None,44.785949400044046,None,44.785949400044046,None,y,1.6408775000018068,44.785949400044046,None,44.785949400044046,None,44.785949400044046,None,46.47183490003226,47.47643000003882,47.9601965000038,None,3.9125,0.653113599983044,50.10151330003282,None,2.0583333333333336,1.7965675999876112,50.10151330003282,None,50.10151330003282,None,50.10151330003282,None,,,,,,,,,,,,,,,,,,,,,,,,,,,,,,,,,,,,,,,,,,,,,,,,,,,,,,,Hrithik,001,2022-04-22_11h20.36.305,ultamatum,2022.1.3,59.945605369194155,
1,0,1,0,,,,,,,,,,,51.81569300004048,None,5.333333333333333,6.39709700003732,52.900526400015224,None,52.900526400015224,None,2.8583333333333334,6.655694700020831,59.3031036000466,None,59.3031036000466,None,59.3031036000466,None,3.2958333333333334,5.080106800014619,59.3031036000466,None,You will receive,77,118,66.02302130003227,None,66.02302130003227,None,66.02302130003227,None,66.02302130003227,None,66.02302130003227,None,y,30.428797199972905,66.02302130003227,None,66.02302130003227,None,66.02302130003227,None,96.47657200001413,97.47604850004427,97.95917530002771,None,4.804166666666667,1.982656100008171,100.06646900001215,None,1.0458333333333334,5.800657999992836,100.06646900001215,None,100.06646900001215,None,100.06646900001215,None,,,,,,,,,,,,,,,,,,,,,,,,,,,,,,,,,,,,,,,,,,,,,,,,,,,,,,,Hrithik,001,2022-04-22_11h20.36.305,ultamatum,2022.1.3,59.945605369194155,
2,0,2,0,,,,,,,,,,,105.81441060005454,None,6.008333333333333,5.856317400000989,106.88976830005413,None,106.88976830005413,None,2.5708333333333333,2.9119954999769107,112.75778990000254,None,112.75778990000254,None,112.75778990000254,None,3.2583333333333333,0.894566599978134,112.75778990000254,None,I will take,85,133,115.77078620000975,None,115.77078620000975,None,115.77078620000975,None,115.77078620000975,None,115.77078620000975,None,y,1.612617400009185,115.77078620000975,None,115.77078620000975,None,115.77078620000975,None,117.42232920002425,118.4360558000044,118.90281780000078,None,4.425,1.1953292000107467,121.00583010003902,None,1.2625,3.3950790999806486,121.00583010003902,None,121.00583010003902,None,121.00583010003902,None,,,,,,,,,,,,,,,,,,,,,,,,,,,,,,,,,,,,,,,,,,,,,,,,,,,,,,,Hrithik,001,2022-04-22_11h20.36.305,ultamatum,2022.1.3,59.945605369194155,
3,0,3,0,,,,,,,,,,,124.36916740000015,None,5.5,2.0662577000330202,125.4272692000377,None,125.4272692000377,None,2.529166666666667,3.4287339999573305,127.52001520001795,None,127.52001520001795,None,127.52001520001795,None,3.1,1.194990099989809,127.52001520001795,None,You will receive,40,173,131.026909600012,None,131.026909600012,None,131.026909600012,None,131.026909600012,None,131.026909600012,None,y,2.6473074999521486,131.026909600012,None,131.026909600012,None,131.026909600012,None,133.72082480002427,134.71870150003815,135.19739270000719,None,2.6916666666666664,4.38439380005002,137.30017580004642,None,3.7291666666666665,5.666707399999723,137.30017580004642,None,137.30017580004642,None,137.30017580004642,None,,,,,,,,,,,,,,,,,,,,,,,,,,,,,,,,,,,,,,,,,,,,,,,,,,,,,,,Hrithik,001,2022-04-22_11h20.36.305,ultamatum,2022.1.3,59.945605369194155,
4,0,4,0,,,,,,,,,,,142.92770350002684,None,4.75,3.547614099981729,143.9947735000169,None,143.9947735000169,None,2.8916666666666666,2.5509761000284925,147.5871828000527,None,147.5871828000527,None,147.5871828000527,None,3.091666666666667,0.9326282999827527,147.5871828000527,None,I will take,50,236,150.18639510002686,None,150.18639510002686,None,150.18639510002686,None,150.18639510002686,None,150.18639510002686,None,y,2.695295099983923,150.18639510002686,None,150.18639510002686,None,150.18639510002686,None,152.91737840004498,153.92125650000526,154.39080230001127,None,2.1666666666666665,1.841473100008443,156.49382230004994,None,4.345833333333333,4.776897399977315,156.49382230004994,None,156.49382230004994,None,156.49382230004994,None,,,,,,,,,,,,,,,,,,,,,,,,,,,,,,,,,,,,,,,,,,,,,,,,,,,,,,,Hrithik,001,2022-04-22_11h20.36.305,ultamatum,2022.1.3,59.945605369194155,
,,,,0,0,0,0,,,,,,,,,,,,,,,,,,,,,,,,,,,You will receive,30,266,,,,,,,,,,,,,,,,,,,172.94021290005185,173.93931360001443,174.4172922000289,None,,,,,,,,,,,,,161.2142176000052,None,162.31017550005345,None,5.0,5.330467399966437,162.31017550005345,None,167.61108790000435,None,167.61108790000435,None,3.0125,2.0719550999929197,167.61108790000435,None,2.916666666666667,3.3763545000110753,167.61108790000435,None,171.0932227000012,None,171.0932227000012,None,171.0932227000012,None,171.0932227000012,None,171.0932227000012,None,n,1.812152899976354,171.0932227000012,None,171.0932227000012,None,4.041666666666667,4.9550154999597,176.4698429000564,None,176.4698429000564,None,176.4698429000564,None,2.854166666666667,3.2825333999935538,176.4698429000564,None,,,,,,,Hrithik,001,2022-04-22_11h20.36.305,ultamatum,2022.1.3,59.945605369194155,
,,,,1,0,1,0,,,,,,,,,,,,,,,,,,,,,,,,,,,You will receive,20,286,,,,,,,,,,,,,,,,,,,191.5535362000228,192.54549450002378,193.02773450000677,None,,,,,,,,,,,,,181.40397100005066,None,182.48386210005265,None,6.741666666666667,2.364794199995231,182.48386210005265,None,184.89406280004187,None,184.89406280004187,None,3.1875,3.066399499948602,184.89406280004187,None,2.7625,4.63171849999344,184.89406280004187,None,189.5344336000271,None,189.5344336000271,None,189.5344336000271,None,189.5344336000271,None,189.5344336000271,None,n,1.9852022000122815,189.5344336000271,None,189.5344336000271,None,4.916666666666667,9.54231869999785,195.07808680000016,None,195.07808680000016,None,195.07808680000016,None,1.9291666666666667,1.1166958000394516,195.07808680000016,None,,,,,,,Hrithik,001,2022-04-22_11h20.36.305,ultamatum,2022.1.3,59.945605369194155,
,,,,2,0,2,0,,,,,,,,,,,,,,,,,,,,,,,,,,,I will take,32,354,,,,,,,,,,,,,,,,,,,230.11431990005076,231.1145477000391,231.59751020005206,None,,,,,,,,,,,,,204.6058716000407,None,205.67428370000562,None,4.975,9.666834799980279,205.67428370000562,None,215.3735765000456,None,215.3735765000456,None,3.1791666666666667,1.5470172999775968,215.3735765000456,None,2.9291666666666667,2.528700699971523,215.3735765000456,None,217.94836440001382,None,217.94836440001382,None,217.94836440001382,None,217.94836440001382,None,217.94836440001382,None,n,12.128094299987424,217.94836440001382,None,217.94836440001382,None,3.9208333333333334,11.580702500010375,233.6440583000076,None,233.6440583000076,None,233.6440583000076,None,3.1166666666666667,3.6238577000331134,233.6440583000076,None,,,,,,,Hrithik,001,2022-04-22_11h20.36.305,ultamatum,2022.1.3,59.945605369194155,
,,,,3,0,3,0,,,,,,,,,,,,,,,,,,,,,,,,,,,You will receive,59,413,,,,,,,,,,,,,,,,,,,254.49199050001334,255.48383810004452,255.97287910000887,None,,,,,,,,,,,,,245.21842010004912,None,246.30313170002773,None,5.391666666666667,2.3944244000012986,246.30313170002773,None,248.67735310003627,None,248.67735310003627,None,3.029166666666667,1.2362358999671414,248.67735310003627,None,3.0708333333333333,2.5139509000000544,248.67735310003627,None,251.25356910005212,None,251.25356910005212,None,251.25356910005212,None,251.25356910005212,None,251.25356910005212,None,y,3.2026417999877594,251.25356910005212,None,251.25356910005212,None,1.7791666666666666,10.564446700038388,258.0214844000293,None,258.0214844000293,None,258.0214844000293,None,4.579166666666667,2.7340710000135005,258.0214844000293,None,,,,,,,Hrithik,001,2022-04-22_11h20.36.305,ultamatum,2022.1.3,59.945605369194155,
,,,,4,0,4,0,,,,,,,,,,,,,,,,,,,,,,,,,,,I will take,26,487,,,,,,,,,,,,,,,,,,,281.97497999999905,282.96789170004195,283.4639242000412,None,,,,,,,,,,,,,268.6072387000313,None,269.68090420000954,None,4.975,7.1285824999795295,269.68090420000954,None,276.83239340002183,None,276.83239340002183,None,3.2083333333333335,2.1785697000450455,276.83239340002183,None,2.7333333333333334,3.2011627000174485,276.83239340002183,None,280.04990270000417,None,280.04990270000417,None,280.04990270000417,None,280.04990270000417,None,280.04990270000417,None,n,1.8915645999950357,280.04990270000417,None,280.04990270000417,None,4.7,3.4826916999882087,285.54013220005436,None,285.54013220005436,None,285.54013220005436,None,3.2,2.389644099981524,285.54013220005436,None,,,,,,,Hrithik,001,2022-04-22_11h20.36.305,ultamatum,2022.1.3,59.945605369194155,
,,,,,,,,,,,,,,,,,,,,,,,,,,,,,,,,,,,,,,,,,,,,,,,,,,,,,,,,,,,,,,,,,,,,,,,,,,,,,,,,,,,,,,,,,,,,,,,,,,,,,,,,,,,,,,,,,,,,,,,289.0142683000304,None,space,4.421389899973292,289.0142683000304,None,Hrithik,001,2022-04-22_11h20.36.305,ultamatum,2022.1.3,59.945605369194155,
