﻿trials.thisRepN,trials.thisTrialN,trials.thisN,trials.thisIndex,trials_2.thisRepN,trials_2.thisTrialN,trials_2.thisN,trials_2.thisIndex,text_3.started,text_3.stopped,key_resp_3.keys,key_resp_3.rt,key_resp_3.started,key_resp_3.stopped,text.started,text.stopped,Expect.response,Expect.rt,Expect.started,Expect.stopped,text_4.started,text_4.stopped,ExpectedArousal2.response,ExpectedArousal2.rt,ExpectedArousal2.started,ExpectedArousal2.stopped,textBefore.started,textBefore.stopped,text2Before.started,text2Before.stopped,ExpectedValence.response,ExpectedValence.rt,ExpectedValence.started,ExpectedValence.stopped,Frame,offer,Total_Pot,Player1Pot.started,Player1Pot.stopped,Player2Pot.started,Player2Pot.stopped,split.started,split.stopped,AmountToSplit.started,AmountToSplit.stopped,frametext.started,frametext.stopped,key_resp1.keys,key_resp1.rt,key_resp1.started,key_resp1.stopped,wallet_label1.started,wallet_label1.stopped,wallet_label2.started,wallet_label2.stopped,deal_Completed.started,deal_Completed.stopped,text_6.started,text_6.stopped,ArousalAfter.response,ArousalAfter.rt,ArousalAfter.started,ArousalAfter.stopped,ValenceAfter.response,ValenceAfter.rt,ValenceAfter.started,ValenceAfter.stopped,text_7.started,text_7.stopped,text_8.started,text_8.stopped,textT2.started,textT2.stopped,anonytext0498.started,anonytext0498.stopped,anonyExpect.response,anonyExpect.rt,anonyExpect.started,anonyExpect.stopped,textBefore_2.started,textBefore_2.stopped,text2Before_2.started,text2Before_2.stopped,anonyExpectedValence.response,anonyExpectedValence.rt,anonyExpectedValence.started,anonyExpectedValence.stopped,anonyExpectedArousal.response,anonyExpectedArousal.rt,anonyExpectedArousal.started,anonyExpectedArousal.stopped,frametext_2.started,frametext_2.stopped,AmountToSplit_2.started,AmountToSplit_2.stopped,split_2.started,split_2.stopped,Player2Pot_2.started,Player2Pot_2.stopped,Player1Pot_2.started,Player1Pot_2.stopped,key_resp1_2.keys,key_resp1_2.rt,key_resp1_2.started,key_resp1_2.stopped,text_5.started,text_5.stopped,anonyValenceAfter.response,anonyValenceAfter.rt,anonyValenceAfter.started,anonyValenceAfter.stopped,text_9.started,text_9.stopped,text_10.started,text_10.stopped,anonyArousalAfter.response,anonyArousalAfter.rt,anonyArousalAfter.started,anonyArousalAfter.stopped,text_2.started,text_2.stopped,key_resp_2.keys,key_resp_2.rt,key_resp_2.started,key_resp_2.stopped,participant,session,date,expName,psychopyVersion,frameRate,
,,,,,,,,58.64077649998944,None,space,1.3422311000176705,58.64077649998944,None,,,,,,,,,,,,,,,,,,,,,,,,,,,,,,,,,,,,,,,,,,,,,,,,,,,,,,,,,,,,,,,,,,,,,,,,,,,,,,,,,,,,,,,,,,,,,,,,,,,,,,,,,,,,,,,,Kuldeep,001,2022-04-22_10h33.32.449,ultamatum,2022.1.3,60.0213435915915,
0,0,0,0,,,,,,,,,,,60.01369510003133,None,6.616666666666667,3.335216599982232,61.12051540001994,None,61.12051540001994,None,2.841666666666667,3.9545243000029586,64.46094479999738,None,64.46094479999738,None,64.46094479999738,None,3.4166666666666665,2.879603299952578,64.46094479999738,None,You will receive,37,37,68.46436260000337,None,68.46436260000337,None,68.46436260000337,None,68.46436260000337,None,68.46436260000337,None,y,3.565605899959337,68.46436260000337,None,68.46436260000337,None,68.46436260000337,None,72.0812468000222,73.0832175000105,73.55912550003268,None,2.658333333333333,1.4998047999688424,75.67675059998874,None,4.0125,3.842528799956199,75.67675059998874,None,75.67675059998874,None,75.67675059998874,None,,,,,,,,,,,,,,,,,,,,,,,,,,,,,,,,,,,,,,,,,,,,,,,,,,,,,,,Kuldeep,001,2022-04-22_10h33.32.449,ultamatum,2022.1.3,60.0213435915915,
1,0,1,0,,,,,,,,,,,79.46709220000776,None,5.0,5.172321800026111,80.54645939997863,None,80.54645939997863,None,2.9875,3.9262137000332586,85.75392470002407,None,85.75392470002407,None,85.75392470002407,None,3.0,1.5945055999909528,85.75392470002407,None,I will take,40,97,89.71817160001956,None,89.71817160001956,None,89.71817160001956,None,89.71817160001956,None,89.71817160001956,None,y,4.773124200000893,89.71817160001956,None,89.71817160001956,None,89.71817160001956,None,94.52845799998613,95.52601249999134,96.00136689998908,None,2.645833333333333,1.9864088000031188,98.10700989997713,None,3.9333333333333336,3.6948867000173777,98.10700989997713,None,98.10700989997713,None,98.10700989997713,None,,,,,,,,,,,,,,,,,,,,,,,,,,,,,,,,,,,,,,,,,,,,,,,,,,,,,,,Kuldeep,001,2022-04-22_10h33.32.449,ultamatum,2022.1.3,60.0213435915915,
2,0,2,0,,,,,,,,,,,101.74821330001578,None,4.841666666666667,7.182833099970594,102.81856839999091,None,102.81856839999091,None,2.9875,4.346327900013421,110.01045669999439,None,110.01045669999439,None,110.01045669999439,None,3.1166666666666667,2.566079600015655,110.01045669999439,None,I will take,26,97,114.40771920001134,None,114.40771920001134,None,114.40771920001134,None,114.40771920001134,None,114.40771920001134,None,n,3.2857137999963015,114.40771920001134,None,114.40771920001134,None,114.40771920001134,None,117.73802879999857,118.74343610001961,119.22718709998298,None,2.916666666666667,2.858901400002651,121.34388260002015,None,4.054166666666667,3.72598950000247,121.34388260002015,None,121.34388260002015,None,121.34388260002015,None,,,,,,,,,,,,,,,,,,,,,,,,,,,,,,,,,,,,,,,,,,,,,,,,,,,,,,,Kuldeep,001,2022-04-22_10h33.32.449,ultamatum,2022.1.3,60.0213435915915,
3,0,3,0,,,,,,,,,,,125.01070809998782,None,2.9916666666666667,6.879741200013086,126.09426129999338,None,126.09426129999338,None,2.6291666666666664,5.087650900008157,133.06751730001997,None,133.06751730001997,None,133.06751730001997,None,3.5833333333333335,3.0889251999906264,133.06751730001997,None,I will take,20,97,138.18566920002922,None,138.18566920002922,None,138.18566920002922,None,138.18566920002922,None,138.18566920002922,None,n,1.7497129999683239,138.18566920002922,None,138.18566920002922,None,138.18566920002922,None,139.96348530001706,140.96098959998926,141.45253090001643,None,2.8291666666666666,95.83809600002132,143.54199070000323,None,3.875,96.77151469996898,143.54199070000323,None,143.54199070000323,None,143.54199070000323,None,,,,,,,,,,,,,,,,,,,,,,,,,,,,,,,,,,,,,,,,,,,,,,,,,,,,,,,Kuldeep,001,2022-04-22_10h33.32.449,ultamatum,2022.1.3,60.0213435915915,
4,0,4,0,,,,,,,,,,,240.29297740000766,None,3.725,16.902245300007053,241.36670050001703,None,241.36670050001703,None,2.9541666666666666,5.614721499965526,258.32759890001034,None,258.32759890001034,None,258.32759890001034,None,3.6333333333333333,3.6129452000022866,258.32759890001034,None,I will take,10,138,263.92618549999315,None,263.92618549999315,None,263.92618549999315,None,263.92618549999315,None,263.92618549999315,None,y,26.970329499978106,263.92618549999315,None,263.92618549999315,None,263.92618549999315,None,290.92308049998246,291.91420310002286,292.40145770000527,None,4.579166666666667,2.8256294000311755,294.49905400001444,None,1.9916666666666667,5.483093800023198,294.49905400001444,None,294.49905400001444,None,294.49905400001444,None,,,,,,,,,,,,,,,,,,,,,,,,,,,,,,,,,,,,,,,,,,,,,,,,,,,,,,,Kuldeep,001,2022-04-22_10h33.32.449,ultamatum,2022.1.3,60.0213435915915,
,,,,0,0,0,0,,,,,,,,,,,,,,,,,,,,,,,,,,,You will receive,50,188,,,,,,,,,,,,,,,,,,,503.17214580002474,504.1639890000224,504.66294359997846,None,,,,,,,,,,,,,299.942527599982,None,301.02615839999635,None,4.0,11.343098500045016,301.02615839999635,None,312.3635193000082,None,312.3635193000082,None,3.0125,186.7513643000275,312.3635193000082,None,2.9916666666666667,187.87211810000008,312.3635193000082,None,500.38672150002094,None,500.38672150002094,None,500.38672150002094,None,500.38672150002094,None,500.38672150002094,None,y,2.7449945000116713,500.38672150002094,None,500.38672150002094,None,1.3666666666666667,8.634495600010268,506.7147182999761,None,506.7147182999761,None,506.7147182999761,None,4.091666666666667,6.045329999993555,506.7147182999761,None,,,,,,,Kuldeep,001,2022-04-22_10h33.32.449,ultamatum,2022.1.3,60.0213435915915,
,,,,1,0,1,0,,,,,,,,,,,,,,,,,,,,,,,,,,,You will receive,32,220,,,,,,,,,,,,,,,,,,,561.7432013999787,562.730349600024,563.2265730000217,None,,,,,,,,,,,,,515.3562154999818,None,516.4387475000112,None,6.466666666666667,10.036739700008184,516.4387475000112,None,526.4513180999784,None,526.4513180999784,None,3.4458333333333333,30.495531199965626,526.4513180999784,None,2.583333333333333,32.45724389998941,526.4513180999784,None,558.9814428000245,None,558.9814428000245,None,558.9814428000245,None,558.9814428000245,None,558.9814428000245,None,y,2.730963799986057,558.9814428000245,None,558.9814428000245,None,4.104166666666667,4.089479899965227,565.2746131999884,None,565.2746131999884,None,565.2746131999884,None,2.4375,2.06334799999604,565.2746131999884,None,,,,,,,Kuldeep,001,2022-04-22_10h33.32.449,ultamatum,2022.1.3,60.0213435915915,
,,,,2,0,2,0,,,,,,,,,,,,,,,,,,,,,,,,,,,I will take,37,283,,,,,,,,,,,,,,,,,,,577.1821360000176,578.1878339999821,578.6711592000211,None,,,,,,,,,,,,,569.3771652000141,None,570.4461786000174,None,6.483333333333333,1.6083417999907397,570.4461786000174,None,572.0663806999801,None,572.0663806999801,None,3.3875,1.4602660000091419,572.0663806999801,None,2.783333333333333,3.518543199985288,572.0663806999801,None,575.6342949999962,None,575.6342949999962,None,575.6342949999962,None,575.6342949999962,None,575.6342949999962,None,y,1.5081398999900557,575.6342949999962,None,575.6342949999962,None,4.770833333333333,3.238151600002311,580.7182304000016,None,580.7182304000016,None,580.7182304000016,None,1.8541666666666667,1.8281437000259757,580.7182304000016,None,,,,,,,Kuldeep,001,2022-04-22_10h33.32.449,ultamatum,2022.1.3,60.0213435915915,
,,,,3,0,3,0,,,,,,,,,,,,,,,,,,,,,,,,,,,I will take,20,363,,,,,,,,,,,,,,,,,,,593.9264600999886,594.9199495000066,595.3990487999981,None,,,,,,,,,,,,,583.9772683000192,None,585.0470133000053,None,2.966666666666667,2.8620322000351734,585.0470133000053,None,587.9107386000105,None,587.9107386000105,None,2.6375,2.215532800008077,587.9107386000105,None,3.1,3.6074846999836154,587.9107386000105,None,591.5511226999806,None,591.5511226999806,None,591.5511226999806,None,591.5511226999806,None,591.5511226999806,None,n,2.3352074999711476,591.5511226999806,None,591.5511226999806,None,4.204166666666667,3.230246299994178,597.4452791999793,None,597.4452791999793,None,597.4452791999793,None,3.341666666666667,0.796180600009393,597.4452791999793,None,,,,,,,Kuldeep,001,2022-04-22_10h33.32.449,ultamatum,2022.1.3,60.0213435915915,
,,,,4,0,4,0,,,,,,,,,,,,,,,,,,,,,,,,,,,You will receive,30,393,,,,,,,,,,,,,,,,,,,613.3753349999897,614.3769609000301,614.8589933000039,None,,,,,,,,,,,,,600.6855266999919,None,601.7705649000127,None,4.975,5.516744999971706,601.7705649000127,None,607.3334067999967,None,607.3334067999967,None,3.0166666666666666,1.8424454999621958,607.3334067999967,None,3.0,3.1001153999823146,607.3334067999967,None,610.4537619000184,None,610.4537619000184,None,610.4537619000184,None,610.4537619000184,None,610.4537619000184,None,y,2.880885999999009,610.4537619000184,None,610.4537619000184,None,4.429166666666667,2.531377099978272,616.9096323000267,None,616.9096323000267,None,616.9096323000267,None,1.5708333333333333,0.7033863000106066,616.9096323000267,None,,,,,,,Kuldeep,001,2022-04-22_10h33.32.449,ultamatum,2022.1.3,60.0213435915915,
,,,,,,,,,,,,,,,,,,,,,,,,,,,,,,,,,,,,,,,,,,,,,,,,,,,,,,,,,,,,,,,,,,,,,,,,,,,,,,,,,,,,,,,,,,,,,,,,,,,,,,,,,,,,,,,,,,,,,,,619.4755264000269,None,space,9.154836599947885,619.4755264000269,None,Kuldeep,001,2022-04-22_10h33.32.449,ultamatum,2022.1.3,60.0213435915915,
