﻿trials.thisRepN,trials.thisTrialN,trials.thisN,trials.thisIndex,trials_2.thisRepN,trials_2.thisTrialN,trials_2.thisN,trials_2.thisIndex,text_3.started,text_3.stopped,key_resp_3.keys,key_resp_3.rt,key_resp_3.started,key_resp_3.stopped,text.started,text.stopped,Expect.response,Expect.rt,Expect.started,Expect.stopped,text_4.started,text_4.stopped,ExpectedArousal2.response,ExpectedArousal2.rt,ExpectedArousal2.started,ExpectedArousal2.stopped,textBefore.started,textBefore.stopped,text2Before.started,text2Before.stopped,ExpectedValence.response,ExpectedValence.rt,ExpectedValence.started,ExpectedValence.stopped,Frame,offer,Total_Pot,Player1Pot.started,Player1Pot.stopped,Player2Pot.started,Player2Pot.stopped,split.started,split.stopped,AmountToSplit.started,AmountToSplit.stopped,frametext.started,frametext.stopped,key_resp1.keys,key_resp1.rt,key_resp1.started,key_resp1.stopped,wallet_label1.started,wallet_label1.stopped,wallet_label2.started,wallet_label2.stopped,deal_Completed.started,deal_Completed.stopped,text_6.started,text_6.stopped,ArousalAfter.response,ArousalAfter.rt,ArousalAfter.started,ArousalAfter.stopped,ValenceAfter.response,ValenceAfter.rt,ValenceAfter.started,ValenceAfter.stopped,text_7.started,text_7.stopped,text_8.started,text_8.stopped,textT2.started,textT2.stopped,anonytext0498.started,anonytext0498.stopped,anonyExpect.response,anonyExpect.rt,anonyExpect.started,anonyExpect.stopped,textBefore_2.started,textBefore_2.stopped,text2Before_2.started,text2Before_2.stopped,anonyExpectedValence.response,anonyExpectedValence.rt,anonyExpectedValence.started,anonyExpectedValence.stopped,anonyExpectedArousal.response,anonyExpectedArousal.rt,anonyExpectedArousal.started,anonyExpectedArousal.stopped,frametext_2.started,frametext_2.stopped,AmountToSplit_2.started,AmountToSplit_2.stopped,split_2.started,split_2.stopped,Player2Pot_2.started,Player2Pot_2.stopped,Player1Pot_2.started,Player1Pot_2.stopped,key_resp1_2.keys,key_resp1_2.rt,key_resp1_2.started,key_resp1_2.stopped,text_5.started,text_5.stopped,anonyValenceAfter.response,anonyValenceAfter.rt,anonyValenceAfter.started,anonyValenceAfter.stopped,text_9.started,text_9.stopped,text_10.started,text_10.stopped,anonyArousalAfter.response,anonyArousalAfter.rt,anonyArousalAfter.started,anonyArousalAfter.stopped,text_2.started,text_2.stopped,key_resp_2.keys,key_resp_2.rt,key_resp_2.started,key_resp_2.stopped,participant,session,date,expName,psychopyVersion,frameRate,
,,,,,,,,36.92842320000001,None,space,15.912819099999993,36.92842320000001,None,,,,,,,,,,,,,,,,,,,,,,,,,,,,,,,,,,,,,,,,,,,,,,,,,,,,,,,,,,,,,,,,,,,,,,,,,,,,,,,,,,,,,,,,,,,,,,,,,,,,,,,,,,,,,,,,lochan,001,2022-04-22_11h17.19.559,ultamatum,2022.1.3,60.60088198523362,
0,0,0,0,,,,,,,,,,,52.858423,None,4.558333333333334,4.3050456,53.90701249999999,None,53.90701249999999,None,2.5875,10.250884200000002,58.208100500000015,None,58.208100500000015,None,58.208100500000015,None,3.8791666666666664,9.116703599999994,58.208100500000015,None,You will receive,40,40,68.4842896,None,68.4842896,None,68.4842896,None,68.4842896,None,68.4842896,None,y,19.001906000000005,68.4842896,None,68.4842896,None,68.4842896,None,87.5024202,88.50243110000001,88.9857455,None,3.6166666666666667,82.28498769999999,91.0084159,None,2.8666666666666667,83.01914559999997,91.0084159,None,91.0084159,None,91.0084159,None,,,,,,,,,,,,,,,,,,,,,,,,,,,,,,,,,,,,,,,,,,,,,,,,,,,,,,,lochan,001,2022-04-22_11h17.19.559,ultamatum,2022.1.3,60.60088198523362,
1,0,1,0,,,,,,,,,,,174.0208617,None,3.5166666666666666,5.3580903999999805,175.02949619999998,None,175.02949619999998,None,2.0416666666666665,4.348392600000011,180.41844609999998,None,180.41844609999998,None,180.41844609999998,None,3.2666666666666666,3.2959568999999647,180.41844609999998,None,I will take,77,40,184.7953394,None,184.7953394,None,184.7953394,None,184.7953394,None,184.7953394,None,n,6.425959300000002,184.7953394,None,184.7953394,None,184.7953394,None,191.2500807,192.25034749999998,192.7334004,None,2.158333333333333,8.418409399999973,194.7483987,None,3.8333333333333335,9.47663510000001,194.7483987,None,194.7483987,None,194.7483987,None,,,,,,,,,,,,,,,,,,,,,,,,,,,,,,,,,,,,,,,,,,,,,,,,,,,,,,,lochan,001,2022-04-22_11h17.19.559,ultamatum,2022.1.3,60.60088198523362,
2,0,2,0,,,,,,,,,,,204.22726,None,5.0,50.17376460000003,205.24025899999998,None,205.24025899999998,None,1.85,4.88553109999998,255.4440654,None,255.4440654,None,255.4440654,None,3.7458333333333336,3.0936854999999923,255.4440654,None,I will take,30,110,260.3450079,None,260.3450079,None,260.3450079,None,260.3450079,None,260.3450079,None,y,3.3252310999999253,260.3450079,None,260.3450079,None,260.3450079,None,263.68697879999996,264.6866859,265.1708259,None,4.508333333333333,1.8863534000000186,267.18546069999996,None,2.9958333333333336,5.043745300000012,267.18546069999996,None,267.18546069999996,None,267.18546069999996,None,,,,,,,,,,,,,,,,,,,,,,,,,,,,,,,,,,,,,,,,,,,,,,,,,,,,,,,lochan,001,2022-04-22_11h17.19.559,ultamatum,2022.1.3,60.60088198523362,
3,0,3,0,,,,,,,,,,,272.2282743,None,5.758333333333333,8.6139771,273.244154,None,273.244154,None,2.8625,6.054325699999993,281.8900081,None,281.8900081,None,281.8900081,None,3.6875,5.139528799999994,281.8900081,None,I will take,37,173,287.9661294,None,287.9661294,None,287.9661294,None,287.9661294,None,287.9661294,None,y,2.1061356000000018,287.9661294,None,287.9661294,None,287.9661294,None,290.09932829999997,291.0988641,291.5821082,None,4.129166666666666,3.301536100000021,293.59527149999997,None,2.4166666666666665,5.423909600000002,293.59527149999997,None,293.59527149999997,None,293.59527149999997,None,,,,,,,,,,,,,,,,,,,,,,,,,,,,,,,,,,,,,,,,,,,,,,,,,,,,,,,lochan,001,2022-04-22_11h17.19.559,ultamatum,2022.1.3,60.60088198523362,
4,0,4,0,,,,,,,,,,,299.01950189999997,None,5.008333333333334,6.016734999999983,300.0388489,None,300.0388489,None,2.1916666666666664,6.36017529999998,306.0858024,None,306.0858024,None,306.0858024,None,3.5833333333333335,5.329910200000029,306.0858024,None,I will take,26,223,312.4705862,None,312.4705862,None,312.4705862,None,312.4705862,None,312.4705862,None,y,1.7296593999999885,312.4705862,None,312.4705862,None,312.4705862,None,314.22832389999996,315.2282477,315.7115874,None,3.9958333333333336,3.0374089999999683,317.72678429999996,None,2.325,4.406455600000015,317.72678429999996,None,317.72678429999996,None,317.72678429999996,None,,,,,,,,,,,,,,,,,,,,,,,,,,,,,,,,,,,,,,,,,,,,,,,,,,,,,,,lochan,001,2022-04-22_11h17.19.559,ultamatum,2022.1.3,60.60088198523362,
,,,,0,0,0,0,,,,,,,,,,,,,,,,,,,,,,,,,,,You will receive,77,300,,,,,,,,,,,,,,,,,,,373.98426059999997,374.983768,375.46707499999997,None,,,,,,,,,,,,,322.13794129999997,None,323.1601212,None,5.383333333333334,38.19907169999999,323.1601212,None,361.3721371,None,361.3721371,None,3.5416666666666665,2.7860066000000074,361.3721371,None,2.3291666666666666,4.017420700000002,361.3721371,None,365.4307715,None,365.4307715,None,365.4307715,None,365.4307715,None,365.4307715,None,n,8.528322799999941,365.4307715,None,365.4307715,None,2.2541666666666664,16.861090300000058,377.4751825,None,377.4751825,None,377.4751825,None,3.7875,15.511320999999953,377.4751825,None,,,,,,,lochan,001,2022-04-22_11h17.19.559,ultamatum,2022.1.3,60.60088198523362,
,,,,1,0,1,0,,,,,,,,,,,,,,,,,,,,,,,,,,,You will receive,50,350,,,,,,,,,,,,,,,,,,,423.2752681,424.27512429999996,424.75802089999996,None,,,,,,,,,,,,,394.3466976,None,395.3550082,None,4.016666666666667,20.849131000000057,395.3550082,None,416.22076669999996,None,416.22076669999996,None,2.7333333333333334,3.0895173000000113,416.22076669999996,None,3.3083333333333336,4.121273599999995,416.22076669999996,None,420.36542030000004,None,420.36542030000004,None,420.36542030000004,None,420.36542030000004,None,420.36542030000004,None,y,2.882665000000017,420.36542030000004,None,420.36542030000004,None,2.4458333333333333,4.1640617000000475,426.7621459,None,426.7621459,None,426.7621459,None,3.8125,1.3799668000000338,426.7621459,None,,,,,,,lochan,001,2022-04-22_11h17.19.559,ultamatum,2022.1.3,60.60088198523362,
,,,,2,0,2,0,,,,,,,,,,,,,,,,,,,,,,,,,,,I will take,10,440,,,,,,,,,,,,,,,,,,,458.6020369,459.6020219,460.08606779999997,None,,,,,,,,,,,,,430.9407385,None,431.9496482,None,6.008333333333333,3.0432550999998966,431.9496482,None,435.00989350000003,None,435.00989350000003,None,4.195833333333333,2.897206100000062,435.00989350000003,None,1.775,4.313146200000006,435.00989350000003,None,439.35202999999996,None,439.35202999999996,None,439.35202999999996,None,439.35202999999996,None,439.35202999999996,None,n,19.226026999999974,439.35202999999996,None,439.35202999999996,None,5,3.7301611999999977,462.10577729999994,None,462.10577729999994,None,462.10577729999994,None,1.5916666666666666,2.697027999999932,462.10577729999994,None,,,,,,,lochan,001,2022-04-22_11h17.19.559,ultamatum,2022.1.3,60.60088198523362,
,,,,3,0,3,0,,,,,,,,,,,,,,,,,,,,,,,,,,,I will take,30,510,,,,,,,,,,,,,,,,,,,475.26554930000003,476.29380339999994,476.74999999999994,None,,,,,,,,,,,,,465.8509248,None,466.85825189999997,None,4.725,1.7336122000000387,466.85825189999997,None,468.608501,None,468.608501,None,3.533333333333333,2.925457700000038,468.608501,None,1.9041666666666666,3.908033899999964,468.608501,None,472.5406569,None,472.5406569,None,472.5406569,None,472.5406569,None,472.5406569,None,n,2.6943872000000937,472.5406569,None,472.5406569,None,4.0875,4.2805510000000595,478.76899810000003,None,478.76899810000003,None,478.76899810000003,None,1.0333333333333334,2.813783899999976,478.76899810000003,None,,,,,,,lochan,001,2022-04-22_11h17.19.559,ultamatum,2022.1.3,60.60088198523362,
,,,,4,0,4,0,,,,,,,,,,,,,,,,,,,,,,,,,,,You will receive,40,550,,,,,,,,,,,,,,,,,,,496.59538430000003,497.5957384,498.07912289999996,None,,,,,,,,,,,,,483.0648464,None,484.07229119999994,None,5.9,3.6130527999999913,484.07229119999994,None,487.70225509999995,None,487.70225509999995,None,3.8166666666666664,2.5451609000000417,487.70225509999995,None,2.2875,3.3434552999999596,487.70225509999995,None,491.07817919999997,None,491.07817919999997,None,491.07817919999997,None,491.07817919999997,None,491.07817919999997,None,y,5.495953799999981,491.07817919999997,None,491.07817919999997,None,4.033333333333333,3.7467113000000154,500.08288739999995,None,500.08288739999995,None,500.08288739999995,None,1.8083333333333333,2.696411200000057,500.08288739999995,None,,,,,,,lochan,001,2022-04-22_11h17.19.559,ultamatum,2022.1.3,60.60088198523362,
,,,,,,,,,,,,,,,,,,,,,,,,,,,,,,,,,,,,,,,,,,,,,,,,,,,,,,,,,,,,,,,,,,,,,,,,,,,,,,,,,,,,,,,,,,,,,,,,,,,,,,,,,,,,,,,,,,,,,,,503.84837480000004,None,space,8.605660200000031,503.84837480000004,None,lochan,001,2022-04-22_11h17.19.559,ultamatum,2022.1.3,60.60088198523362,
