﻿trials.thisRepN,trials.thisTrialN,trials.thisN,trials.thisIndex,trials_2.thisRepN,trials_2.thisTrialN,trials_2.thisN,trials_2.thisIndex,text_3.started,text_3.stopped,key_resp_3.keys,key_resp_3.rt,key_resp_3.started,key_resp_3.stopped,text.started,text.stopped,Expect.response,Expect.rt,Expect.started,Expect.stopped,text_4.started,text_4.stopped,ExpectedArousal2.response,ExpectedArousal2.rt,ExpectedArousal2.started,ExpectedArousal2.stopped,textBefore.started,textBefore.stopped,text2Before.started,text2Before.stopped,ExpectedValence.response,ExpectedValence.rt,ExpectedValence.started,ExpectedValence.stopped,Frame,offer,Total_Pot,Player1Pot.started,Player1Pot.stopped,Player2Pot.started,Player2Pot.stopped,split.started,split.stopped,AmountToSplit.started,AmountToSplit.stopped,frametext.started,frametext.stopped,key_resp1.keys,key_resp1.rt,key_resp1.started,key_resp1.stopped,wallet_label1.started,wallet_label1.stopped,wallet_label2.started,wallet_label2.stopped,deal_Completed.started,deal_Completed.stopped,text_6.started,text_6.stopped,ArousalAfter.response,ArousalAfter.rt,ArousalAfter.started,ArousalAfter.stopped,ValenceAfter.response,ValenceAfter.rt,ValenceAfter.started,ValenceAfter.stopped,text_7.started,text_7.stopped,text_8.started,text_8.stopped,textT2.started,textT2.stopped,anonytext0498.started,anonytext0498.stopped,anonyExpect.response,anonyExpect.rt,anonyExpect.started,anonyExpect.stopped,textBefore_2.started,textBefore_2.stopped,text2Before_2.started,text2Before_2.stopped,anonyExpectedValence.response,anonyExpectedValence.rt,anonyExpectedValence.started,anonyExpectedValence.stopped,anonyExpectedArousal.response,anonyExpectedArousal.rt,anonyExpectedArousal.started,anonyExpectedArousal.stopped,frametext_2.started,frametext_2.stopped,AmountToSplit_2.started,AmountToSplit_2.stopped,split_2.started,split_2.stopped,Player2Pot_2.started,Player2Pot_2.stopped,Player1Pot_2.started,Player1Pot_2.stopped,key_resp1_2.keys,key_resp1_2.rt,key_resp1_2.started,key_resp1_2.stopped,text_5.started,text_5.stopped,anonyValenceAfter.response,anonyValenceAfter.rt,anonyValenceAfter.started,anonyValenceAfter.stopped,text_9.started,text_9.stopped,text_10.started,text_10.stopped,anonyArousalAfter.response,anonyArousalAfter.rt,anonyArousalAfter.started,anonyArousalAfter.stopped,text_2.started,text_2.stopped,key_resp_2.keys,key_resp_2.rt,key_resp_2.started,key_resp_2.stopped,participant,session,date,expName,psychopyVersion,frameRate,
,,,,,,,,37.56587209999998,None,space,0.3499790000023495,37.56587209999998,None,,,,,,,,,,,,,,,,,,,,,,,,,,,,,,,,,,,,,,,,,,,,,,,,,,,,,,,,,,,,,,,,,,,,,,,,,,,,,,,,,,,,,,,,,,,,,,,,,,,,,,,,,,,,,,,,lucky,001,2022-04-22_18h39.02.303,ultamatum,2022.1.3,60.15066538681115,
0,0,0,0,,,,,,,,,,,37.946649599998636,None,4.025,4.59554449999996,39.00120179999794,None,39.00120179999794,None,2.720833333333333,6.657400300002337,43.58979729999919,None,43.58979729999919,None,43.58979729999919,None,3.3375,5.340127399998892,43.58979729999919,None,You will receive,50,50,50.26869259999876,None,50.26869259999876,None,50.26869259999876,None,50.26869259999876,None,50.26869259999876,None,y,1.4982106000024942,50.26869259999876,None,50.26869259999876,None,50.26869259999876,None,51.79316309999922,52.79438469999877,53.2774623999976,None,3.9791666666666665,2.266542599998502,55.30123199999798,None,2.9958333333333336,3.832794699999795,55.30123199999798,None,55.30123199999798,None,55.30123199999798,None,,,,,,,,,,,,,,,,,,,,,,,,,,,,,,,,,,,,,,,,,,,,,,,,,,,,,,,lucky,001,2022-04-22_18h39.02.303,ultamatum,2022.1.3,60.15066538681115,
1,0,1,0,,,,,,,,,,,59.1220078999977,None,3.9416666666666664,1.6130545000014536,60.13432339999781,None,60.13432339999781,None,3.075,2.852713500000391,61.77692269999898,None,61.77692269999898,None,61.77692269999898,None,3.5708333333333333,1.7125448000006145,61.77692269999898,None,I will take,32,50,64.65955479999684,None,64.65955479999684,None,64.65955479999684,None,64.65955479999684,None,64.65955479999684,None,n,1.9982277000017348,64.65955479999684,None,64.65955479999684,None,64.65955479999684,None,66.6740323999984,67.67368799999895,68.1594127999997,None,2.4875,1.4730071000012686,70.18755959999908,None,4.045833333333333,2.209270999999717,70.18755959999908,None,70.18755959999908,None,70.18755959999908,None,,,,,,,,,,,,,,,,,,,,,,,,,,,,,,,,,,,,,,,,,,,,,,,,,,,,,,,lucky,001,2022-04-22_18h39.02.303,ultamatum,2022.1.3,60.15066538681115,
2,0,2,0,,,,,,,,,,,72.39687779999804,None,4.033333333333333,2.180770200000552,73.4136600999991,None,73.4136600999991,None,3.0125,6.272310899999866,75.6230445000001,None,75.6230445000001,None,75.6230445000001,None,3.2625,4.356038600002648,75.6230445000001,None,I will take,85,65,81.91148689999682,None,81.91148689999682,None,81.91148689999682,None,81.91148689999682,None,81.91148689999682,None,y,2.4669609000047785,81.91148689999682,None,81.91148689999682,None,81.91148689999682,None,84.40417999999772,85.40385859999878,85.88738109999758,None,4.070833333333333,0.6301270000003569,87.90157039999758,None,2.1291666666666664,1.5826444000012998,87.90157039999758,None,87.90157039999758,None,87.90157039999758,None,,,,,,,,,,,,,,,,,,,,,,,,,,,,,,,,,,,,,,,,,,,,,,,,,,,,,,,lucky,001,2022-04-22_18h39.02.303,ultamatum,2022.1.3,60.15066538681115,
3,0,3,0,,,,,,,,,,,89.48257459999877,None,3.716666666666667,3.3989665000008245,90.49388239999826,None,90.49388239999826,None,3.216666666666667,5.477900299996691,93.92236569999659,None,93.92236569999659,None,93.92236569999659,None,3.1458333333333335,1.8808356999979878,93.92236569999659,None,I will take,59,106,99.42397629999687,None,99.42397629999687,None,99.42397629999687,None,99.42397629999687,None,99.42397629999687,None,y,10.144026500001928,99.42397629999687,None,99.42397629999687,None,99.42397629999687,None,109.6009387999984,110.6167123999985,111.08325039999909,None,3.720833333333333,1.4380325999991328,113.0967047999984,None,2.6416666666666666,2.4961040999987745,113.0967047999984,None,113.0967047999984,None,113.0967047999984,None,,,,,,,,,,,,,,,,,,,,,,,,,,,,,,,,,,,,,,,,,,,,,,,,,,,,,,,lucky,001,2022-04-22_18h39.02.303,ultamatum,2022.1.3,60.15066538681115,
4,0,4,0,,,,,,,,,,,115.59061199999996,None,4.966666666666667,1.7225911000023189,116.60542459999851,None,116.60542459999851,None,2.1125,1.8216008999988844,118.3616605999996,None,118.3616605999996,None,118.3616605999996,None,3.9208333333333334,1.0170235999976285,118.3616605999996,None,You will receive,59,106,120.20430719999786,None,120.20430719999786,None,120.20430719999786,None,120.20430719999786,None,120.20430719999786,None,n,4.602877000001172,120.20430719999786,None,120.20430719999786,None,120.20430719999786,None,124.83023049999974,125.8308201999971,126.31359179999708,None,2.095833333333333,0.8334175000018149,128.33063669999683,None,4.554166666666667,1.7486625999990792,128.33063669999683,None,128.33063669999683,None,128.33063669999683,None,,,,,,,,,,,,,,,,,,,,,,,,,,,,,,,,,,,,,,,,,,,,,,,,,,,,,,,lucky,001,2022-04-22_18h39.02.303,ultamatum,2022.1.3,60.15066538681115,
,,,,0,0,0,0,,,,,,,,,,,,,,,,,,,,,,,,,,,You will receive,85,106,,,,,,,,,,,,,,,,,,,139.36126539999896,140.36113369999657,140.84575649999897,None,,,,,,,,,,,,,130.08006309999837,None,131.09630819999802,None,6.016666666666667,1.8308507000001555,131.09630819999802,None,132.93914279999808,None,132.93914279999808,None,3.825,1.077241300001333,132.93914279999808,None,3.029166666666667,1.9651238999977068,132.93914279999808,None,134.94547059999968,None,134.94547059999968,None,134.94547059999968,None,134.94547059999968,None,134.94547059999968,None,y,4.383488000003126,134.94547059999968,None,134.94547059999968,None,1.5041666666666667,2.0138544000001275,142.8511249999974,None,142.8511249999974,None,142.8511249999974,None,4.741666666666667,0.9130480999992869,142.8511249999974,None,,,,,,,lucky,001,2022-04-22_18h39.02.303,ultamatum,2022.1.3,60.15066538681115,
,,,,1,0,1,0,,,,,,,,,,,,,,,,,,,,,,,,,,,You will receive,32,106,,,,,,,,,,,,,,,,,,,153.05860659999962,154.0594663999982,154.54287209999893,None,,,,,,,,,,,,,144.87704369999847,None,145.88614939999752,None,6.591666666666667,2.0001276999973925,145.88614939999752,None,147.90028959999836,None,147.90028959999836,None,3.7333333333333334,2.4583907999985968,147.90028959999836,None,2.979166666666667,3.440074900001491,147.90028959999836,None,151.36589569999705,None,151.36589569999705,None,151.36589569999705,None,151.36589569999705,None,151.36589569999705,None,n,1.6719025000020338,151.36589569999705,None,151.36589569999705,None,5,1.897839400000521,156.5461058999972,None,156.5461058999972,None,156.5461058999972,None,1.5041666666666667,0.74750910000148,156.5461058999972,None,,,,,,,lucky,001,2022-04-22_18h39.02.303,ultamatum,2022.1.3,60.15066538681115,
,,,,2,0,2,0,,,,,,,,,,,,,,,,,,,,,,,,,,,I will take,26,106,,,,,,,,,,,,,,,,,,,165.8730547999985,166.87284049999653,167.35744969999723,None,,,,,,,,,,,,,158.45904419999715,None,159.48177769999893,None,6.475,0.8141658999993524,159.48177769999893,None,160.31352029999834,None,160.31352029999834,None,3.7375,2.6455226999969454,160.31352029999834,None,2.583333333333333,3.545048299998598,160.31352029999834,None,163.88608380000005,None,163.88608380000005,None,163.88608380000005,None,163.88608380000005,None,163.88608380000005,None,n,1.9658392000055755,163.88608380000005,None,163.88608380000005,None,4.395833333333333,1.4320393999987573,169.37384909999673,None,169.37384909999673,None,169.37384909999673,None,1.8583333333333334,0.9006047999973816,169.37384909999673,None,,,,,,,lucky,001,2022-04-22_18h39.02.303,ultamatum,2022.1.3,60.15066538681115,
,,,,3,0,3,0,,,,,,,,,,,,,,,,,,,,,,,,,,,I will take,77,106,,,,,,,,,,,,,,,,,,,176.82073429999946,177.82023109999864,178.30415619999985,None,,,,,,,,,,,,,170.82253489999857,None,171.83082819999981,None,4.908333333333333,1.0378117000000202,171.83082819999981,None,172.8842829999994,None,172.8842829999994,None,3.6666666666666665,0.85683760000029,172.8842829999994,None,2.9416666666666664,1.7535548000014387,172.8842829999994,None,174.65820170000006,None,174.65820170000006,None,174.65820170000006,None,174.65820170000006,None,174.65820170000006,None,y,2.134256600005756,174.65820170000006,None,174.65820170000006,None,1.4833333333333334,2.5284371999987343,180.30848960000003,None,180.30848960000003,None,180.30848960000003,None,3.9291666666666667,0.546986299999844,180.30848960000003,None,,,,,,,lucky,001,2022-04-22_18h39.02.303,ultamatum,2022.1.3,60.15066538681115,
,,,,4,0,4,0,,,,,,,,,,,,,,,,,,,,,,,,,,,I will take,50,106,,,,,,,,,,,,,,,,,,,190.38559939999686,191.3868995999983,191.86865199999738,None,,,,,,,,,,,,,182.8538989999979,None,183.860381399998,None,4.991666666666667,1.7121713000015006,183.860381399998,None,185.59390879999773,None,185.59390879999773,None,3.15,1.9448467000001983,185.59390879999773,None,3.0083333333333333,2.85881000000154,185.59390879999773,None,188.47264509999877,None,188.47264509999877,None,188.47264509999877,None,188.47264509999877,None,188.47264509999877,None,y,1.8836380000029749,188.47264509999877,None,188.47264509999877,None,2.0458333333333334,1.3645967000011296,193.87370079999891,None,193.87370079999891,None,193.87370079999891,None,3.8708333333333336,0.4808859000004304,193.87370079999891,None,,,,,,,lucky,001,2022-04-22_18h39.02.303,ultamatum,2022.1.3,60.15066538681115,
,,,,,,,,,,,,,,,,,,,,,,,,,,,,,,,,,,,,,,,,,,,,,,,,,,,,,,,,,,,,,,,,,,,,,,,,,,,,,,,,,,,,,,,,,,,,,,,,,,,,,,,,,,,,,,,,,,,,,,,195.25337229999786,None,space,6.41360230000646,195.25337229999786,None,lucky,001,2022-04-22_18h39.02.303,ultamatum,2022.1.3,60.15066538681115,
