﻿trials.thisRepN,trials.thisTrialN,trials.thisN,trials.thisIndex,trials_2.thisRepN,trials_2.thisTrialN,trials_2.thisN,trials_2.thisIndex,text_3.started,text_3.stopped,key_resp_3.keys,key_resp_3.rt,key_resp_3.started,key_resp_3.stopped,text.started,text.stopped,Expect.response,Expect.rt,Expect.started,Expect.stopped,text_4.started,text_4.stopped,ExpectedArousal2.response,ExpectedArousal2.rt,ExpectedArousal2.started,ExpectedArousal2.stopped,textBefore.started,textBefore.stopped,text2Before.started,text2Before.stopped,ExpectedValence.response,ExpectedValence.rt,ExpectedValence.started,ExpectedValence.stopped,Frame,offer,Total_Pot,Player1Pot.started,Player1Pot.stopped,Player2Pot.started,Player2Pot.stopped,split.started,split.stopped,AmountToSplit.started,AmountToSplit.stopped,frametext.started,frametext.stopped,key_resp1.keys,key_resp1.rt,key_resp1.started,key_resp1.stopped,wallet_label1.started,wallet_label1.stopped,wallet_label2.started,wallet_label2.stopped,deal_Completed.started,deal_Completed.stopped,text_6.started,text_6.stopped,ArousalAfter.response,ArousalAfter.rt,ArousalAfter.started,ArousalAfter.stopped,ValenceAfter.response,ValenceAfter.rt,ValenceAfter.started,ValenceAfter.stopped,text_7.started,text_7.stopped,text_8.started,text_8.stopped,textT2.started,textT2.stopped,anonytext0498.started,anonytext0498.stopped,anonyExpect.response,anonyExpect.rt,anonyExpect.started,anonyExpect.stopped,textBefore_2.started,textBefore_2.stopped,text2Before_2.started,text2Before_2.stopped,anonyExpectedValence.response,anonyExpectedValence.rt,anonyExpectedValence.started,anonyExpectedValence.stopped,anonyExpectedArousal.response,anonyExpectedArousal.rt,anonyExpectedArousal.started,anonyExpectedArousal.stopped,frametext_2.started,frametext_2.stopped,AmountToSplit_2.started,AmountToSplit_2.stopped,split_2.started,split_2.stopped,Player2Pot_2.started,Player2Pot_2.stopped,Player1Pot_2.started,Player1Pot_2.stopped,key_resp1_2.keys,key_resp1_2.rt,key_resp1_2.started,key_resp1_2.stopped,text_5.started,text_5.stopped,anonyValenceAfter.response,anonyValenceAfter.rt,anonyValenceAfter.started,anonyValenceAfter.stopped,text_9.started,text_9.stopped,text_10.started,text_10.stopped,anonyArousalAfter.response,anonyArousalAfter.rt,anonyArousalAfter.started,anonyArousalAfter.stopped,text_2.started,text_2.stopped,key_resp_2.keys,key_resp_2.rt,key_resp_2.started,key_resp_2.stopped,participant,session,date,expName,psychopyVersion,frameRate,
,,,,,,,,80.32494430000224,None,space,11.565526999998838,80.32494430000224,None,,,,,,,,,,,,,,,,,,,,,,,,,,,,,,,,,,,,,,,,,,,,,,,,,,,,,,,,,,,,,,,,,,,,,,,,,,,,,,,,,,,,,,,,,,,,,,,,,,,,,,,,,,,,,,,,manav,001,2022-04-22_17h50.00.175,ultamatum,2022.1.3,59.99761209562713,
0,0,0,0,,,,,,,,,,,91.92178030000287,None,4.475,2.578298399999767,92.97113370000079,None,92.97113370000079,None,2.9916666666666667,6.510568800000328,95.54562710000027,None,95.54562710000027,None,95.54562710000027,None,3.5541666666666667,3.9974847000012232,95.54562710000027,None,You will receive,50,50,102.08601550000094,None,102.08601550000094,None,102.08601550000094,None,102.08601550000094,None,102.08601550000094,None,y,4.461202999998932,102.08601550000094,None,102.08601550000094,None,102.08601550000094,None,106.5697524999996,107.56911229999969,108.05339920000188,None,3.8291666666666666,1.9479651999972702,110.07729910000126,None,2.725,3.055002000000968,110.07729910000126,None,110.07729910000126,None,110.07729910000126,None,,,,,,,,,,,,,,,,,,,,,,,,,,,,,,,,,,,,,,,,,,,,,,,,,,,,,,,manav,001,2022-04-22_17h50.00.175,ultamatum,2022.1.3,59.99761209562713,
1,0,1,0,,,,,,,,,,,113.12339390000125,None,5.008333333333334,2.0823148999988916,114.14141540000128,None,114.14141540000128,None,2.1916666666666664,3.093472099997598,116.25108620000174,None,116.25108620000174,None,116.25108620000174,None,3.908333333333333,1.8073841000004904,116.25108620000174,None,I will take,59,91,119.37247580000258,None,119.37247580000258,None,119.37247580000258,None,119.37247580000258,None,119.37247580000258,None,y,5.145743999997649,119.37247580000258,None,119.37247580000258,None,119.37247580000258,None,124.54951230000006,125.54984530000002,126.03352590000213,None,3.175,2.880055800000264,128.0650194000009,None,3.8791666666666664,3.628690199999255,128.0650194000009,None,128.0650194000009,None,128.0650194000009,None,,,,,,,,,,,,,,,,,,,,,,,,,,,,,,,,,,,,,,,,,,,,,,,,,,,,,,,manav,001,2022-04-22_17h50.00.175,ultamatum,2022.1.3,59.99761209562713,
2,0,2,0,,,,,,,,,,,131.69342940000206,None,4.05,3.7243133000010857,132.7071622000003,None,132.7071622000003,None,3.0,2.7863388000005216,136.45985440000004,None,136.45985440000004,None,136.45985440000004,None,3.8583333333333334,1.5955480000011448,136.45985440000004,None,You will receive,26,91,139.27848450000238,None,139.27848450000238,None,139.27848450000238,None,139.27848450000238,None,139.27848450000238,None,n,2.299358399999619,139.27848450000238,None,139.27848450000238,None,139.27848450000238,None,141.59688670000105,142.59597940000094,143.07985740000004,None,2.45,1.3294498000032036,145.09559840000293,None,3.9958333333333336,2.4843294999991485,145.09559840000293,None,145.09559840000293,None,145.09559840000293,None,,,,,,,,,,,,,,,,,,,,,,,,,,,,,,,,,,,,,,,,,,,,,,,,,,,,,,,manav,001,2022-04-22_17h50.00.175,ultamatum,2022.1.3,59.99761209562713,
3,0,3,0,,,,,,,,,,,147.57826920000298,None,4.916666666666666,14.707497199997306,148.5881014000006,None,148.5881014000006,None,3.0083333333333333,3.7237529999983963,163.32753410000078,None,163.32753410000078,None,163.32753410000078,None,3.85,2.1044141999991552,163.32753410000078,None,I will take,10,91,167.07083910000074,None,167.07083910000074,None,167.07083910000074,None,167.07083910000074,None,167.07083910000074,None,n,2.5200931999970635,167.07083910000074,None,167.07083910000074,None,167.07083910000074,None,169.60758030000216,170.60800250000102,171.0902864000018,None,2.1791666666666667,0.7690079000021797,173.10344350000014,None,4.0,2.864320200002112,173.10344350000014,None,173.10344350000014,None,173.10344350000014,None,,,,,,,,,,,,,,,,,,,,,,,,,,,,,,,,,,,,,,,,,,,,,,,,,,,,,,,manav,001,2022-04-22_17h50.00.175,ultamatum,2022.1.3,59.99761209562713,
4,0,4,0,,,,,,,,,,,175.97024480000255,None,3.8166666666666664,55.40826920000109,176.97876180000094,None,176.97876180000094,None,3.004166666666667,7.721201799999108,232.4211557000017,None,232.4211557000017,None,232.4211557000017,None,3.183333333333333,2.580712200000562,232.4211557000017,None,You will receive,85,131,240.15619430000152,None,240.15619430000152,None,240.15619430000152,None,240.15619430000152,None,240.15619430000152,None,y,2.1236588999963715,240.15619430000152,None,240.15619430000152,None,240.15619430000152,None,242.3118386999995,243.3121882000014,243.7951396999997,None,3.5416666666666665,1.0003931999999622,245.8264659000015,None,3.095833333333333,2.304216600001382,245.8264659000015,None,245.8264659000015,None,245.8264659000015,None,,,,,,,,,,,,,,,,,,,,,,,,,,,,,,,,,,,,,,,,,,,,,,,,,,,,,,,manav,001,2022-04-22_17h50.00.175,ultamatum,2022.1.3,59.99761209562713,
,,,,0,0,0,0,,,,,,,,,,,,,,,,,,,,,,,,,,,I will take,30,201,,,,,,,,,,,,,,,,,,,257.2589420000004,258.2600375000002,258.7426443000004,None,,,,,,,,,,,,,248.1318416000031,None,249.1579535000019,None,4.966666666666667,3.439818300001207,249.1579535000019,None,252.61234479999985,None,252.61234479999985,None,3.5041666666666664,0.8848753999991459,252.61234479999985,None,2.8291666666666666,2.6162876000016695,252.61234479999985,None,255.28139700000247,None,255.28139700000247,None,255.28139700000247,None,255.28139700000247,None,255.28139700000247,None,n,1.9587373999966076,255.28139700000247,None,255.28139700000247,None,4.0125,4.179662400001689,260.74931650000144,None,260.74931650000144,None,260.74931650000144,None,2.7041666666666666,3.2814332000016293,260.74931650000144,None,,,,,,,manav,001,2022-04-22_17h50.00.175,ultamatum,2022.1.3,59.99761209562713,
,,,,1,0,1,0,,,,,,,,,,,,,,,,,,,,,,,,,,,You will receive,37,238,,,,,,,,,,,,,,,,,,,278.00498100000186,279.00422230000186,279.4882271000024,None,,,,,,,,,,,,,264.9418648000028,None,265.965838600001,None,5.975,4.293467499999679,265.965838600001,None,270.2780629000008,None,270.2780629000008,None,3.6916666666666664,1.113236599998345,270.2780629000008,None,2.875,2.129212700001517,270.2780629000008,None,272.4406267000013,None,272.4406267000013,None,272.4406267000013,None,272.4406267000013,None,272.4406267000013,None,n,5.538046599995141,272.4406267000013,None,272.4406267000013,None,4.258333333333333,7.831790100000944,281.4883480000026,None,281.4883480000026,None,281.4883480000026,None,2.9333333333333336,5.298843199998373,281.4883480000026,None,,,,,,,manav,001,2022-04-22_17h50.00.175,ultamatum,2022.1.3,59.99761209562713,
,,,,2,0,2,0,,,,,,,,,,,,,,,,,,,,,,,,,,,You will receive,20,258,,,,,,,,,,,,,,,,,,,380.2371643000006,381.23715060000177,381.7199911000025,None,,,,,,,,,,,,,289.3368405000001,None,290.3438521999997,None,4.358333333333333,83.6872113999998,290.3438521999997,None,374.0505622000019,None,374.0505622000019,None,3.6,2.5733556000013778,374.0505622000019,None,2.675,4.320721500000218,374.0505622000019,None,378.3936364000001,None,378.3936364000001,None,378.3936364000001,None,378.3936364000001,None,378.3936364000001,None,n,1.8175442999963707,378.3936364000001,None,378.3936364000001,None,4.520833333333333,5.263930299999629,383.7255008000029,None,383.7255008000029,None,383.7255008000029,None,3.3125,4.313327300002129,383.7255008000029,None,,,,,,,manav,001,2022-04-22_17h50.00.175,ultamatum,2022.1.3,59.99761209562713,
,,,,3,0,3,0,,,,,,,,,,,,,,,,,,,,,,,,,,,I will take,59,299,,,,,,,,,,,,,,,,,,,397.70121330000256,398.7005758000014,399.1843411000009,None,,,,,,,,,,,,,389.0022804,None,390.01007860000027,None,5.391666666666667,3.2173417000012705,390.01007860000027,None,393.24619280000115,None,393.24619280000115,None,3.7541666666666664,1.7225922999969043,393.24619280000115,None,2.8875,2.771359099999245,393.24619280000115,None,396.0466654000011,None,396.0466654000011,None,396.0466654000011,None,396.0466654000011,None,396.0466654000011,None,y,1.6341939999983879,396.0466654000011,None,396.0466654000011,None,3.6125,7.745992300002399,401.1875613000011,None,401.1875613000011,None,401.1875613000011,None,3.095833333333333,3.7621400999996695,401.1875613000011,None,,,,,,,manav,001,2022-04-22_17h50.00.175,ultamatum,2022.1.3,59.99761209562713,
,,,,4,0,4,0,,,,,,,,,,,,,,,,,,,,,,,,,,,I will take,50,349,,,,,,,,,,,,,,,,,,,415.86343240000133,416.8637904000025,417.34769360000064,None,,,,,,,,,,,,,408.9487347000031,None,409.9727445999997,None,5.025,1.1206086999991385,409.9727445999997,None,411.11004220000177,None,411.11004220000177,None,3.6208333333333336,1.4253454999998212,411.11004220000177,None,3.0,2.7714262999979837,411.11004220000177,None,413.9045741000009,None,413.9045741000009,None,413.9045741000009,None,413.9045741000009,None,413.9045741000009,None,y,1.940956799997366,413.9045741000009,None,413.9045741000009,None,2.9916666666666667,1.7805704999991576,419.3677355,None,419.3677355,None,419.3677355,None,3.7958333333333334,0.7638146999997844,419.3677355,None,,,,,,,manav,001,2022-04-22_17h50.00.175,ultamatum,2022.1.3,59.99761209562713,
,,,,,,,,,,,,,,,,,,,,,,,,,,,,,,,,,,,,,,,,,,,,,,,,,,,,,,,,,,,,,,,,,,,,,,,,,,,,,,,,,,,,,,,,,,,,,,,,,,,,,,,,,,,,,,,,,,,,,,,421.1664766000031,None,space,4.341291000000638,421.1664766000031,None,manav,001,2022-04-22_17h50.00.175,ultamatum,2022.1.3,59.99761209562713,
