﻿trials.thisRepN,trials.thisTrialN,trials.thisN,trials.thisIndex,trials_2.thisRepN,trials_2.thisTrialN,trials_2.thisN,trials_2.thisIndex,text_3.started,text_3.stopped,key_resp_3.keys,key_resp_3.rt,key_resp_3.started,key_resp_3.stopped,text.started,text.stopped,Expect.response,Expect.rt,Expect.started,Expect.stopped,text_4.started,text_4.stopped,ExpectedArousal2.response,ExpectedArousal2.rt,ExpectedArousal2.started,ExpectedArousal2.stopped,textBefore.started,textBefore.stopped,text2Before.started,text2Before.stopped,ExpectedValence.response,ExpectedValence.rt,ExpectedValence.started,ExpectedValence.stopped,Frame,offer,Total_Pot,Player1Pot.started,Player1Pot.stopped,Player2Pot.started,Player2Pot.stopped,split.started,split.stopped,AmountToSplit.started,AmountToSplit.stopped,frametext.started,frametext.stopped,key_resp1.keys,key_resp1.rt,key_resp1.started,key_resp1.stopped,wallet_label1.started,wallet_label1.stopped,wallet_label2.started,wallet_label2.stopped,deal_Completed.started,deal_Completed.stopped,text_6.started,text_6.stopped,ArousalAfter.response,ArousalAfter.rt,ArousalAfter.started,ArousalAfter.stopped,ValenceAfter.response,ValenceAfter.rt,ValenceAfter.started,ValenceAfter.stopped,text_7.started,text_7.stopped,text_8.started,text_8.stopped,textT2.started,textT2.stopped,anonytext0498.started,anonytext0498.stopped,anonyExpect.response,anonyExpect.rt,anonyExpect.started,anonyExpect.stopped,textBefore_2.started,textBefore_2.stopped,text2Before_2.started,text2Before_2.stopped,anonyExpectedValence.response,anonyExpectedValence.rt,anonyExpectedValence.started,anonyExpectedValence.stopped,anonyExpectedArousal.response,anonyExpectedArousal.rt,anonyExpectedArousal.started,anonyExpectedArousal.stopped,frametext_2.started,frametext_2.stopped,AmountToSplit_2.started,AmountToSplit_2.stopped,split_2.started,split_2.stopped,Player2Pot_2.started,Player2Pot_2.stopped,Player1Pot_2.started,Player1Pot_2.stopped,key_resp1_2.keys,key_resp1_2.rt,key_resp1_2.started,key_resp1_2.stopped,text_5.started,text_5.stopped,anonyValenceAfter.response,anonyValenceAfter.rt,anonyValenceAfter.started,anonyValenceAfter.stopped,text_9.started,text_9.stopped,text_10.started,text_10.stopped,anonyArousalAfter.response,anonyArousalAfter.rt,anonyArousalAfter.started,anonyArousalAfter.stopped,text_2.started,text_2.stopped,key_resp_2.keys,key_resp_2.rt,key_resp_2.started,key_resp_2.stopped,participant,session,date,expName,psychopyVersion,frameRate,
,,,,,,,,64.96902269999998,None,space,1.866233100000045,64.96902269999998,None,,,,,,,,,,,,,,,,,,,,,,,,,,,,,,,,,,,,,,,,,,,,,,,,,,,,,,,,,,,,,,,,,,,,,,,,,,,,,,,,,,,,,,,,,,,,,,,,,,,,,,,,,,,,,,,,Manjeeet Kumar,001,2022-04-22_19h53.45.198,ultamatum,2022.1.3,59.74918487173609,
0,0,0,0,,,,,,,,,,,66.86228719999997,None,4.666666666666666,4.072146900000007,67.92522789999998,None,67.92522789999998,None,2.154166666666667,9.15059180000003,71.98345789999996,None,71.98345789999996,None,71.98345789999996,None,3.8166666666666664,6.834029600000008,71.98345789999996,None,You will receive,32,32,81.1578111,None,81.1578111,None,81.1578111,None,81.1578111,None,81.1578111,None,y,2.28651119999995,81.1578111,None,81.1578111,None,81.1578111,None,83.46788729999992,84.46798059999992,84.9518845,None,3.15,1.415886599999908,86.98531589999993,None,3.0708333333333333,4.422764700000016,86.98531589999993,None,86.98531589999993,None,86.98531589999993,None,,,,,,,,,,,,,,,,,,,,,,,,,,,,,,,,,,,,,,,,,,,,,,,,,,,,,,,Manjeeet Kumar,001,2022-04-22_19h53.45.198,ultamatum,2022.1.3,59.74918487173609,
1,0,1,0,,,,,,,,,,,91.38575800000001,None,6.458333333333333,2.852898200000027,92.39371469999992,None,92.39371469999992,None,3.129166666666667,4.149772999999982,95.27576539999995,None,95.27576539999995,None,95.27576539999995,None,3.55,2.4274432000000843,95.27576539999995,None,You will receive,30,32,99.44409539999992,None,99.44409539999992,None,99.44409539999992,None,99.44409539999992,None,99.44409539999992,None,n,2.7299860000000535,99.44409539999992,None,99.44409539999992,None,99.44409539999992,None,102.19168949999994,103.1918963999999,103.67549819999999,None,2.375,1.7094944000000396,105.70094819999997,None,3.8791666666666664,3.6379097999999885,105.70094819999997,None,105.70094819999997,None,105.70094819999997,None,,,,,,,,,,,,,,,,,,,,,,,,,,,,,,,,,,,,,,,,,,,,,,,,,,,,,,,Manjeeet Kumar,001,2022-04-22_19h53.45.198,ultamatum,2022.1.3,59.74918487173609,
2,0,2,0,,,,,,,,,,,109.32600009999999,None,1.1749999999999998,7.419209199999955,110.33341250000001,None,110.33341250000001,None,2.9833333333333334,4.220390500000008,117.78084279999996,None,117.78084279999996,None,117.78084279999996,None,3.066666666666667,2.0628020000000333,117.78084279999996,None,I will take,37,32,122.0245377,None,122.0245377,None,122.0245377,None,122.0245377,None,122.0245377,None,n,6.332551700000067,122.0245377,None,122.0245377,None,122.0245377,None,128.38505099999998,129.38499089999993,129.86869519999993,None,2.6166666666666667,7.654283000000078,131.8955873,None,3.1083333333333334,9.511731800000007,131.8955873,None,131.8955873,None,131.8955873,None,,,,,,,,,,,,,,,,,,,,,,,,,,,,,,,,,,,,,,,,,,,,,,,,,,,,,,,Manjeeet Kumar,001,2022-04-22_19h53.45.198,ultamatum,2022.1.3,59.74918487173609,
3,0,3,0,,,,,,,,,,,141.3931447,None,2.308333333333333,3.031036200000017,142.41481709999994,None,142.41481709999994,None,2.8083333333333336,6.57633850000002,145.47420979999993,None,145.47420979999993,None,145.47420979999993,None,3.029166666666667,3.920146300000056,145.47420979999993,None,I will take,20,32,152.0607033,None,152.0607033,None,152.0607033,None,152.0607033,None,152.0607033,None,n,2.2862153000000944,152.0607033,None,152.0607033,None,152.0607033,None,154.37827819999995,155.378243,155.86174919999996,None,1.9833333333333334,9.754897300000039,157.88231639999992,None,3.4625,12.097872100000018,157.88231639999992,None,157.88231639999992,None,157.88231639999992,None,,,,,,,,,,,,,,,,,,,,,,,,,,,,,,,,,,,,,,,,,,,,,,,,,,,,,,,Manjeeet Kumar,001,2022-04-22_19h53.45.198,ultamatum,2022.1.3,59.74918487173609,
4,0,4,0,,,,,,,,,,,169.9707813,None,7.091666666666667,5.5743400000000065,170.9904522999999,None,170.9904522999999,None,1.1375,6.1895377000000735,176.59489889999998,None,176.59489889999998,None,176.59489889999998,None,4.591666666666667,3.02604359999998,176.59489889999998,None,I will take,10,55,182.79454239999995,None,182.79454239999995,None,182.79454239999995,None,182.79454239999995,None,182.79454239999995,None,y,1.7530917000000272,182.79454239999995,None,182.79454239999995,None,182.79454239999995,None,184.57310099999995,185.57321089999994,186.05704189999994,None,4.345833333333333,23.610266899999942,188.0793718,None,1.6916666666666667,25.13364189999993,188.0793718,None,188.0793718,None,188.0793718,None,,,,,,,,,,,,,,,,,,,,,,,,,,,,,,,,,,,,,,,,,,,,,,,,,,,,,,,Manjeeet Kumar,001,2022-04-22_19h53.45.198,ultamatum,2022.1.3,59.74918487173609,
,,,,0,0,0,0,,,,,,,,,,,,,,,,,,,,,,,,,,,I will take,32,123,,,,,,,,,,,,,,,,,,,250.41500400000007,251.4150575,251.89937699999984,None,,,,,,,,,,,,,213.20845199999997,None,214.23371439999994,None,5.625,17.337402999999995,214.23371439999994,None,231.59427289999996,None,231.59427289999996,None,3.4291666666666667,14.392557399999987,231.59427289999996,None,1.7291666666666667,16.356148900000107,231.59427289999996,None,247.99518469999987,None,247.99518469999987,None,247.99518469999987,None,247.99518469999987,None,247.99518469999987,None,n,2.3944568000000572,247.99518469999987,None,247.99518469999987,None,3.0833333333333335,4.4502025000001595,253.91380849999985,None,253.91380849999985,None,253.91380849999985,None,1.95,2.0643144000000575,253.91380849999985,None,,,,,,,Manjeeet Kumar,001,2022-04-22_19h53.45.198,ultamatum,2022.1.3,59.74918487173609,
,,,,1,0,1,0,,,,,,,,,,,,,,,,,,,,,,,,,,,You will receive,30,153,,,,,,,,,,,,,,,,,,,267.47163369999987,268.4719887,268.9555280999999,None,,,,,,,,,,,,,258.3701089,None,259.39203770000006,None,3.6833333333333336,2.7781514000000698,259.39203770000006,None,262.18702410000003,None,262.18702410000003,None,3.5875,1.6004014000000097,262.18702410000003,None,2.525,2.965715199999977,262.18702410000003,None,265.1795836,None,265.1795836,None,265.1795836,None,265.1795836,None,265.1795836,None,y,2.263185000000135,265.1795836,None,265.1795836,None,3.3041666666666667,2.816071700000066,270.96873270000003,None,270.96873270000003,None,270.96873270000003,None,3.025,1.513921099999834,270.96873270000003,None,,,,,,,Manjeeet Kumar,001,2022-04-22_19h53.45.198,ultamatum,2022.1.3,59.74918487173609,
,,,,2,0,2,0,,,,,,,,,,,,,,,,,,,,,,,,,,,I will take,50,203,,,,,,,,,,,,,,,,,,,287.82922829999995,288.829257,289.3132273,None,,,,,,,,,,,,,273.7907710999999,None,274.79837899999995,None,2.4166666666666665,2.3147083999999722,274.79837899999995,None,277.1309485999999,None,277.1309485999999,None,3.6208333333333336,2.7799740999998903,277.1309485999999,None,2.7375,8.580157500000041,277.1309485999999,None,285.7354727999999,None,285.7354727999999,None,285.7354727999999,None,285.7354727999999,None,285.7354727999999,None,y,2.0706661000000395,285.7354727999999,None,285.7354727999999,None,1.925,4.033410700000104,291.3232016999999,None,291.3232016999999,None,291.3232016999999,None,4.0375,2.298843899999838,291.3232016999999,None,,,,,,,Manjeeet Kumar,001,2022-04-22_19h53.45.198,ultamatum,2022.1.3,59.74918487173609,
,,,,3,0,3,0,,,,,,,,,,,,,,,,,,,,,,,,,,,You will receive,26,229,,,,,,,,,,,,,,,,,,,305.2706838999999,306.2701509,306.75341530000003,None,,,,,,,,,,,,,295.36494630000004,None,296.3777916,None,7.391666666666667,3.3181715000000622,296.3777916,None,299.70782789999987,None,299.70782789999987,None,3.6666666666666665,1.4607258000000911,299.70782789999987,None,2.3375,3.4094129000000066,299.70782789999987,None,303.1465408999999,None,303.1465408999999,None,303.1465408999999,None,303.1465408999999,None,303.1465408999999,None,n,2.092186000000197,303.1465408999999,None,303.1465408999999,None,4.279166666666667,2.849428900000021,308.7672085999999,None,308.7672085999999,None,308.7672085999999,None,1.5875,1.4813598000000638,308.7672085999999,None,,,,,,,Manjeeet Kumar,001,2022-04-22_19h53.45.198,ultamatum,2022.1.3,59.74918487173609,
,,,,4,0,4,0,,,,,,,,,,,,,,,,,,,,,,,,,,,You will receive,20,249,,,,,,,,,,,,,,,,,,,329.26217869999994,330.26207799999986,330.7454985999999,None,,,,,,,,,,,,,311.6221904999999,None,312.62932809999995,None,8.083333333333334,2.142783200000167,312.62932809999995,None,314.7907658999999,None,314.7907658999999,None,4.2125,2.8675596000000496,314.7907658999999,None,2.533333333333333,4.900448700000197,314.7907658999999,None,319.7122347999999,None,319.7122347999999,None,319.7122347999999,None,319.7122347999999,None,319.7122347999999,None,n,9.527463699999885,319.7122347999999,None,319.7122347999999,None,4.204166666666667,7.685074099999838,332.75514469999996,None,332.75514469999996,None,332.75514469999996,None,1.425,4.567545099999961,332.75514469999996,None,,,,,,,Manjeeet Kumar,001,2022-04-22_19h53.45.198,ultamatum,2022.1.3,59.74918487173609,
,,,,,,,,,,,,,,,,,,,,,,,,,,,,,,,,,,,,,,,,,,,,,,,,,,,,,,,,,,,,,,,,,,,,,,,,,,,,,,,,,,,,,,,,,,,,,,,,,,,,,,,,,,,,,,,,,,,,,,,340.45214739999994,None,space,1.4373016999999209,340.45214739999994,None,Manjeeet Kumar,001,2022-04-22_19h53.45.198,ultamatum,2022.1.3,59.74918487173609,
