﻿trials.thisRepN,trials.thisTrialN,trials.thisN,trials.thisIndex,trials_2.thisRepN,trials_2.thisTrialN,trials_2.thisN,trials_2.thisIndex,text_3.started,text_3.stopped,key_resp_3.keys,key_resp_3.rt,key_resp_3.started,key_resp_3.stopped,text.started,text.stopped,Expect.response,Expect.rt,Expect.started,Expect.stopped,text_4.started,text_4.stopped,ExpectedArousal2.response,ExpectedArousal2.rt,ExpectedArousal2.started,ExpectedArousal2.stopped,textBefore.started,textBefore.stopped,text2Before.started,text2Before.stopped,ExpectedValence.response,ExpectedValence.rt,ExpectedValence.started,ExpectedValence.stopped,Frame,offer,Total_Pot,Player1Pot.started,Player1Pot.stopped,Player2Pot.started,Player2Pot.stopped,split.started,split.stopped,AmountToSplit.started,AmountToSplit.stopped,frametext.started,frametext.stopped,key_resp1.keys,key_resp1.rt,key_resp1.started,key_resp1.stopped,wallet_label1.started,wallet_label1.stopped,wallet_label2.started,wallet_label2.stopped,deal_Completed.started,deal_Completed.stopped,text_6.started,text_6.stopped,ArousalAfter.response,ArousalAfter.rt,ArousalAfter.started,ArousalAfter.stopped,ValenceAfter.response,ValenceAfter.rt,ValenceAfter.started,ValenceAfter.stopped,text_7.started,text_7.stopped,text_8.started,text_8.stopped,textT2.started,textT2.stopped,anonytext0498.started,anonytext0498.stopped,anonyExpect.response,anonyExpect.rt,anonyExpect.started,anonyExpect.stopped,textBefore_2.started,textBefore_2.stopped,text2Before_2.started,text2Before_2.stopped,anonyExpectedValence.response,anonyExpectedValence.rt,anonyExpectedValence.started,anonyExpectedValence.stopped,anonyExpectedArousal.response,anonyExpectedArousal.rt,anonyExpectedArousal.started,anonyExpectedArousal.stopped,frametext_2.started,frametext_2.stopped,AmountToSplit_2.started,AmountToSplit_2.stopped,split_2.started,split_2.stopped,Player2Pot_2.started,Player2Pot_2.stopped,Player1Pot_2.started,Player1Pot_2.stopped,key_resp1_2.keys,key_resp1_2.rt,key_resp1_2.started,key_resp1_2.stopped,text_5.started,text_5.stopped,anonyValenceAfter.response,anonyValenceAfter.rt,anonyValenceAfter.started,anonyValenceAfter.stopped,text_9.started,text_9.stopped,text_10.started,text_10.stopped,anonyArousalAfter.response,anonyArousalAfter.rt,anonyArousalAfter.started,anonyArousalAfter.stopped,text_2.started,text_2.stopped,key_resp_2.keys,key_resp_2.rt,key_resp_2.started,key_resp_2.stopped,participant,session,date,expName,psychopyVersion,frameRate,
,,,,,,,,25.058361700037494,None,space,0.9944184999912977,25.058361700037494,None,,,,,,,,,,,,,,,,,,,,,,,,,,,,,,,,,,,,,,,,,,,,,,,,,,,,,,,,,,,,,,,,,,,,,,,,,,,,,,,,,,,,,,,,,,,,,,,,,,,,,,,,,,,,,,,,Manjeet,001,2022-04-22_10h43.36.210,ultamatum,2022.1.3,59.98041040241573,
0,0,0,0,,,,,,,,,,,26.081985700002406,None,5.675,3.104923899983987,27.144271299999673,None,27.144271299999673,None,2.904166666666667,3.0560919000417925,30.311319800035562,None,30.311319800035562,None,30.311319800035562,None,3.0375,1.8883897000341676,30.311319800035562,None,You will receive,77,77,33.3626554000075,None,33.3626554000075,None,33.3626554000075,None,33.3626554000075,None,33.3626554000075,None,y,1.5544417999917641,33.3626554000075,None,33.3626554000075,None,33.3626554000075,None,34.95085900003323,35.96200330002466,36.428726300015114,None,4.783333333333333,1.1413834000122733,38.55647830001544,None,1,2.8623121000127867,38.55647830001544,None,38.55647830001544,None,38.55647830001544,None,,,,,,,,,,,,,,,,,,,,,,,,,,,,,,,,,,,,,,,,,,,,,,,,,,,,,,,Manjeet,001,2022-04-22_10h43.36.210,ultamatum,2022.1.3,59.98041040241573,
1,0,1,0,,,,,,,,,,,41.34235009999247,None,6.008333333333333,1.4334400999941863,42.415231799997855,None,42.415231799997855,None,2.6125,3.6011627999832854,43.87752119998913,None,43.87752119998913,None,43.87752119998913,None,3.2291666666666665,2.6221423000097275,43.87752119998913,None,I will take,40,137,47.48156929999823,None,47.48156929999823,None,47.48156929999823,None,47.48156929999823,None,47.48156929999823,None,y,2.3981770999962464,47.48156929999823,None,47.48156929999823,None,47.48156929999823,None,49.91462330002105,50.912036399997305,51.39029350003693,None,2.725,1.4067207000334747,53.496318500023335,None,3.7708333333333335,27.720010499993805,53.496318500023335,None,53.496318500023335,None,53.496318500023335,None,,,,,,,,,,,,,,,,,,,,,,,,,,,,,,,,,,,,,,,,,,,,,,,,,,,,,,,Manjeet,001,2022-04-22_10h43.36.210,ultamatum,2022.1.3,59.98041040241573,
2,0,2,0,,,,,,,,,,,81.15650470001856,None,3.416666666666667,4.640222200017888,82.22776849998627,None,82.22776849998627,None,3.0083333333333333,3.990309500019066,86.88206129998434,None,86.88206129998434,None,86.88206129998434,None,2.9916666666666667,2.489190599997528,86.88206129998434,None,I will take,85,152,90.89489150000736,None,90.89489150000736,None,90.89489150000736,None,90.89489150000736,None,90.89489150000736,None,y,3.7978737000375986,90.89489150000736,None,90.89489150000736,None,90.89489150000736,None,94.739694399992,95.74019410001347,96.22515980002936,None,4.766666666666667,0.8830476999864914,98.3271703000064,None,1.2208333333333334,2.334049800003413,98.3271703000064,None,98.3271703000064,None,98.3271703000064,None,,,,,,,,,,,,,,,,,,,,,,,,,,,,,,,,,,,,,,,,,,,,,,,,,,,,,,,Manjeet,001,2022-04-22_10h43.36.210,ultamatum,2022.1.3,59.98041040241573,
3,0,3,0,,,,,,,,,,,100.62706339999568,None,5.3,6.608841500012204,101.70266579999588,None,101.70266579999588,None,2.833333333333333,3.9135965000023134,108.39332490001107,None,108.39332490001107,None,108.39332490001107,None,3.3,2.419679199985694,108.39332490001107,None,You will receive,32,184,112.37319710000884,None,112.37319710000884,None,112.37319710000884,None,112.37319710000884,None,112.37319710000884,None,y,2.8399465000256896,112.37319710000884,None,112.37319710000884,None,112.37319710000884,None,115.25896489998559,116.26812640001299,116.73476560000563,None,2.6,38.590686800016556,118.8132040000055,None,4.0625,41.75080330000492,118.8132040000055,None,118.8132040000055,None,118.8132040000055,None,,,,,,,,,,,,,,,,,,,,,,,,,,,,,,,,,,,,,,,,,,,,,,,,,,,,,,,Manjeet,001,2022-04-22_10h43.36.210,ultamatum,2022.1.3,59.98041040241573,
4,0,4,0,,,,,,,,,,,160.55595780001022,None,5.591666666666667,3.1996807000250556,161.63462169998093,None,161.63462169998093,None,2.958333333333333,5.119261299958453,164.8543870000285,None,164.8543870000285,None,164.8543870000285,None,3.1333333333333333,4.003848000022117,164.8543870000285,None,You will receive,26,221,170.03095159999793,None,170.03095159999793,None,170.03095159999793,None,170.03095159999793,None,170.03095159999793,None,y,2.2954648000304587,170.03095159999793,None,170.03095159999793,None,170.03095159999793,None,172.3634999000351,173.36539520003134,173.8487477999879,None,2.6,3.683506400033366,175.95283840002958,None,3.4958333333333336,6.123588199960068,175.95283840002958,None,175.95283840002958,None,175.95283840002958,None,,,,,,,,,,,,,,,,,,,,,,,,,,,,,,,,,,,,,,,,,,,,,,,,,,,,,,,Manjeet,001,2022-04-22_10h43.36.210,ultamatum,2022.1.3,59.98041040241573,
,,,,0,0,0,0,,,,,,,,,,,,,,,,,,,,,,,,,,,I will take,77,244,,,,,,,,,,,,,,,,,,,191.94059290003497,192.94337890000315,193.42532340000616,None,,,,,,,,,,,,,182.03060589998495,None,183.11817279999377,None,4.966666666666667,3.322222899994813,183.11817279999377,None,186.42630470002769,None,186.42630470002769,None,3.1416666666666666,2.1182367999572307,186.42630470002769,None,2.8625,3.220464500016533,186.42630470002769,None,189.74937760003377,None,189.74937760003377,None,189.74937760003377,None,189.74937760003377,None,189.74937760003377,None,y,2.1413594000041485,189.74937760003377,None,189.74937760003377,None,1.5958333333333334,2.8430157999973744,195.47882100002607,None,195.47882100002607,None,195.47882100002607,None,4.441666666666666,1.1964858999708667,195.47882100002607,None,,,,,,,Manjeet,001,2022-04-22_10h43.36.210,ultamatum,2022.1.3,59.98041040241573,
,,,,1,0,1,0,,,,,,,,,,,,,,,,,,,,,,,,,,,I will take,30,314,,,,,,,,,,,,,,,,,,,211.8380302999867,212.84237030002987,213.31895939999959,None,,,,,,,,,,,,,198.32954170001904,None,199.4196078000241,None,4.516666666666667,2.6936971999821253,199.4196078000241,None,202.09919029998127,None,202.09919029998127,None,3.058333333333333,2.3095606999704614,202.09919029998127,None,2.9416666666666664,3.4464358999975957,202.09919029998127,None,205.61579050001455,None,205.61579050001455,None,205.61579050001455,None,205.61579050001455,None,205.61579050001455,None,n,6.174107200000435,205.61579050001455,None,205.61579050001455,None,3.6708333333333334,3.7328504000324756,215.36672240000917,None,215.36672240000917,None,215.36672240000917,None,3.095833333333333,2.7770882000331767,215.36672240000917,None,,,,,,,Manjeet,001,2022-04-22_10h43.36.210,ultamatum,2022.1.3,59.98041040241573,
,,,,2,0,2,0,,,,,,,,,,,,,,,,,,,,,,,,,,,I will take,10,404,,,,,,,,,,,,,,,,,,,230.57970050000586,231.57464569999138,232.0623379999888,None,,,,,,,,,,,,,219.11937390000094,None,220.19611289998284,None,5.016666666666667,2.212298099999316,220.19611289998284,None,222.45139760000166,None,222.45139760000166,None,3.0791666666666666,2.1122365000192076,222.45139760000166,None,2.841666666666667,3.247279300005175,222.45139760000166,None,225.72236950002844,None,225.72236950002844,None,225.72236950002844,None,225.72236950002844,None,225.72236950002844,None,n,4.830785600002855,225.72236950002844,None,225.72236950002844,None,4.441666666666666,3.813471900008153,234.10862590000033,None,234.10862590000033,None,234.10862590000033,None,3.075,2.9130973999854177,234.10862590000033,None,,,,,,,Manjeet,001,2022-04-22_10h43.36.210,ultamatum,2022.1.3,59.98041040241573,
,,,,3,0,3,0,,,,,,,,,,,,,,,,,,,,,,,,,,,You will receive,85,489,,,,,,,,,,,,,,,,,,,245.17556850000983,246.1907457000343,246.65750540001318,None,,,,,,,,,,,,,237.94717500003753,None,239.0206034000148,None,6.516666666666667,1.2312022999976762,239.0206034000148,None,240.2734779000166,None,240.2734779000166,None,3.2375,1.7877337000099942,240.2734779000166,None,2.925,3.136959800031036,240.2734779000166,None,243.43787369999336,None,243.43787369999336,None,243.43787369999336,None,243.43787369999336,None,243.43787369999336,None,y,1.6981488000019453,243.43787369999336,None,243.43787369999336,None,1.9166666666666667,3.4544282000279054,248.70575750002172,None,248.70575750002172,None,248.70575750002172,None,3.9625,1.0120289999758825,248.70575750002172,None,,,,,,,Manjeet,001,2022-04-22_10h43.36.210,ultamatum,2022.1.3,59.98041040241573,
,,,,4,0,4,0,,,,,,,,,,,,,,,,,,,,,,,,,,,I will take,59,530,,,,,,,,,,,,,,,,,,,260.90898930002004,261.8976846000296,262.38547340000514,None,,,,,,,,,,,,,252.17357540002558,None,253.25076030002674,None,4.883333333333333,1.2895521000027657,253.25076030002674,None,254.5369174000225,None,254.5369174000225,None,3.004166666666667,2.340493299998343,254.5369174000225,None,3.004166666666667,3.731460099981632,254.5369174000225,None,258.3335889999871,None,258.3335889999871,None,258.3335889999871,None,258.3335889999871,None,258.3335889999871,None,y,2.542223299969919,258.3335889999871,None,258.3335889999871,None,1.3875,4.6826618000050075,264.43014449998736,None,264.43014449998736,None,264.43014449998736,None,4.166666666666667,2.478280999988783,264.43014449998736,None,,,,,,,Manjeet,001,2022-04-22_10h43.36.210,ultamatum,2022.1.3,59.98041040241573,
,,,,,,,,,,,,,,,,,,,,,,,,,,,,,,,,,,,,,,,,,,,,,,,,,,,,,,,,,,,,,,,,,,,,,,,,,,,,,,,,,,,,,,,,,,,,,,,,,,,,,,,,,,,,,,,,,,,,,,,269.1190265000332,None,space,5.480287199956365,269.1190265000332,None,Manjeet,001,2022-04-22_10h43.36.210,ultamatum,2022.1.3,59.98041040241573,
