﻿trials.thisRepN,trials.thisTrialN,trials.thisN,trials.thisIndex,trials_2.thisRepN,trials_2.thisTrialN,trials_2.thisN,trials_2.thisIndex,text_3.started,text_3.stopped,key_resp_3.keys,key_resp_3.rt,key_resp_3.started,key_resp_3.stopped,text.started,text.stopped,Expect.response,Expect.rt,Expect.started,Expect.stopped,text_4.started,text_4.stopped,ExpectedArousal2.response,ExpectedArousal2.rt,ExpectedArousal2.started,ExpectedArousal2.stopped,textBefore.started,textBefore.stopped,text2Before.started,text2Before.stopped,ExpectedValence.response,ExpectedValence.rt,ExpectedValence.started,ExpectedValence.stopped,Frame,offer,Total_Pot,Player1Pot.started,Player1Pot.stopped,Player2Pot.started,Player2Pot.stopped,split.started,split.stopped,AmountToSplit.started,AmountToSplit.stopped,frametext.started,frametext.stopped,key_resp1.keys,key_resp1.rt,key_resp1.started,key_resp1.stopped,wallet_label1.started,wallet_label1.stopped,wallet_label2.started,wallet_label2.stopped,deal_Completed.started,deal_Completed.stopped,text_6.started,text_6.stopped,ArousalAfter.response,ArousalAfter.rt,ArousalAfter.started,ArousalAfter.stopped,ValenceAfter.response,ValenceAfter.rt,ValenceAfter.started,ValenceAfter.stopped,text_7.started,text_7.stopped,text_8.started,text_8.stopped,textT2.started,textT2.stopped,anonytext0498.started,anonytext0498.stopped,anonyExpect.response,anonyExpect.rt,anonyExpect.started,anonyExpect.stopped,textBefore_2.started,textBefore_2.stopped,text2Before_2.started,text2Before_2.stopped,anonyExpectedValence.response,anonyExpectedValence.rt,anonyExpectedValence.started,anonyExpectedValence.stopped,anonyExpectedArousal.response,anonyExpectedArousal.rt,anonyExpectedArousal.started,anonyExpectedArousal.stopped,frametext_2.started,frametext_2.stopped,AmountToSplit_2.started,AmountToSplit_2.stopped,split_2.started,split_2.stopped,Player2Pot_2.started,Player2Pot_2.stopped,Player1Pot_2.started,Player1Pot_2.stopped,key_resp1_2.keys,key_resp1_2.rt,key_resp1_2.started,key_resp1_2.stopped,text_5.started,text_5.stopped,anonyValenceAfter.response,anonyValenceAfter.rt,anonyValenceAfter.started,anonyValenceAfter.stopped,text_9.started,text_9.stopped,text_10.started,text_10.stopped,anonyArousalAfter.response,anonyArousalAfter.rt,anonyArousalAfter.started,anonyArousalAfter.stopped,text_2.started,text_2.stopped,key_resp_2.keys,key_resp_2.rt,key_resp_2.started,key_resp_2.stopped,participant,session,date,expName,psychopyVersion,frameRate,
,,,,,,,,20.79057119999925,None,y,26.51439720000053,20.79057119999925,None,,,,,,,,,,,,,,,,,,,,,,,,,,,,,,,,,,,,,,,,,,,,,,,,,,,,,,,,,,,,,,,,,,,,,,,,,,,,,,,,,,,,,,,,,,,,,,,,,,,,,,,,,,,,,,,,Naman Gupta,001,2022-04-22_11h53.12.487,ultamatum,2022.1.3,59.9416168652525,
0,0,0,0,,,,,,,,,,,47.32292269999925,None,3.55,8.300835100000768,48.35105180000028,None,48.35105180000028,None,2.8583333333333334,4.072568699999465,56.65807350000068,None,56.65807350000068,None,56.65807350000068,None,3.216666666666667,2.7547087999992073,56.65807350000068,None,You will receive,40,40,60.74909680000019,None,60.74909680000019,None,60.74909680000019,None,60.74909680000019,None,60.74909680000019,None,y,3.108496599999853,60.74909680000019,None,60.74909680000019,None,60.74909680000019,None,63.87980760000028,64.88015140000061,65.36362469999949,None,3.3875,0.9516328999998223,67.38652729999922,None,2.7333333333333334,2.078852700000425,67.38652729999922,None,67.38652729999922,None,67.38652729999922,None,,,,,,,,,,,,,,,,,,,,,,,,,,,,,,,,,,,,,,,,,,,,,,,,,,,,,,,Naman Gupta,001,2022-04-22_11h53.12.487,ultamatum,2022.1.3,59.9416168652525,
1,0,1,0,,,,,,,,,,,69.45039609999912,None,4.991666666666667,3.6325365000011516,70.46861189999981,None,70.46861189999981,None,2.9958333333333336,3.973002999999153,74.12604020000072,None,74.12604020000072,None,74.12604020000072,None,3.0166666666666666,2.9225053999998636,74.12604020000072,None,I will take,26,40,78.11643860000004,None,78.11643860000004,None,78.11643860000004,None,78.11643860000004,None,78.11643860000004,None,n,9.33503539999947,78.11643860000004,None,78.11643860000004,None,78.11643860000004,None,87.47192969999924,88.4722254999997,88.95548720000079,None,None,None,90.96934529999999,None,1.725,1.8045971999999892,90.96934529999999,None,90.96934529999999,None,90.96934529999999,None,,,,,,,,,,,,,,,,,,,,,,,,,,,,,,,,,,,,,,,,,,,,,,,,,,,,,,,Naman Gupta,001,2022-04-22_11h53.12.487,ultamatum,2022.1.3,59.9416168652525,
2,0,2,0,,,,,,,,,,,92.77382399999988,None,2.625,3.816725000000588,93.77761939999982,None,93.77761939999982,None,1.4708333333333334,11.828517099998862,97.6209476999993,None,97.6209476999993,None,97.6209476999993,None,3.658333333333333,8.648859200000516,97.6209476999993,None,You will receive,85,125,109.4589548999993,None,109.4589548999993,None,109.4589548999993,None,109.4589548999993,None,109.4589548999993,None,y,2.3874708999992436,109.4589548999993,None,109.4589548999993,None,109.4589548999993,None,111.86463559999902,112.86450429999968,113.34878700000081,None,4.925,3.2059446000002936,115.36065199999939,None,1.1541666666666666,6.547678500000984,115.36065199999939,None,115.36065199999939,None,115.36065199999939,None,,,,,,,,,,,,,,,,,,,,,,,,,,,,,,,,,,,,,,,,,,,,,,,,,,,,,,,Naman Gupta,001,2022-04-22_11h53.12.487,ultamatum,2022.1.3,59.9416168652525,
3,0,3,0,,,,,,,,,,,121.90376269999979,None,7.616666666666667,5.983618700000079,122.92162269999972,None,122.92162269999972,None,2.025,6.856302899999719,128.92896409999958,None,128.92896409999958,None,128.92896409999958,None,4.0,3.954721800000698,128.92896409999958,None,I will take,77,148,135.8019163000008,None,135.8019163000008,None,135.8019163000008,None,135.8019163000008,None,135.8019163000008,None,y,3.2366736000003584,135.8019163000008,None,135.8019163000008,None,135.8019163000008,None,139.05828830000064,140.0589691999994,140.54200149999997,None,4.3375,2.201411799998823,142.554263,None,2.645833333333333,4.2620754999989,142.554263,None,142.554263,None,142.554263,None,,,,,,,,,,,,,,,,,,,,,,,,,,,,,,,,,,,,,,,,,,,,,,,,,,,,,,,Naman Gupta,001,2022-04-22_11h53.12.487,ultamatum,2022.1.3,59.9416168652525,
4,0,4,0,,,,,,,,,,,146.81150870000056,None,4.383333333333333,6.600338599999304,147.81494659999953,None,147.81494659999953,None,2.3958333333333335,8.987261799999033,154.43975839999985,None,154.43975839999985,None,154.43975839999985,None,3.2333333333333334,7.052880299999742,154.43975839999985,None,I will take,26,198,163.4383027999993,None,163.4383027999993,None,163.4383027999993,None,163.4383027999993,None,163.4383027999993,None,y,2.3898905999994895,163.4383027999993,None,163.4383027999993,None,163.4383027999993,None,165.85183069999948,166.85208199999943,167.33592060000046,None,3.9416666666666664,1.9845710999998118,169.34776930000044,None,2.6125,3.160036900000705,169.34776930000044,None,169.34776930000044,None,169.34776930000044,None,,,,,,,,,,,,,,,,,,,,,,,,,,,,,,,,,,,,,,,,,,,,,,,,,,,,,,,Naman Gupta,001,2022-04-22_11h53.12.487,ultamatum,2022.1.3,59.9416168652525,
,,,,0,0,0,0,,,,,,,,,,,,,,,,,,,,,,,,,,,You will receive,85,283,,,,,,,,,,,,,,,,,,,197.2306721999994,198.23106329999973,198.71449720000055,None,,,,,,,,,,,,,172.50545649999913,None,173.51391370000056,None,4.35,4.833384899999146,173.51391370000056,None,178.35834649999924,None,178.35834649999924,None,3.4625,12.301062399999864,178.35834649999924,None,2.5666666666666664,15.934029300000475,178.35834649999924,None,194.33092129999932,None,194.33092129999932,None,194.33092129999932,None,194.33092129999932,None,194.33092129999932,None,y,2.88171279999915,194.33092129999932,None,194.33092129999932,None,1.6125,3.966705400000137,200.71814210000048,None,200.71814210000048,None,200.71814210000048,None,4.525,2.2815513999994437,200.71814210000048,None,,,,,,,Naman Gupta,001,2022-04-22_11h53.12.487,ultamatum,2022.1.3,59.9416168652525,
,,,,1,0,1,0,,,,,,,,,,,,,,,,,,,,,,,,,,,I will take,30,353,,,,,,,,,,,,,,,,,,,266.72389400000066,267.7244468000008,268.2080585999993,None,,,,,,,,,,,,,204.7001720999997,None,205.70520570000008,None,2.6,6.549529799998709,205.70520570000008,None,212.26922600000034,None,212.26922600000034,None,2.783333333333333,50.366855000000214,212.26922600000034,None,2.3625,51.34876710000026,212.26922600000034,None,263.64142039999933,None,263.64142039999933,None,263.64142039999933,None,263.64142039999933,None,263.64142039999933,None,n,3.0650212000000465,263.64142039999933,None,263.64142039999933,None,4.991666666666667,11.50282309999966,270.21171569999933,None,270.21171569999933,None,270.21171569999933,None,1.9458333333333333,7.2998342999999295,270.21171569999933,None,,,,,,,Naman Gupta,001,2022-04-22_11h53.12.487,ultamatum,2022.1.3,59.9416168652525,
,,,,2,0,2,0,,,,,,,,,,,,,,,,,,,,,,,,,,,I will take,32,421,,,,,,,,,,,,,,,,,,,298.2694200999995,299.2698332,299.7530910000005,None,,,,,,,,,,,,,281.72958370000015,None,282.73314519999985,None,1,2.86697439999989,282.73314519999985,None,285.6141676999996,None,285.6141676999996,None,2.9958333333333336,3.482416500000909,285.6141676999996,None,2.783333333333333,10.249569600000541,285.6141676999996,None,295.8862294999999,None,295.8862294999999,None,295.8862294999999,None,295.8862294999999,None,295.8862294999999,None,y,2.359771699999328,295.8862294999999,None,295.8862294999999,None,1.1,11.435957800000324,301.75584359999993,None,301.75584359999993,None,301.75584359999993,None,3.15,4.665923200000179,301.75584359999993,None,,,,,,,Naman Gupta,001,2022-04-22_11h53.12.487,ultamatum,2022.1.3,59.9416168652525,
,,,,3,0,3,0,,,,,,,,,,,,,,,,,,,,,,,,,,,You will receive,40,461,,,,,,,,,,,,,,,,,,,361.5936032999998,362.5938618,363.0776153000006,None,,,,,,,,,,,,,313.20834230000037,None,314.2121922000006,None,3.458333333333333,6.034181999999419,314.2121922000006,None,320.26105970000026,None,320.26105970000026,None,3.2666666666666666,35.995343700000376,320.26105970000026,None,2.7,38.59492779999891,320.26105970000026,None,358.8778848000002,None,358.8778848000002,None,358.8778848000002,None,358.8778848000002,None,358.8778848000002,None,y,2.6991846000000805,358.8778848000002,None,358.8778848000002,None,1.0708333333333333,5.000058400000853,365.0803957999997,None,365.0803957999997,None,365.0803957999997,None,3.5375,1.3811268999997992,365.0803957999997,None,,,,,,,Naman Gupta,001,2022-04-22_11h53.12.487,ultamatum,2022.1.3,59.9416168652525,
,,,,4,0,4,0,,,,,,,,,,,,,,,,,,,,,,,,,,,You will receive,59,520,,,,,,,,,,,,,,,,,,,391.2720145000003,392.2719214000008,392.75514309999926,None,,,,,,,,,,,,,370.0969058999999,None,371.0999668000004,None,8.583333333333334,6.417365600000267,371.0999668000004,None,377.53253120000045,None,377.53253120000045,None,5,3.3498532000012347,377.53253120000045,None,1.6916666666666667,9.300332700000581,377.53253120000045,None,386.8542632000008,None,386.8542632000008,None,386.8542632000008,None,386.8542632000008,None,386.8542632000008,None,y,4.385754799999631,386.8542632000008,None,386.8542632000008,None,4.541666666666667,6.667229000000589,394.7589227999997,None,394.7589227999997,None,394.7589227999997,None,1.4458333333333333,4.215876600001138,394.7589227999997,None,,,,,,,Naman Gupta,001,2022-04-22_11h53.12.487,ultamatum,2022.1.3,59.9416168652525,
,,,,,,,,,,,,,,,,,,,,,,,,,,,,,,,,,,,,,,,,,,,,,,,,,,,,,,,,,,,,,,,,,,,,,,,,,,,,,,,,,,,,,,,,,,,,,,,,,,,,,,,,,,,,,,,,,,,,,,,401.4421299000005,None,space,4.731878499998857,401.4421299000005,None,Naman Gupta,001,2022-04-22_11h53.12.487,ultamatum,2022.1.3,59.9416168652525,
