﻿trials.thisRepN,trials.thisTrialN,trials.thisN,trials.thisIndex,trials_2.thisRepN,trials_2.thisTrialN,trials_2.thisN,trials_2.thisIndex,text_3.started,text_3.stopped,key_resp_3.keys,key_resp_3.rt,key_resp_3.started,key_resp_3.stopped,text.started,text.stopped,Expect.response,Expect.rt,Expect.started,Expect.stopped,text_4.started,text_4.stopped,ExpectedArousal2.response,ExpectedArousal2.rt,ExpectedArousal2.started,ExpectedArousal2.stopped,textBefore.started,textBefore.stopped,text2Before.started,text2Before.stopped,ExpectedValence.response,ExpectedValence.rt,ExpectedValence.started,ExpectedValence.stopped,Frame,offer,Total_Pot,Player1Pot.started,Player1Pot.stopped,Player2Pot.started,Player2Pot.stopped,split.started,split.stopped,AmountToSplit.started,AmountToSplit.stopped,frametext.started,frametext.stopped,key_resp1.keys,key_resp1.rt,key_resp1.started,key_resp1.stopped,wallet_label1.started,wallet_label1.stopped,wallet_label2.started,wallet_label2.stopped,deal_Completed.started,deal_Completed.stopped,text_6.started,text_6.stopped,ArousalAfter.response,ArousalAfter.rt,ArousalAfter.started,ArousalAfter.stopped,ValenceAfter.response,ValenceAfter.rt,ValenceAfter.started,ValenceAfter.stopped,text_7.started,text_7.stopped,text_8.started,text_8.stopped,textT2.started,textT2.stopped,anonytext0498.started,anonytext0498.stopped,anonyExpect.response,anonyExpect.rt,anonyExpect.started,anonyExpect.stopped,textBefore_2.started,textBefore_2.stopped,text2Before_2.started,text2Before_2.stopped,anonyExpectedValence.response,anonyExpectedValence.rt,anonyExpectedValence.started,anonyExpectedValence.stopped,anonyExpectedArousal.response,anonyExpectedArousal.rt,anonyExpectedArousal.started,anonyExpectedArousal.stopped,frametext_2.started,frametext_2.stopped,AmountToSplit_2.started,AmountToSplit_2.stopped,split_2.started,split_2.stopped,Player2Pot_2.started,Player2Pot_2.stopped,Player1Pot_2.started,Player1Pot_2.stopped,key_resp1_2.keys,key_resp1_2.rt,key_resp1_2.started,key_resp1_2.stopped,text_5.started,text_5.stopped,anonyValenceAfter.response,anonyValenceAfter.rt,anonyValenceAfter.started,anonyValenceAfter.stopped,text_9.started,text_9.stopped,text_10.started,text_10.stopped,anonyArousalAfter.response,anonyArousalAfter.rt,anonyArousalAfter.started,anonyArousalAfter.stopped,text_2.started,text_2.stopped,key_resp_2.keys,key_resp_2.rt,key_resp_2.started,key_resp_2.stopped,participant,session,date,expName,psychopyVersion,frameRate,
,,,,,,,,60.55765920004342,None,space,0.8770442000241019,60.55765920004342,None,,,,,,,,,,,,,,,,,,,,,,,,,,,,,,,,,,,,,,,,,,,,,,,,,,,,,,,,,,,,,,,,,,,,,,,,,,,,,,,,,,,,,,,,,,,,,,,,,,,,,,,,,,,,,,,,Nitin_Patil,001,2022-04-22_11h38.20.209,ultamatum,2022.1.3,60.03031529546424,
0,0,0,0,,,,,,,,,,,61.45469049998792,None,5.0,1.9268339999835007,62.608247700030915,None,62.608247700030915,None,2.970833333333333,2.5274558999808505,64.50583070004359,None,64.50583070004359,None,64.50583070004359,None,3.0375,1.6069250000291504,64.50583070004359,None,I will take,32,68,67.05899019999197,None,67.05899019999197,None,67.05899019999197,None,67.05899019999197,None,67.05899019999197,None,y,2.453496299975086,67.05899019999197,None,67.05899019999197,None,67.05899019999197,None,69.5654424999957,70.55409620003775,71.05096040002536,None,2.4333333333333336,3.603683400026057,73.18259060004493,None,4.1125,5.833552900003269,73.18259060004493,None,73.18259060004493,None,73.18259060004493,None,,,,,,,,,,,,,,,,,,,,,,,,,,,,,,,,,,,,,,,,,,,,,,,,,,,,,,,Nitin_Patil,001,2022-04-22_11h38.20.209,ultamatum,2022.1.3,60.03031529546424,
1,0,1,0,,,,,,,,,,,78.94924330001231,None,5.225,6.2406490000430495,80.03279950004071,None,80.03279950004071,None,3.1375,4.5933929000166245,86.3816433000029,None,86.3816433000029,None,86.3816433000029,None,2.8708333333333336,3.5084042999660596,86.3816433000029,None,I will take,10,68,90.97220310004195,None,90.97220310004195,None,90.97220310004195,None,90.97220310004195,None,90.97220310004195,None,n,1.8247236000024714,90.97220310004195,None,90.97220310004195,None,90.97220310004195,None,92.83535390003817,93.83934290002799,94.32635680004023,None,3.2,0.8027894000406377,96.43231460003881,None,4.708333333333333,2.0448496000026353,96.43231460003881,None,96.43231460003881,None,96.43231460003881,None,,,,,,,,,,,,,,,,,,,,,,,,,,,,,,,,,,,,,,,,,,,,,,,,,,,,,,,Nitin_Patil,001,2022-04-22_11h38.20.209,ultamatum,2022.1.3,60.03031529546424,
2,0,2,0,,,,,,,,,,,98.42456770001445,None,5.791666666666667,4.006530299957376,99.50179310003296,None,99.50179310003296,None,3.2375,3.3217115000006743,103.52640350000001,None,103.52640350000001,None,103.52640350000001,None,2.7,1.1486077000154182,103.52640350000001,None,You will receive,50,118,106.88820350001333,None,106.88820350001333,None,106.88820350001333,None,106.88820350001333,None,106.88820350001333,None,y,13.157565200002864,106.88820350001333,None,106.88820350001333,None,106.88820350001333,None,120.08858199999668,121.08369930001209,121.56709540000884,None,3.6166666666666667,4.479558299994096,123.63160160003463,None,2.3375,5.882342700031586,123.63160160003463,None,123.63160160003463,None,123.63160160003463,None,,,,,,,,,,,,,,,,,,,,,,,,,,,,,,,,,,,,,,,,,,,,,,,,,,,,,,,Nitin_Patil,001,2022-04-22_11h38.20.209,ultamatum,2022.1.3,60.03031529546424,
3,0,3,0,,,,,,,,,,,129.50518860004377,None,5.283333333333333,2.5233861000160687,130.58366790000582,None,130.58366790000582,None,2.8875,2.985095000010915,133.11976060003508,None,133.11976060003508,None,133.11976060003508,None,3.275,1.138765899988357,133.11976060003508,None,I will take,37,181,136.17528460000176,None,136.17528460000176,None,136.17528460000176,None,136.17528460000176,None,136.17528460000176,None,y,1.6741352999815717,136.17528460000176,None,136.17528460000176,None,136.17528460000176,None,137.8693150000181,138.86746500001755,139.34438040002715,None,2.5375,3.1899062000447884,141.44422420003684,None,3.9208333333333334,4.770406100025866,141.44422420003684,None,141.44422420003684,None,141.44422420003684,None,,,,,,,,,,,,,,,,,,,,,,,,,,,,,,,,,,,,,,,,,,,,,,,,,,,,,,,Nitin_Patil,001,2022-04-22_11h38.20.209,ultamatum,2022.1.3,60.03031529546424,
4,0,4,0,,,,,,,,,,,146.15642499999376,None,4.75,14.602659000025596,147.22716410004068,None,147.22716410004068,None,2.970833333333333,7.073129899974447,161.89037179999286,None,161.89037179999286,None,161.89037179999286,None,3.033333333333333,5.650168999971356,161.89037179999286,None,I will take,32,196,169.01933119999012,None,169.01933119999012,None,169.01933119999012,None,169.01933119999012,None,169.01933119999012,None,y,51.10002919996623,169.01933119999012,None,169.01933119999012,None,169.01933119999012,None,220.14127820002614,221.12947770004394,221.61660920002032,None,4.7625,2.5931857000105083,223.69234529999085,None,1.2666666666666666,4.13670390000334,223.69234529999085,None,223.69234529999085,None,223.69234529999085,None,,,,,,,,,,,,,,,,,,,,,,,,,,,,,,,,,,,,,,,,,,,,,,,,,,,,,,,Nitin_Patil,001,2022-04-22_11h38.20.209,ultamatum,2022.1.3,60.03031529546424,
,,,,0,0,0,0,,,,,,,,,,,,,,,,,,,,,,,,,,,I will take,26,270,,,,,,,,,,,,,,,,,,,264.40668499999447,265.40621079999255,265.88487519999035,None,,,,,,,,,,,,,227.80327030003536,None,228.9074448000174,None,5.875,5.645753099990543,228.9074448000174,None,234.53427180001745,None,234.53427180001745,None,3.1083333333333334,1.408889599959366,234.53427180001745,None,2.595833333333333,28.512422700005118,234.53427180001745,None,263.12387260003015,None,263.12387260003015,None,263.12387260003015,None,263.12387260003015,None,263.12387260003015,None,y,1.2358939000405371,263.12387260003015,None,263.12387260003015,None,4.3875,5.199861200002488,267.9441170000355,None,267.9441170000355,None,267.9441170000355,None,1.7416666666666667,3.4916350999847054,267.9441170000355,None,,,,,,,Nitin_Patil,001,2022-04-22_11h38.20.209,ultamatum,2022.1.3,60.03031529546424,
,,,,1,0,1,0,,,,,,,,,,,,,,,,,,,,,,,,,,,You will receive,37,307,,,,,,,,,,,,,,,,,,,283.2474490000168,284.2528830000083,284.7285952999955,None,,,,,,,,,,,,,273.12843159999466,None,274.1727307999972,None,5.008333333333334,3.2779258000082336,274.1727307999972,None,277.4805379000027,None,277.4805379000027,None,3.0,1.9031475000083447,277.4805379000027,None,3.0083333333333333,3.175718400045298,277.4805379000027,None,280.6894301000284,None,280.6894301000284,None,280.6894301000284,None,280.6894301000284,None,280.6894301000284,None,y,2.5234872000291944,280.6894301000284,None,280.6894301000284,None,3.9416666666666664,20.02899369999068,286.7767012999975,None,286.7767012999975,None,286.7767012999975,None,2.466666666666667,18.65368839999428,286.7767012999975,None,,,,,,,Nitin_Patil,001,2022-04-22_11h38.20.209,ultamatum,2022.1.3,60.03031529546424,
,,,,2,0,2,0,,,,,,,,,,,,,,,,,,,,,,,,,,,You will receive,59,366,,,,,,,,,,,,,,,,,,,316.1036124000093,317.0940017999965,317.58400989999063,None,,,,,,,,,,,,,306.81472050002776,None,307.8986556000309,None,4.975,1.6497648999793455,307.8986556000309,None,309.54960910003865,None,309.54960910003865,None,3.1125,2.4774155000341125,309.54960910003865,None,2.95,4.42555889999494,309.54960910003865,None,314.004013400001,None,314.004013400001,None,314.004013400001,None,314.004013400001,None,314.004013400001,None,y,2.06321030005347,314.004013400001,None,314.004013400001,None,1.9375,3.9471211999771185,319.6330406999914,None,319.6330406999914,None,319.6330406999914,None,4.104166666666667,1.2241050000302494,319.6330406999914,None,,,,,,,Nitin_Patil,001,2022-04-22_11h38.20.209,ultamatum,2022.1.3,60.03031529546424,
,,,,3,0,3,0,,,,,,,,,,,,,,,,,,,,,,,,,,,I will take,30,436,,,,,,,,,,,,,,,,,,,333.28913150000153,334.2876977000269,334.7614683000138,None,,,,,,,,,,,,,323.59261590003734,None,324.6788953000214,None,5.091666666666667,1.3337008999660611,324.6788953000214,None,326.007477200008,None,326.007477200008,None,2.9833333333333334,2.064209899981506,326.007477200008,None,2.916666666666667,5.333959899959154,326.007477200008,None,331.40847570000915,None,331.40847570000915,None,331.40847570000915,None,331.40847570000915,None,331.40847570000915,None,n,1.8530429999809712,331.40847570000915,None,331.40847570000915,None,2.575,37.63232239999343,336.80815400002757,None,336.80815400002757,None,336.80815400002757,None,3.5708333333333333,35.93066070001805,336.80815400002757,None,,,,,,,Nitin_Patil,001,2022-04-22_11h38.20.209,ultamatum,2022.1.3,60.03031529546424,
,,,,4,0,4,0,,,,,,,,,,,,,,,,,,,,,,,,,,,You will receive,77,513,,,,,,,,,,,,,,,,,,,407.0705939999898,408.0698866000166,408.55318079999415,None,,,,,,,,,,,,,374.46326310001314,None,375.5428348000278,None,4.783333333333333,26.304586800048128,375.5428348000278,None,401.82868890004465,None,401.82868890004465,None,2.9333333333333336,2.1514873999985866,401.82868890004465,None,3.0208333333333335,3.786773899977561,401.82868890004465,None,405.6904213000089,None,405.6904213000089,None,405.6904213000089,None,405.6904213000089,None,405.6904213000089,None,y,1.3444365999894217,405.6904213000089,None,405.6904213000089,None,1.3416666666666666,3.7590135999489576,410.59800960001303,None,410.59800960001303,None,410.59800960001303,None,4.4375,0.7721705000149086,410.59800960001303,None,,,,,,,Nitin_Patil,001,2022-04-22_11h38.20.209,ultamatum,2022.1.3,60.03031529546424,
,,,,,,,,,,,,,,,,,,,,,,,,,,,,,,,,,,,,,,,,,,,,,,,,,,,,,,,,,,,,,,,,,,,,,,,,,,,,,,,,,,,,,,,,,,,,,,,,,,,,,,,,,,,,,,,,,,,,,,,414.3864719000412,None,space,1.3725975999841467,414.3864719000412,None,Nitin_Patil,001,2022-04-22_11h38.20.209,ultamatum,2022.1.3,60.03031529546424,
