﻿trials.thisRepN,trials.thisTrialN,trials.thisN,trials.thisIndex,trials_2.thisRepN,trials_2.thisTrialN,trials_2.thisN,trials_2.thisIndex,text_3.started,text_3.stopped,key_resp_3.keys,key_resp_3.rt,key_resp_3.started,key_resp_3.stopped,text.started,text.stopped,Expect.response,Expect.rt,Expect.started,Expect.stopped,text_4.started,text_4.stopped,ExpectedArousal2.response,ExpectedArousal2.rt,ExpectedArousal2.started,ExpectedArousal2.stopped,textBefore.started,textBefore.stopped,text2Before.started,text2Before.stopped,ExpectedValence.response,ExpectedValence.rt,ExpectedValence.started,ExpectedValence.stopped,Frame,offer,Total_Pot,Player1Pot.started,Player1Pot.stopped,Player2Pot.started,Player2Pot.stopped,split.started,split.stopped,AmountToSplit.started,AmountToSplit.stopped,frametext.started,frametext.stopped,key_resp1.keys,key_resp1.rt,key_resp1.started,key_resp1.stopped,wallet_label1.started,wallet_label1.stopped,wallet_label2.started,wallet_label2.stopped,deal_Completed.started,deal_Completed.stopped,text_6.started,text_6.stopped,ArousalAfter.response,ArousalAfter.rt,ArousalAfter.started,ArousalAfter.stopped,ValenceAfter.response,ValenceAfter.rt,ValenceAfter.started,ValenceAfter.stopped,text_7.started,text_7.stopped,text_8.started,text_8.stopped,textT2.started,textT2.stopped,anonytext0498.started,anonytext0498.stopped,anonyExpect.response,anonyExpect.rt,anonyExpect.started,anonyExpect.stopped,textBefore_2.started,textBefore_2.stopped,text2Before_2.started,text2Before_2.stopped,anonyExpectedValence.response,anonyExpectedValence.rt,anonyExpectedValence.started,anonyExpectedValence.stopped,anonyExpectedArousal.response,anonyExpectedArousal.rt,anonyExpectedArousal.started,anonyExpectedArousal.stopped,frametext_2.started,frametext_2.stopped,AmountToSplit_2.started,AmountToSplit_2.stopped,split_2.started,split_2.stopped,Player2Pot_2.started,Player2Pot_2.stopped,Player1Pot_2.started,Player1Pot_2.stopped,key_resp1_2.keys,key_resp1_2.rt,key_resp1_2.started,key_resp1_2.stopped,text_5.started,text_5.stopped,anonyValenceAfter.response,anonyValenceAfter.rt,anonyValenceAfter.started,anonyValenceAfter.stopped,text_9.started,text_9.stopped,text_10.started,text_10.stopped,anonyArousalAfter.response,anonyArousalAfter.rt,anonyArousalAfter.started,anonyArousalAfter.stopped,text_2.started,text_2.stopped,key_resp_2.keys,key_resp_2.rt,key_resp_2.started,key_resp_2.stopped,participant,session,date,expName,psychopyVersion,frameRate,
,,,,,,,,34.90760030000001,None,space,5.808606900000086,34.90760030000001,None,,,,,,,,,,,,,,,,,,,,,,,,,,,,,,,,,,,,,,,,,,,,,,,,,,,,,,,,,,,,,,,,,,,,,,,,,,,,,,,,,,,,,,,,,,,,,,,,,,,,,,,,,,,,,,,,nitin,001,2022-04-22_12h29.53.600,ultamatum,2022.1.3,59.937090030304944,
0,0,0,0,,,,,,,,,,,40.742478300000016,None,3.3916666666666666,5.260406400000079,41.780899999999974,None,41.780899999999974,None,3.4416666666666664,3.8350087999999687,47.04327520000004,None,47.04327520000004,None,47.04327520000004,None,2.8166666666666664,2.624152200000026,47.04327520000004,None,I will take,37,63,50.90501240000003,None,50.90501240000003,None,50.90501240000003,None,50.90501240000003,None,50.90501240000003,None,y,2.1517642000000023,50.90501240000003,None,50.90501240000003,None,50.90501240000003,None,53.074584999999956,54.09011709999993,54.55670550000002,None,1.725,2.93737770000007,56.594381699999985,None,4.620833333333334,3.6750072999999475,56.594381699999985,None,56.594381699999985,None,56.594381699999985,None,,,,,,,,,,,,,,,,,,,,,,,,,,,,,,,,,,,,,,,,,,,,,,,,,,,,,,,nitin,001,2022-04-22_12h29.53.600,ultamatum,2022.1.3,59.937090030304944,
1,0,1,0,,,,,,,,,,,60.2587188,None,2.9916666666666667,6.932191999999986,61.276760800000034,None,61.276760800000034,None,3.1166666666666667,5.144092999999998,68.24375929999997,None,68.24375929999997,None,68.24375929999997,None,2.6833333333333336,2.135374899999988,68.24375929999997,None,I will take,32,63,73.40551670000002,None,73.40551670000002,None,73.40551670000002,None,73.40551670000002,None,73.40551670000002,None,n,3.7182225000000244,73.40551670000002,None,73.40551670000002,None,73.40551670000002,None,77.15274920000002,78.16863169999999,78.63560659999996,None,3.066666666666667,7.9228495999999495,80.64745719999996,None,3.6416666666666666,12.26456810000002,80.64745719999996,None,80.64745719999996,None,80.64745719999996,None,,,,,,,,,,,,,,,,,,,,,,,,,,,,,,,,,,,,,,,,,,,,,,,,,,,,,,,nitin,001,2022-04-22_12h29.53.600,ultamatum,2022.1.3,59.937090030304944,
2,0,2,0,,,,,,,,,,,92.90949590000002,None,5.141666666666667,3.6789625000000115,93.92292239999995,None,93.92292239999995,None,2.845833333333333,5.578334400000017,97.62905549999994,None,97.62905549999994,None,97.62905549999994,None,3.591666666666667,4.3242665000000216,97.62905549999994,None,You will receive,59,122,103.23016269999994,None,103.23016269999994,None,103.23016269999994,None,103.23016269999994,None,103.23016269999994,None,y,1.4224567999999636,103.23016269999994,None,103.23016269999994,None,103.23016269999994,None,104.68056279999996,105.67970159999993,106.16379229999995,None,3.3208333333333333,1.8275464000000738,108.17794200000003,None,3.345833333333333,2.975009900000032,108.17794200000003,None,108.17794200000003,None,108.17794200000003,None,,,,,,,,,,,,,,,,,,,,,,,,,,,,,,,,,,,,,,,,,,,,,,,,,,,,,,,nitin,001,2022-04-22_12h29.53.600,ultamatum,2022.1.3,59.937090030304944,
3,0,3,0,,,,,,,,,,,111.14861529999996,None,5.8,2.7733586999999034,112.16793759999996,None,112.16793759999996,None,2.841666666666667,2.7988288999999895,114.96882070000004,None,114.96882070000004,None,114.96882070000004,None,3.8541666666666665,2.0247243999999682,114.96882070000004,None,I will take,85,137,117.78784280000002,None,117.78784280000002,None,117.78784280000002,None,117.78784280000002,None,117.78784280000002,None,y,3.7863996000000952,117.78784280000002,None,117.78784280000002,None,117.78784280000002,None,121.59423549999997,122.59409500000004,123.07715829999995,None,4.1625,0.9156070000000227,125.0892973,None,2.841666666666667,4.24029859999996,125.0892973,None,125.0892973,None,125.0892973,None,,,,,,,,,,,,,,,,,,,,,,,,,,,,,,,,,,,,,,,,,,,,,,,,,,,,,,,nitin,001,2022-04-22_12h29.53.600,ultamatum,2022.1.3,59.937090030304944,
4,0,4,0,,,,,,,,,,,129.32841439999993,None,5.016666666666667,1.706960200000026,130.34779089999995,None,130.34779089999995,None,2.8666666666666667,2.0654911999999968,132.08259139999996,None,132.08259139999996,None,132.08259139999996,None,3.470833333333333,1.1522574000000532,132.08259139999996,None,I will take,59,137,134.16317159999994,None,134.16317159999994,None,134.16317159999994,None,134.16317159999994,None,134.16317159999994,None,n,2.435675300000071,134.16317159999994,None,134.16317159999994,None,134.16317159999994,None,136.62540939999997,137.62471029999995,138.10846319999996,None,2.791666666666667,4.433132699999987,140.1194266,None,4.591666666666667,5.4950315000000955,140.1194266,None,140.1194266,None,140.1194266,None,,,,,,,,,,,,,,,,,,,,,,,,,,,,,,,,,,,,,,,,,,,,,,,,,,,,,,,nitin,001,2022-04-22_12h29.53.600,ultamatum,2022.1.3,59.937090030304944,
,,,,0,0,0,0,,,,,,,,,,,,,,,,,,,,,,,,,,,You will receive,26,137,,,,,,,,,,,,,,,,,,,154.12230899999997,155.12246099999993,155.60511610000003,None,,,,,,,,,,,,,145.6191579,None,146.6413397,None,5.183333333333334,1.102996800000028,146.6413397,None,147.749418,None,147.749418,None,3.4916666666666667,1.2229451999999128,147.749418,None,2.8583333333333334,1.9730030000000625,147.749418,None,149.76569919999997,None,149.76569919999997,None,149.76569919999997,None,149.76569919999997,None,149.76569919999997,None,n,4.326593600000024,149.76569919999997,None,149.76569919999997,None,4.108333333333333,1.8295013999999128,157.61156019999999,None,157.61156019999999,None,157.61156019999999,None,2.9458333333333333,0.7312009999999418,157.61156019999999,None,,,,,,,nitin,001,2022-04-22_12h29.53.600,ultamatum,2022.1.3,59.937090030304944,
,,,,1,0,1,0,,,,,,,,,,,,,,,,,,,,,,,,,,,You will receive,30,137,,,,,,,,,,,,,,,,,,,172.1693024,173.16940569999997,173.65210109999998,None,,,,,,,,,,,,,159.45429560000002,None,160.45936129999996,None,4.966666666666667,2.369796699999938,160.45936129999996,None,162.84593080000002,None,162.84593080000002,None,4.0875,1.6759913999999299,162.84593080000002,None,3.004166666666667,5.838831800000094,162.84593080000002,None,168.70558800000003,None,168.70558800000003,None,168.70558800000003,None,168.70558800000003,None,168.70558800000003,None,y,3.444156600000042,168.70558800000003,None,168.70558800000003,None,4.283333333333333,3.1312290999999277,175.66853000000003,None,175.66853000000003,None,175.66853000000003,None,1.8291666666666666,2.28110879999997,175.66853000000003,None,,,,,,,nitin,001,2022-04-22_12h29.53.600,ultamatum,2022.1.3,59.937090030304944,
,,,,2,0,2,0,,,,,,,,,,,,,,,,,,,,,,,,,,,You will receive,77,137,,,,,,,,,,,,,,,,,,,187.31679859999997,188.31674910000004,188.799798,None,,,,,,,,,,,,,178.8167009,None,179.82424389999994,None,5.05,1.0661861999999473,179.82424389999994,None,180.91003390000003,None,180.91003390000003,None,3.8333333333333335,1.1265531000000237,180.91003390000003,None,2.375,4.506234800000016,180.91003390000003,None,185.43623309999998,None,185.43623309999998,None,185.43623309999998,None,185.43623309999998,None,185.43623309999998,None,y,1.8566756000001305,185.43623309999998,None,185.43623309999998,None,2.3791666666666664,3.3147784999999885,190.81991419999997,None,190.81991419999997,None,190.81991419999997,None,3.8958333333333335,0.5833664000000454,190.81991419999997,None,,,,,,,nitin,001,2022-04-22_12h29.53.600,ultamatum,2022.1.3,59.937090030304944,
,,,,3,0,3,0,,,,,,,,,,,,,,,,,,,,,,,,,,,I will take,10,137,,,,,,,,,,,,,,,,,,,207.0634215,208.06174109999995,208.54616420000002,None,,,,,,,,,,,,,194.14923679999993,None,195.1552636,None,4.0,3.4708633999999847,195.1552636,None,198.64710879999996,None,198.64710879999996,None,3.5666666666666664,1.9377715000000535,198.64710879999996,None,3.1791666666666667,3.8034953999999743,198.64710879999996,None,202.47909170000003,None,202.47909170000003,None,202.47909170000003,None,202.47909170000003,None,202.47909170000003,None,n,4.55677100000014,202.47909170000003,None,202.47909170000003,None,4.208333333333333,8.54746399999999,210.5479805,None,210.5479805,None,210.5479805,None,2.9958333333333336,5.13069930000006,210.5479805,None,,,,,,,nitin,001,2022-04-22_12h29.53.600,ultamatum,2022.1.3,59.937090030304944,
,,,,4,0,4,0,,,,,,,,,,,,,,,,,,,,,,,,,,,You will receive,85,137,,,,,,,,,,,,,,,,,,,229.79186229999993,230.79118470000003,231.2746141,None,,,,,,,,,,,,,219.1095328,None,220.11626249999995,None,6.016666666666667,3.6856689999999617,220.11626249999995,None,223.82238169999994,None,223.82238169999994,None,3.720833333333333,2.6210385000000542,223.82238169999994,None,3.0,3.6021994000000177,223.82238169999994,None,227.45406779999996,None,227.45406779999996,None,227.45406779999996,None,227.45406779999996,None,227.45406779999996,None,y,2.312311500000078,227.45406779999996,None,227.45406779999996,None,2.9958333333333336,2.5473061000000143,233.2751035,None,233.2751035,None,233.2751035,None,4.579166666666667,1.5318152999999484,233.2751035,None,,,,,,,nitin,001,2022-04-22_12h29.53.600,ultamatum,2022.1.3,59.937090030304944,
,,,,,,,,,,,,,,,,,,,,,,,,,,,,,,,,,,,,,,,,,,,,,,,,,,,,,,,,,,,,,,,,,,,,,,,,,,,,,,,,,,,,,,,,,,,,,,,,,,,,,,,,,,,,,,,,,,,,,,,235.84601629999997,None,space,5.977648300000055,235.84601629999997,None,nitin,001,2022-04-22_12h29.53.600,ultamatum,2022.1.3,59.937090030304944,
