﻿trials.thisRepN,trials.thisTrialN,trials.thisN,trials.thisIndex,trials_2.thisRepN,trials_2.thisTrialN,trials_2.thisN,trials_2.thisIndex,text_3.started,text_3.stopped,key_resp_3.keys,key_resp_3.rt,key_resp_3.started,key_resp_3.stopped,text.started,text.stopped,Expect.response,Expect.rt,Expect.started,Expect.stopped,text_4.started,text_4.stopped,ExpectedArousal2.response,ExpectedArousal2.rt,ExpectedArousal2.started,ExpectedArousal2.stopped,textBefore.started,textBefore.stopped,text2Before.started,text2Before.stopped,ExpectedValence.response,ExpectedValence.rt,ExpectedValence.started,ExpectedValence.stopped,Frame,offer,Total_Pot,Player1Pot.started,Player1Pot.stopped,Player2Pot.started,Player2Pot.stopped,split.started,split.stopped,AmountToSplit.started,AmountToSplit.stopped,frametext.started,frametext.stopped,key_resp1.keys,key_resp1.rt,key_resp1.started,key_resp1.stopped,wallet_label1.started,wallet_label1.stopped,wallet_label2.started,wallet_label2.stopped,deal_Completed.started,deal_Completed.stopped,text_6.started,text_6.stopped,ArousalAfter.response,ArousalAfter.rt,ArousalAfter.started,ArousalAfter.stopped,ValenceAfter.response,ValenceAfter.rt,ValenceAfter.started,ValenceAfter.stopped,text_7.started,text_7.stopped,text_8.started,text_8.stopped,textT2.started,textT2.stopped,anonytext0498.started,anonytext0498.stopped,anonyExpect.response,anonyExpect.rt,anonyExpect.started,anonyExpect.stopped,textBefore_2.started,textBefore_2.stopped,text2Before_2.started,text2Before_2.stopped,anonyExpectedValence.response,anonyExpectedValence.rt,anonyExpectedValence.started,anonyExpectedValence.stopped,anonyExpectedArousal.response,anonyExpectedArousal.rt,anonyExpectedArousal.started,anonyExpectedArousal.stopped,frametext_2.started,frametext_2.stopped,AmountToSplit_2.started,AmountToSplit_2.stopped,split_2.started,split_2.stopped,Player2Pot_2.started,Player2Pot_2.stopped,Player1Pot_2.started,Player1Pot_2.stopped,key_resp1_2.keys,key_resp1_2.rt,key_resp1_2.started,key_resp1_2.stopped,text_5.started,text_5.stopped,anonyValenceAfter.response,anonyValenceAfter.rt,anonyValenceAfter.started,anonyValenceAfter.stopped,text_9.started,text_9.stopped,text_10.started,text_10.stopped,anonyArousalAfter.response,anonyArousalAfter.rt,anonyArousalAfter.started,anonyArousalAfter.stopped,text_2.started,text_2.stopped,key_resp_2.keys,key_resp_2.rt,key_resp_2.started,key_resp_2.stopped,participant,session,date,expName,psychopyVersion,frameRate,
,,,,,,,,25.49525119998725,None,space,1.0746433000313118,25.49525119998725,None,,,,,,,,,,,,,,,,,,,,,,,,,,,,,,,,,,,,,,,,,,,,,,,,,,,,,,,,,,,,,,,,,,,,,,,,,,,,,,,,,,,,,,,,,,,,,,,,,,,,,,,,,,,,,,,,Praneel,001,2022-04-22_10h26.21.914,ultamatum,2022.1.3,60.03114417110952,
0,0,0,0,,,,,,,,,,,26.59408989996882,None,6.375,3.370541599986609,27.70192289998522,None,27.70192289998522,None,2.925,4.473496499995235,31.084930799959693,None,31.084930799959693,None,31.084930799959693,None,3.191666666666667,2.464609799964819,31.084930799959693,None,You will receive,20,0,35.644867399998475,None,35.644867399998475,None,35.644867399998475,None,35.644867399998475,None,35.644867399998475,None,n,3.620745300024282,35.644867399998475,None,35.644867399998475,None,35.644867399998475,None,39.29179629997816,40.28931049996754,40.77300549997017,None,1.775,2.211108199961018,42.88502389995847,None,4.504166666666666,3.2188812000094913,42.88502389995847,None,42.88502389995847,None,42.88502389995847,None,,,,,,,,,,,,,,,,,,,,,,,,,,,,,,,,,,,,,,,,,,,,,,,,,,,,,,,Praneel,001,2022-04-22_10h26.21.914,ultamatum,2022.1.3,60.03114417110952,
1,0,1,0,,,,,,,,,,,46.04653099999996,None,4.158333333333333,4.230603999982122,47.12170389998937,None,47.12170389998937,None,2.9541666666666666,5.236707000003662,51.404725199972745,None,51.404725199972745,None,51.404725199972745,None,3.1041666666666665,1.4617644000099972,51.404725199972745,None,I will take,59,41,56.64214129996253,None,56.64214129996253,None,56.64214129996253,None,56.64214129996253,None,56.64214129996253,None,y,3.2531209999579005,56.64214129996253,None,56.64214129996253,None,56.64214129996253,None,59.93358769995393,60.92830699996557,61.415863499976695,None,4.1125,0.9164187000133097,63.51777649996802,None,2.1208333333333336,4.199436000024434,63.51777649996802,None,63.51777649996802,None,63.51777649996802,None,,,,,,,,,,,,,,,,,,,,,,,,,,,,,,,,,,,,,,,,,,,,,,,,,,,,,,,Praneel,001,2022-04-22_10h26.21.914,ultamatum,2022.1.3,60.03114417110952,
2,0,2,0,,,,,,,,,,,67.69337239995366,None,4.966666666666667,4.417078500031494,68.76641889999155,None,68.76641889999155,None,2.9875,19.567343799979426,73.19980060000671,None,73.19980060000671,None,73.19980060000671,None,3.120833333333333,18.043854099989403,73.19980060000671,None,I will take,30,41,92.8177453999524,None,92.8177453999524,None,92.8177453999524,None,92.8177453999524,None,92.8177453999524,None,n,8.058690600038972,92.8177453999524,None,92.8177453999524,None,92.8177453999524,None,100.90861439995933,101.91025489999447,102.38521859998582,None,2.4,2.250691499968525,104.48741689999588,None,4.370833333333334,4.736678700021002,104.48741689999588,None,104.48741689999588,None,104.48741689999588,None,,,,,,,,,,,,,,,,,,,,,,,,,,,,,,,,,,,,,,,,,,,,,,,,,,,,,,,Praneel,001,2022-04-22_10h26.21.914,ultamatum,2022.1.3,60.03114417110952,
3,0,3,0,,,,,,,,,,,109.18479989998741,None,4.775,9.315973600023426,110.2657307999907,None,110.2657307999907,None,3.025,7.1338478999678046,119.64283949998207,None,119.64283949998207,None,119.64283949998207,None,3.0,4.234017800015863,119.64283949998207,None,I will take,26,41,126.74253960000351,None,126.74253960000351,None,126.74253960000351,None,126.74253960000351,None,126.74253960000351,None,n,3.249186099972576,126.74253960000351,None,126.74253960000351,None,126.74253960000351,None,130.03013089997694,131.02259389997926,131.5088284999947,None,2.7458333333333336,1.4081604999955744,133.58907929999987,None,4.170833333333333,2.8176618000143208,133.58907929999987,None,133.58907929999987,None,133.58907929999987,None,,,,,,,,,,,,,,,,,,,,,,,,,,,,,,,,,,,,,,,,,,,,,,,,,,,,,,,Praneel,001,2022-04-22_10h26.21.914,ultamatum,2022.1.3,60.03114417110952,
4,0,4,0,,,,,,,,,,,136.371415600006,None,6.075,3.263111200009007,137.44388089998392,None,137.44388089998392,None,2.9458333333333333,3.848434899991844,140.7596046999679,None,140.7596046999679,None,140.7596046999679,None,3.341666666666667,2.4445056000258774,140.7596046999679,None,I will take,30,91,144.62496109999483,None,144.62496109999483,None,144.62496109999483,None,144.62496109999483,None,144.62496109999483,None,y,1.8627608999959193,144.62496109999483,None,144.62496109999483,None,144.62496109999483,None,146.51761549996445,147.5196161000058,148.00330169999506,None,3.6333333333333333,3.3294952000142075,150.1071465999703,None,2.6208333333333336,5.998945500003174,150.1071465999703,None,150.1071465999703,None,150.1071465999703,None,,,,,,,,,,,,,,,,,,,,,,,,,,,,,,,,,,,,,,,,,,,,,,,,,,,,,,,Praneel,001,2022-04-22_10h26.21.914,ultamatum,2022.1.3,60.03114417110952,
,,,,0,0,0,0,,,,,,,,,,,,,,,,,,,,,,,,,,,You will receive,10,101,,,,,,,,,,,,,,,,,,,247.66069779999088,248.66324530000566,249.1354669999564,None,,,,,,,,,,,,,156.0665637999773,None,157.16078709997237,None,3.0083333333333333,24.80450440000277,157.16078709997237,None,181.92734200000996,None,181.92734200000996,None,3.0208333333333335,40.54760879999958,181.92734200000996,None,3.120833333333333,41.42064850003226,181.92734200000996,None,223.4229328999645,None,223.4229328999645,None,223.4229328999645,None,223.4229328999645,None,223.4229328999645,None,n,24.202486000023782,223.4229328999645,None,223.4229328999645,None,4.641666666666667,4.890862700005528,251.19042559998343,None,251.19042559998343,None,251.19042559998343,None,1.1666666666666667,2.5725819999934174,251.19042559998343,None,,,,,,,Praneel,001,2022-04-22_10h26.21.914,ultamatum,2022.1.3,60.03114417110952,
,,,,1,0,1,0,,,,,,,,,,,,,,,,,,,,,,,,,,,I will take,50,151,,,,,,,,,,,,,,,,,,,273.77036599995336,274.7663706999738,275.2433468999807,None,,,,,,,,,,,,,256.0904509999673,None,257.1725338999531,None,5.308333333333334,8.26821700000437,257.1725338999531,None,265.43427430000156,None,265.43427430000156,None,3.095833333333333,1.5225235999678262,265.43427430000156,None,3.025,2.6287925000069663,265.43427430000156,None,268.13255909999134,None,268.13255909999134,None,268.13255909999134,None,268.13255909999134,None,268.13255909999134,None,y,5.6114246000070125,268.13255909999134,None,268.13255909999134,None,2.3291666666666666,3.7949996999814175,277.29094609996537,None,277.29094609996537,None,277.29094609996537,None,3.4625,1.168314200011082,277.29094609996537,None,,,,,,,Praneel,001,2022-04-22_10h26.21.914,ultamatum,2022.1.3,60.03114417110952,
,,,,2,0,2,0,,,,,,,,,,,,,,,,,,,,,,,,,,,You will receive,32,183,,,,,,,,,,,,,,,,,,,308.8275825000019,309.818188300007,310.31489899998996,None,,,,,,,,,,,,,281.08583830000134,None,282.16282049997244,None,7.608333333333333,14.929994900012389,282.16282049997244,None,297.0722024999559,None,297.0722024999559,None,3.7083333333333335,1.6663259000051767,297.0722024999559,None,2.2625,3.852002000028733,297.0722024999559,None,300.9974690999952,None,300.9974690999952,None,300.9974690999952,None,300.9974690999952,None,300.9974690999952,None,y,7.797583199979272,300.9974690999952,None,300.9974690999952,None,3.9791666666666665,4.50188049999997,312.3658446999616,None,312.3658446999616,None,312.3658446999616,None,1.9875,1.9127633000025526,312.3658446999616,None,,,,,,,Praneel,001,2022-04-22_10h26.21.914,ultamatum,2022.1.3,60.03114417110952,
,,,,3,0,3,0,,,,,,,,,,,,,,,,,,,,,,,,,,,You will receive,26,209,,,,,,,,,,,,,,,,,,,328.4888074999908,329.47854189999634,329.9748638999881,None,,,,,,,,,,,,,316.87796720000915,None,317.95374969998375,None,4.025,2.34333110001171,317.95374969998375,None,320.30228639999405,None,320.30228639999405,None,2.833333333333333,1.7535175000084564,320.30228639999405,None,3.05,4.953955800039694,320.30228639999405,None,325.28297870000824,None,325.28297870000824,None,325.28297870000824,None,325.28297870000824,None,325.28297870000824,None,n,3.1675761000369675,325.28297870000824,None,325.28297870000824,None,3.6125,7.401671300001908,332.023106299981,None,332.023106299981,None,332.023106299981,None,2.8291666666666666,3.210590599977877,332.023106299981,None,,,,,,,Praneel,001,2022-04-22_10h26.21.914,ultamatum,2022.1.3,60.03114417110952,
,,,,4,0,4,0,,,,,,,,,,,,,,,,,,,,,,,,,,,You will receive,40,249,,,,,,,,,,,,,,,,,,,348.82050929998513,349.8200273999828,350.30123799998546,None,,,,,,,,,,,,,339.4299783000024,None,340.51942159998,None,4.975,1.8706039999960922,340.51942159998,None,342.4128020000062,None,342.4128020000062,None,2.9916666666666667,2.0020250999950804,342.4128020000062,None,2.95,3.980193800001871,342.4128020000062,None,346.42013099999167,None,346.42013099999167,None,346.42013099999167,None,346.42013099999167,None,346.42013099999167,None,y,2.3768776999786496,346.42013099999167,None,346.42013099999167,None,3.8083333333333336,2.5848270999849774,352.35306399996625,None,352.35306399996625,None,352.35306399996625,None,2.6875,1.1266604000120424,352.35306399996625,None,,,,,,,Praneel,001,2022-04-22_10h26.21.914,ultamatum,2022.1.3,60.03114417110952,
,,,,,,,,,,,,,,,,,,,,,,,,,,,,,,,,,,,,,,,,,,,,,,,,,,,,,,,,,,,,,,,,,,,,,,,,,,,,,,,,,,,,,,,,,,,,,,,,,,,,,,,,,,,,,,,,,,,,,,,354.96789119997993,None,space,10.288888100010809,354.96789119997993,None,Praneel,001,2022-04-22_10h26.21.914,ultamatum,2022.1.3,60.03114417110952,
