﻿trials.thisRepN,trials.thisTrialN,trials.thisN,trials.thisIndex,trials_2.thisRepN,trials_2.thisTrialN,trials_2.thisN,trials_2.thisIndex,text_3.started,text_3.stopped,key_resp_3.keys,key_resp_3.rt,key_resp_3.started,key_resp_3.stopped,text.started,text.stopped,Expect.response,Expect.rt,Expect.started,Expect.stopped,text_4.started,text_4.stopped,ExpectedArousal2.response,ExpectedArousal2.rt,ExpectedArousal2.started,ExpectedArousal2.stopped,textBefore.started,textBefore.stopped,text2Before.started,text2Before.stopped,ExpectedValence.response,ExpectedValence.rt,ExpectedValence.started,ExpectedValence.stopped,Frame,offer,Total_Pot,Player1Pot.started,Player1Pot.stopped,Player2Pot.started,Player2Pot.stopped,split.started,split.stopped,AmountToSplit.started,AmountToSplit.stopped,frametext.started,frametext.stopped,key_resp1.keys,key_resp1.rt,key_resp1.started,key_resp1.stopped,wallet_label1.started,wallet_label1.stopped,wallet_label2.started,wallet_label2.stopped,deal_Completed.started,deal_Completed.stopped,text_6.started,text_6.stopped,ArousalAfter.response,ArousalAfter.rt,ArousalAfter.started,ArousalAfter.stopped,ValenceAfter.response,ValenceAfter.rt,ValenceAfter.started,ValenceAfter.stopped,text_7.started,text_7.stopped,text_8.started,text_8.stopped,textT2.started,textT2.stopped,anonytext0498.started,anonytext0498.stopped,anonyExpect.response,anonyExpect.rt,anonyExpect.started,anonyExpect.stopped,textBefore_2.started,textBefore_2.stopped,text2Before_2.started,text2Before_2.stopped,anonyExpectedValence.response,anonyExpectedValence.rt,anonyExpectedValence.started,anonyExpectedValence.stopped,anonyExpectedArousal.response,anonyExpectedArousal.rt,anonyExpectedArousal.started,anonyExpectedArousal.stopped,frametext_2.started,frametext_2.stopped,AmountToSplit_2.started,AmountToSplit_2.stopped,split_2.started,split_2.stopped,Player2Pot_2.started,Player2Pot_2.stopped,Player1Pot_2.started,Player1Pot_2.stopped,key_resp1_2.keys,key_resp1_2.rt,key_resp1_2.started,key_resp1_2.stopped,text_5.started,text_5.stopped,anonyValenceAfter.response,anonyValenceAfter.rt,anonyValenceAfter.started,anonyValenceAfter.stopped,text_9.started,text_9.stopped,text_10.started,text_10.stopped,anonyArousalAfter.response,anonyArousalAfter.rt,anonyArousalAfter.started,anonyArousalAfter.stopped,text_2.started,text_2.stopped,key_resp_2.keys,key_resp_2.rt,key_resp_2.started,key_resp_2.stopped,participant,session,date,expName,psychopyVersion,frameRate,
,,,,,,,,51.02060000000006,None,space,4.9688852999997835,51.02060000000006,None,,,,,,,,,,,,,,,,,,,,,,,,,,,,,,,,,,,,,,,,,,,,,,,,,,,,,,,,,,,,,,,,,,,,,,,,,,,,,,,,,,,,,,,,,,,,,,,,,,,,,,,,,,,,,,,,Pranajal singh,001,2022-04-22_20h01.41.374,ultamatum,2022.1.3,60.13283342903067,
0,0,0,0,,,,,,,,,,,56.0199547000002,None,4.35,2.3613006000000496,57.050163699999985,None,57.050163699999985,None,1.9458333333333333,4.697037800000089,59.42516130000013,None,59.42516130000013,None,59.42516130000013,None,4.345833333333333,2.3838843999999426,59.42516130000013,None,I will take,50,50,64.1441314000001,None,64.1441314000001,None,64.1441314000001,None,64.1441314000001,None,64.1441314000001,None,y,1.380965199999764,64.1441314000001,None,64.1441314000001,None,64.1441314000001,None,65.55652480000003,66.55644900000016,67.04069390000018,None,4.170833333333333,2.604149799999959,69.07600960000013,None,2.1,4.528304899999966,69.07600960000013,None,69.07600960000013,None,69.07600960000013,None,,,,,,,,,,,,,,,,,,,,,,,,,,,,,,,,,,,,,,,,,,,,,,,,,,,,,,,Pranajal singh,001,2022-04-22_20h01.41.374,ultamatum,2022.1.3,60.13283342903067,
1,0,1,0,,,,,,,,,,,73.58215270000005,None,5.541666666666667,1.969411899999841,74.60859249999999,None,74.60859249999999,None,1.2,7.071198800000047,76.60089510000012,None,76.60089510000012,None,76.60089510000012,None,3.225,2.749115900000106,76.60089510000012,None,I will take,32,118,83.70160220000002,None,83.70160220000002,None,83.70160220000002,None,83.70160220000002,None,83.70160220000002,None,y,14.112667399999737,83.70160220000002,None,83.70160220000002,None,83.70160220000002,None,97.8356417,98.83660270000018,99.31918670000005,None,3.175,1.9932965999998942,101.34081230000015,None,2.895833333333333,4.550842200000034,101.34081230000015,None,101.34081230000015,None,101.34081230000015,None,,,,,,,,,,,,,,,,,,,,,,,,,,,,,,,,,,,,,,,,,,,,,,,,,,,,,,,Pranajal singh,001,2022-04-22_20h01.41.374,ultamatum,2022.1.3,60.13283342903067,
2,0,2,0,,,,,,,,,,,105.88427660000002,None,3.3083333333333336,6.084044100000028,106.89942280000014,None,106.89942280000014,None,2.1083333333333334,4.4365514000000985,113.01629920000005,None,113.01629920000005,None,113.01629920000005,None,3.845833333333333,1.7365616000001864,113.01629920000005,None,You will receive,37,118,117.49045210000008,None,117.49045210000008,None,117.49045210000008,None,117.49045210000008,None,117.49045210000008,None,n,8.056102399999872,117.49045210000008,None,117.49045210000008,None,117.49045210000008,None,125.56291890000011,126.56351240000004,127.04691720000005,None,3.216666666666667,1.2175862000001416,129.07478880000008,None,2.7416666666666667,2.89344200000005,129.07478880000008,None,129.07478880000008,None,129.07478880000008,None,,,,,,,,,,,,,,,,,,,,,,,,,,,,,,,,,,,,,,,,,,,,,,,,,,,,,,,Pranajal singh,001,2022-04-22_20h01.41.374,ultamatum,2022.1.3,60.13283342903067,
3,0,3,0,,,,,,,,,,,131.95468340000002,None,5.616666666666667,2.8945283000000472,132.97149790000003,None,132.97149790000003,None,2.8666666666666667,5.235950999999886,135.89289050000002,None,135.89289050000002,None,135.89289050000002,None,3.1458333333333335,3.6831469999999626,135.89289050000002,None,I will take,20,118,141.1463546,None,141.1463546,None,141.1463546,None,141.1463546,None,141.1463546,None,n,3.880464200000006,141.1463546,None,141.1463546,None,141.1463546,None,145.05422480000016,146.05380020000007,146.53778250000005,None,3.9,7.741571500000191,148.56465820000017,None,2.1291666666666664,11.58841110000003,148.56465820000017,None,148.56465820000017,None,148.56465820000017,None,,,,,,,,,,,,,,,,,,,,,,,,,,,,,,,,,,,,,,,,,,,,,,,,,,,,,,,Pranajal singh,001,2022-04-22_20h01.41.374,ultamatum,2022.1.3,60.13283342903067,
4,0,4,0,,,,,,,,,,,160.1431480000001,None,7.558333333333334,4.741648599999962,161.14940610000008,None,161.14940610000008,None,2.3916666666666666,5.6306262000000515,165.92633580000006,None,165.92633580000006,None,165.92633580000006,None,3.591666666666667,2.9885962000000745,165.92633580000006,None,I will take,10,118,171.57811800000013,None,171.57811800000013,None,171.57811800000013,None,171.57811800000013,None,171.57811800000013,None,n,1.537726899999825,171.57811800000013,None,171.57811800000013,None,171.57811800000013,None,173.14763560000006,174.14790500000004,174.63165460000005,None,1.8541666666666667,1.5108858000000964,176.65566230000013,None,4.108333333333333,3.514780700000074,176.65566230000013,None,176.65566230000013,None,176.65566230000013,None,,,,,,,,,,,,,,,,,,,,,,,,,,,,,,,,,,,,,,,,,,,,,,,,,,,,,,,Pranajal singh,001,2022-04-22_20h01.41.374,ultamatum,2022.1.3,60.13283342903067,
,,,,0,0,0,0,,,,,,,,,,,,,,,,,,,,,,,,,,,You will receive,40,118,,,,,,,,,,,,,,,,,,,192.38875340000004,193.3890464000001,193.87194880000015,None,,,,,,,,,,,,,180.16395380000017,None,181.17911870000012,None,5.016666666666667,3.5404934999999114,181.17911870000012,None,184.7359636000001,None,184.7359636000001,None,3.3958333333333335,3.0710391000000072,184.7359636000001,None,1.6375,5.137999600000057,184.7359636000001,None,189.91437330000008,None,189.91437330000008,None,189.91437330000008,None,189.91437330000008,None,189.91437330000008,None,y,2.453880899999831,189.91437330000008,None,189.91437330000008,None,3.470833333333333,3.3006496999998944,195.88278980000018,None,195.88278980000018,None,195.88278980000018,None,1.8416666666666666,1.3822563000001082,195.88278980000018,None,,,,,,,Pranajal singh,001,2022-04-22_20h01.41.374,ultamatum,2022.1.3,60.13283342903067,
,,,,1,0,1,0,,,,,,,,,,,,,,,,,,,,,,,,,,,You will receive,37,118,,,,,,,,,,,,,,,,,,,209.42875420000018,210.43012680000015,210.9124812,None,,,,,,,,,,,,,199.1911610000002,None,200.1983713000002,None,3.375,1.5479993999999806,200.1983713000002,None,201.7631037000001,None,201.7631037000001,None,3.4208333333333334,1.5467938000001595,201.7631037000001,None,2.275,4.313096500000029,201.7631037000001,None,206.09931300000017,None,206.09931300000017,None,206.09931300000017,None,206.09931300000017,None,206.09931300000017,None,y,3.2981590999997934,206.09931300000017,None,206.09931300000017,None,3.033333333333333,4.199304600000005,212.92961720000017,None,212.92961720000017,None,212.92961720000017,None,2.775,2.8309406000000763,212.92961720000017,None,,,,,,,Pranajal singh,001,2022-04-22_20h01.41.374,ultamatum,2022.1.3,60.13283342903067,
,,,,2,0,2,0,,,,,,,,,,,,,,,,,,,,,,,,,,,You will receive,50,118,,,,,,,,,,,,,,,,,,,248.94338340000013,249.94394150000016,250.42696560000013,None,,,,,,,,,,,,,217.13638330000003,None,218.15516950000006,None,7.958333333333334,2.050553900000068,218.15516950000006,None,220.22348090000014,None,220.22348090000014,None,3.0875,5.4120282999999745,220.22348090000014,None,1.9666666666666666,26.822305799999867,220.22348090000014,None,247.06444380000016,None,247.06444380000016,None,247.06444380000016,None,247.06444380000016,None,247.06444380000016,None,y,1.8466830999998365,247.06444380000016,None,247.06444380000016,None,2.970833333333333,2.8490191999999297,252.4362583000002,None,252.4362583000002,None,252.4362583000002,None,3.0375,1.5337660999998661,252.4362583000002,None,,,,,,,Pranajal singh,001,2022-04-22_20h01.41.374,ultamatum,2022.1.3,60.13283342903067,
,,,,3,0,3,0,,,,,,,,,,,,,,,,,,,,,,,,,,,I will take,26,118,,,,,,,,,,,,,,,,,,,266.35038710000003,267.35049100000015,267.8341128000002,None,,,,,,,,,,,,,255.29613310000013,None,256.30306170000017,None,8.525,2.5983863999999812,256.30306170000017,None,258.9257546000001,None,258.9257546000001,None,4.458333333333333,3.0096618999998555,258.9257546000001,None,2.466666666666667,5.806724400000121,258.9257546000001,None,264.75554510000006,None,264.75554510000006,None,264.75554510000006,None,264.75554510000006,None,264.75554510000006,None,n,1.5704563999997845,264.75554510000006,None,264.75554510000006,None,5,5.281201300000021,269.85036890000015,None,269.85036890000015,None,269.85036890000015,None,1.2083333333333333,3.795934899999793,269.85036890000015,None,,,,,,,Pranajal singh,001,2022-04-22_20h01.41.374,ultamatum,2022.1.3,60.13283342903067,
,,,,4,0,4,0,,,,,,,,,,,,,,,,,,,,,,,,,,,I will take,59,118,,,,,,,,,,,,,,,,,,,288.4754256000001,289.47584430000006,289.95927170000004,None,,,,,,,,,,,,,275.1369958,None,276.1443648000002,None,1.0416666666666665,3.7787025000000085,276.1443648000002,None,279.93825170000014,None,279.93825170000014,None,2.9916666666666667,3.618778399999883,279.93825170000014,None,3.0083333333333333,5.5676043000000845,279.93825170000014,None,285.5288343000002,None,285.5288343000002,None,285.5288343000002,None,285.5288343000002,None,285.5288343000002,None,y,2.9190264999997453,285.5288343000002,None,285.5288343000002,None,2.2,35.12880519999999,291.9706443,None,291.9706443,None,291.9706443,None,4.0,30.65980300000001,291.9706443,None,,,,,,,Pranajal singh,001,2022-04-22_20h01.41.374,ultamatum,2022.1.3,60.13283342903067,
,,,,,,,,,,,,,,,,,,,,,,,,,,,,,,,,,,,,,,,,,,,,,,,,,,,,,,,,,,,,,,,,,,,,,,,,,,,,,,,,,,,,,,,,,,,,,,,,,,,,,,,,,,,,,,,,,,,,,,,327.10876400000006,None,space,1.7152246999996805,327.10876400000006,None,Pranajal singh,001,2022-04-22_20h01.41.374,ultamatum,2022.1.3,60.13283342903067,
