﻿trials.thisRepN,trials.thisTrialN,trials.thisN,trials.thisIndex,trials_2.thisRepN,trials_2.thisTrialN,trials_2.thisN,trials_2.thisIndex,text_3.started,text_3.stopped,key_resp_3.keys,key_resp_3.rt,key_resp_3.started,key_resp_3.stopped,text.started,text.stopped,Expect.response,Expect.rt,Expect.started,Expect.stopped,text_4.started,text_4.stopped,ExpectedArousal2.response,ExpectedArousal2.rt,ExpectedArousal2.started,ExpectedArousal2.stopped,textBefore.started,textBefore.stopped,text2Before.started,text2Before.stopped,ExpectedValence.response,ExpectedValence.rt,ExpectedValence.started,ExpectedValence.stopped,Frame,offer,Total_Pot,Player1Pot.started,Player1Pot.stopped,Player2Pot.started,Player2Pot.stopped,split.started,split.stopped,AmountToSplit.started,AmountToSplit.stopped,frametext.started,frametext.stopped,key_resp1.keys,key_resp1.rt,key_resp1.started,key_resp1.stopped,wallet_label1.started,wallet_label1.stopped,wallet_label2.started,wallet_label2.stopped,deal_Completed.started,deal_Completed.stopped,text_6.started,text_6.stopped,ArousalAfter.response,ArousalAfter.rt,ArousalAfter.started,ArousalAfter.stopped,ValenceAfter.response,ValenceAfter.rt,ValenceAfter.started,ValenceAfter.stopped,text_7.started,text_7.stopped,text_8.started,text_8.stopped,textT2.started,textT2.stopped,anonytext0498.started,anonytext0498.stopped,anonyExpect.response,anonyExpect.rt,anonyExpect.started,anonyExpect.stopped,textBefore_2.started,textBefore_2.stopped,text2Before_2.started,text2Before_2.stopped,anonyExpectedValence.response,anonyExpectedValence.rt,anonyExpectedValence.started,anonyExpectedValence.stopped,anonyExpectedArousal.response,anonyExpectedArousal.rt,anonyExpectedArousal.started,anonyExpectedArousal.stopped,frametext_2.started,frametext_2.stopped,AmountToSplit_2.started,AmountToSplit_2.stopped,split_2.started,split_2.stopped,Player2Pot_2.started,Player2Pot_2.stopped,Player1Pot_2.started,Player1Pot_2.stopped,key_resp1_2.keys,key_resp1_2.rt,key_resp1_2.started,key_resp1_2.stopped,text_5.started,text_5.stopped,anonyValenceAfter.response,anonyValenceAfter.rt,anonyValenceAfter.started,anonyValenceAfter.stopped,text_9.started,text_9.stopped,text_10.started,text_10.stopped,anonyArousalAfter.response,anonyArousalAfter.rt,anonyArousalAfter.started,anonyArousalAfter.stopped,text_2.started,text_2.stopped,key_resp_2.keys,key_resp_2.rt,key_resp_2.started,key_resp_2.stopped,participant,session,date,expName,psychopyVersion,frameRate,
,,,,,,,,32.991421599988826,None,space,2.021365099994,32.991421599988826,None,,,,,,,,,,,,,,,,,,,,,,,,,,,,,,,,,,,,,,,,,,,,,,,,,,,,,,,,,,,,,,,,,,,,,,,,,,,,,,,,,,,,,,,,,,,,,,,,,,,,,,,,,,,,,,,,Raghman,001,2022-04-22_10h19.55.985,ultamatum,2022.1.3,59.92552454212997,
0,0,0,0,,,,,,,,,,,35.04130610002903,None,4.958333333333334,7.950185700028669,36.21128079999471,None,36.21128079999471,None,2.916666666666667,3.647452400007751,44.09877270000288,None,44.09877270000288,None,44.09877270000288,None,3.154166666666667,2.2574601999949664,44.09877270000288,None,You will receive,10,0,47.79679799999576,None,47.79679799999576,None,47.79679799999576,None,47.79679799999576,None,47.79679799999576,None,n,3.6934681000420824,47.79679799999576,None,47.79679799999576,None,47.79679799999576,None,51.536323600041214,52.52798220003024,53.01862109999638,None,1.5875,17.41716730000917,55.146308000024874,None,4.391666666666667,19.101353299978655,55.146308000024874,None,55.146308000024874,None,55.146308000024874,None,,,,,,,,,,,,,,,,,,,,,,,,,,,,,,,,,,,,,,,,,,,,,,,,,,,,,,,Raghman,001,2022-04-22_10h19.55.985,ultamatum,2022.1.3,59.92552454212997,
1,0,1,0,,,,,,,,,,,74.16429710004013,None,3.9833333333333334,5.561687600042205,75.2444022000418,None,75.2444022000418,None,2.75,4.275190100015607,80.89848740003072,None,80.89848740003072,None,80.89848740003072,None,3.2333333333333334,2.9812701999908313,80.89848740003072,None,You will receive,26,26,85.21076490002451,None,85.21076490002451,None,85.21076490002451,None,85.21076490002451,None,85.21076490002451,None,y,3.109235899988562,85.21076490002451,None,85.21076490002451,None,85.21076490002451,None,88.36296930001117,89.3558452000143,89.83916010003304,None,2.791666666666667,6.401934300025459,91.93901650002226,None,3.183333333333333,7.802619399968535,91.93901650002226,None,91.93901650002226,None,91.93901650002226,None,,,,,,,,,,,,,,,,,,,,,,,,,,,,,,,,,,,,,,,,,,,,,,,,,,,,,,,Raghman,001,2022-04-22_10h19.55.985,ultamatum,2022.1.3,59.92552454212997,
2,0,2,0,,,,,,,,,,,99.67952860001242,None,2.9583333333333335,2.75717540003825,100.75126950000413,None,100.75126950000413,None,3.8333333333333335,5.45597579999594,103.51920270000119,None,103.51920270000119,None,103.51920270000119,None,2.708333333333333,3.4579187000053935,103.51920270000119,None,I will take,20,106,109.01988949999213,None,109.01988949999213,None,109.01988949999213,None,109.01988949999213,None,109.01988949999213,None,y,4.66579910001019,109.01988949999213,None,109.01988949999213,None,109.01988949999213,None,113.71759590000147,114.73045590001857,115.19736140000168,None,2.95,4.094048800005112,117.28353360004257,None,3.283333333333333,5.565199100004975,117.28353360004257,None,117.28353360004257,None,117.28353360004257,None,,,,,,,,,,,,,,,,,,,,,,,,,,,,,,,,,,,,,,,,,,,,,,,,,,,,,,,Raghman,001,2022-04-22_10h19.55.985,ultamatum,2022.1.3,59.92552454212997,
3,0,3,0,,,,,,,,,,,122.80653190001613,None,3.0,3.295611799985636,123.87769950000802,None,123.87769950000802,None,3.3875,4.232851399981882,127.18960030004382,None,127.18960030004382,None,127.18960030004382,None,2.595833333333333,2.4660085999639705,127.18960030004382,None,I will take,50,156,131.4678705999977,None,131.4678705999977,None,131.4678705999977,None,131.4678705999977,None,131.4678705999977,None,y,6.204720199981239,131.4678705999977,None,131.4678705999977,None,131.4678705999977,None,137.708769400022,138.70560560002923,139.1894706999883,None,3.9375,1.5745778999989852,141.30923070001882,None,1.9416666666666667,3.278397100046277,141.30923070001882,None,141.30923070001882,None,141.30923070001882,None,,,,,,,,,,,,,,,,,,,,,,,,,,,,,,,,,,,,,,,,,,,,,,,,,,,,,,,Raghman,001,2022-04-22_10h19.55.985,ultamatum,2022.1.3,59.92552454212997,
4,0,4,0,,,,,,,,,,,144.5330377999926,None,4.066666666666666,1.967022700002417,145.60885350004537,None,145.60885350004537,None,2.55,3.272964499949012,147.5811834000051,None,147.5811834000051,None,147.5811834000051,None,3.345833333333333,2.0159763999981806,147.5811834000051,None,I will take,20,179,150.89914930000668,None,150.89914930000668,None,150.89914930000668,None,150.89914930000668,None,150.89914930000668,None,y,2.4047232000157237,150.89914930000668,None,150.89914930000668,None,150.89914930000668,None,153.34135980001884,154.33753990003606,154.81734740000684,None,4.391666666666667,1.1737126000225544,156.8929991000332,None,1.5375,2.491685199958738,156.8929991000332,None,156.8929991000332,None,156.8929991000332,None,,,,,,,,,,,,,,,,,,,,,,,,,,,,,,,,,,,,,,,,,,,,,,,,,,,,,,,Raghman,001,2022-04-22_10h19.55.985,ultamatum,2022.1.3,59.92552454212997,
,,,,0,0,0,0,,,,,,,,,,,,,,,,,,,,,,,,,,,You will receive,30,209,,,,,,,,,,,,,,,,,,,191.04077560000587,192.05477360001532,192.52128510002512,None,,,,,,,,,,,,,159.36840259999735,None,160.48289149999619,None,5.991666666666667,4.305355100019369,160.48289149999619,None,164.75934940000298,None,164.75934940000298,None,3.6666666666666665,16.729022299987264,164.75934940000298,None,2.154166666666667,18.099656499980483,164.75934940000298,None,182.92185750004137,None,182.92185750004137,None,182.92185750004137,None,182.92185750004137,None,182.92185750004137,None,n,8.082947799994145,182.92185750004137,None,182.92185750004137,None,4.354166666666667,5.4120053999940865,194.57334100001026,None,194.57334100001026,None,194.57334100001026,None,2.3125,3.347345399961341,194.57334100001026,None,,,,,,,Raghman,001,2022-04-22_10h19.55.985,ultamatum,2022.1.3,59.92552454212997,
,,,,1,0,1,0,,,,,,,,,,,,,,,,,,,,,,,,,,,I will take,50,259,,,,,,,,,,,,,,,,,,,226.05622130003758,227.0553981999983,227.5426010999945,None,,,,,,,,,,,,,199.98864330002107,None,201.0727999000228,None,5.016666666666667,2.2280544999521226,201.0727999000228,None,203.28361899999436,None,203.28361899999436,None,3.4458333333333333,18.359783400024753,203.28361899999436,None,2.658333333333333,19.68299429997569,203.28361899999436,None,223.0064405000303,None,223.0064405000303,None,223.0064405000303,None,223.0064405000303,None,223.0064405000303,None,y,3.0044140000245534,223.0064405000303,None,223.0064405000303,None,1.6583333333333334,2.7076012999750674,229.58939700003248,None,229.58939700003248,None,229.58939700003248,None,4.275,1.4937723000184633,229.58939700003248,None,,,,,,,Raghman,001,2022-04-22_10h19.55.985,ultamatum,2022.1.3,59.92552454212997,
,,,,2,0,2,0,,,,,,,,,,,,,,,,,,,,,,,,,,,I will take,37,322,,,,,,,,,,,,,,,,,,,244.16337930003647,245.16693250002572,245.63672280003084,None,,,,,,,,,,,,,232.30466820002766,None,233.3938296000124,None,6.0,3.092934000014793,233.3938296000124,None,236.45389880001312,None,236.45389880001312,None,3.779166666666667,2.814306799962651,236.45389880001312,None,2.2,4.7939894999726675,236.45389880001312,None,241.28111899999203,None,241.28111899999203,None,241.28111899999203,None,241.28111899999203,None,241.28111899999203,None,n,2.843039500003215,241.28111899999203,None,241.28111899999203,None,3.9833333333333334,4.050787799991667,247.68545680004172,None,247.68545680004172,None,247.68545680004172,None,2.1666666666666665,2.7164836000301875,247.68545680004172,None,,,,,,,Raghman,001,2022-04-22_10h19.55.985,ultamatum,2022.1.3,59.92552454212997,
,,,,3,0,3,0,,,,,,,,,,,,,,,,,,,,,,,,,,,You will receive,85,407,,,,,,,,,,,,,,,,,,,271.25712050002767,272.2472470999928,272.74395269999513,None,,,,,,,,,,,,,251.7305112000322,None,252.8040720000281,None,4.991666666666667,2.0174246999667957,252.8040720000281,None,254.86421750002773,None,254.86421750002773,None,None,None,254.86421750002773,None,3.3291666666666666,2.3956805000198074,254.86421750002773,None,257.28686910000397,None,257.28686910000397,None,257.28686910000397,None,257.28686910000397,None,257.28686910000397,None,y,13.93072669999674,257.28686910000397,None,257.28686910000397,None,1.5833333333333333,2.5741168999811634,274.7938479000004,None,274.7938479000004,None,274.7938479000004,None,4.554166666666667,1.2277672999771312,274.7938479000004,None,,,,,,,Raghman,001,2022-04-22_10h19.55.985,ultamatum,2022.1.3,59.92552454212997,
,,,,4,0,4,0,,,,,,,,,,,,,,,,,,,,,,,,,,,I will take,40,467,,,,,,,,,,,,,,,,,,,285.25025830004597,286.2538695000112,286.73927489999915,None,,,,,,,,,,,,,277.3512391000404,None,278.43818530003773,None,4.983333333333333,1.9864987999899313,278.43818530003773,None,280.4263269000221,None,280.4263269000221,None,3.2375,1.6150708999484777,280.4263269000221,None,2.645833333333333,2.7977392999455333,280.4263269000221,None,283.29419960000087,None,283.29419960000087,None,283.29419960000087,None,283.29419960000087,None,283.29419960000087,None,y,1.9194468999630772,283.29419960000087,None,283.29419960000087,None,2.6125,3.8311220000032336,288.7887042000075,None,288.7887042000075,None,288.7887042000075,None,3.3041666666666667,2.6934110000147484,288.7887042000075,None,,,,,,,Raghman,001,2022-04-22_10h19.55.985,ultamatum,2022.1.3,59.92552454212997,
,,,,,,,,,,,,,,,,,,,,,,,,,,,,,,,,,,,,,,,,,,,,,,,,,,,,,,,,,,,,,,,,,,,,,,,,,,,,,,,,,,,,,,,,,,,,,,,,,,,,,,,,,,,,,,,,,,,,,,,292.6425528000109,None,space,5.25242930004606,292.6425528000109,None,Raghman,001,2022-04-22_10h19.55.985,ultamatum,2022.1.3,59.92552454212997,
