﻿trials.thisRepN,trials.thisTrialN,trials.thisN,trials.thisIndex,trials_2.thisRepN,trials_2.thisTrialN,trials_2.thisN,trials_2.thisIndex,text_3.started,text_3.stopped,key_resp_3.keys,key_resp_3.rt,key_resp_3.started,key_resp_3.stopped,text.started,text.stopped,Expect.response,Expect.rt,Expect.started,Expect.stopped,text_4.started,text_4.stopped,ExpectedArousal2.response,ExpectedArousal2.rt,ExpectedArousal2.started,ExpectedArousal2.stopped,textBefore.started,textBefore.stopped,text2Before.started,text2Before.stopped,ExpectedValence.response,ExpectedValence.rt,ExpectedValence.started,ExpectedValence.stopped,Frame,offer,Total_Pot,Player1Pot.started,Player1Pot.stopped,Player2Pot.started,Player2Pot.stopped,split.started,split.stopped,AmountToSplit.started,AmountToSplit.stopped,frametext.started,frametext.stopped,key_resp1.keys,key_resp1.rt,key_resp1.started,key_resp1.stopped,wallet_label1.started,wallet_label1.stopped,wallet_label2.started,wallet_label2.stopped,deal_Completed.started,deal_Completed.stopped,text_6.started,text_6.stopped,ArousalAfter.response,ArousalAfter.rt,ArousalAfter.started,ArousalAfter.stopped,ValenceAfter.response,ValenceAfter.rt,ValenceAfter.started,ValenceAfter.stopped,text_7.started,text_7.stopped,text_8.started,text_8.stopped,textT2.started,textT2.stopped,anonytext0498.started,anonytext0498.stopped,anonyExpect.response,anonyExpect.rt,anonyExpect.started,anonyExpect.stopped,textBefore_2.started,textBefore_2.stopped,text2Before_2.started,text2Before_2.stopped,anonyExpectedValence.response,anonyExpectedValence.rt,anonyExpectedValence.started,anonyExpectedValence.stopped,anonyExpectedArousal.response,anonyExpectedArousal.rt,anonyExpectedArousal.started,anonyExpectedArousal.stopped,frametext_2.started,frametext_2.stopped,AmountToSplit_2.started,AmountToSplit_2.stopped,split_2.started,split_2.stopped,Player2Pot_2.started,Player2Pot_2.stopped,Player1Pot_2.started,Player1Pot_2.stopped,key_resp1_2.keys,key_resp1_2.rt,key_resp1_2.started,key_resp1_2.stopped,text_5.started,text_5.stopped,anonyValenceAfter.response,anonyValenceAfter.rt,anonyValenceAfter.started,anonyValenceAfter.stopped,text_9.started,text_9.stopped,text_10.started,text_10.stopped,anonyArousalAfter.response,anonyArousalAfter.rt,anonyArousalAfter.started,anonyArousalAfter.stopped,text_2.started,text_2.stopped,key_resp_2.keys,key_resp_2.rt,key_resp_2.started,key_resp_2.stopped,participant,session,date,expName,psychopyVersion,frameRate,
,,,,,,,,138.41345799999544,None,space,0.7335080999764614,138.41345799999544,None,,,,,,,,,,,,,,,,,,,,,,,,,,,,,,,,,,,,,,,,,,,,,,,,,,,,,,,,,,,,,,,,,,,,,,,,,,,,,,,,,,,,,,,,,,,,,,,,,,,,,,,,,,,,,,,,Rishab_C,001,2022-04-22_11h46.44.494,ultamatum,2022.1.3,59.99124128191862,
0,0,0,0,,,,,,,,,,,139.17660720000276,None,4.941666666666666,9.588202599959914,140.2904723000247,None,140.2904723000247,None,2.9875,3.6624850999796763,149.8508492000401,None,149.8508492000401,None,149.8508492000401,None,3.0125,2.396233499981463,149.8508492000401,None,You will receive,40,40,153.62028020003345,None,153.62028020003345,None,153.62028020003345,None,153.62028020003345,None,153.62028020003345,None,y,2.1542655999655835,153.62028020003345,None,153.62028020003345,None,153.62028020003345,None,155.80796520004515,156.8095047000097,157.2872575999936,None,2.0125,1.5166640999959782,159.42367019999074,None,4.166666666666667,4.660718100029044,159.42367019999074,None,159.42367019999074,None,159.42367019999074,None,,,,,,,,,,,,,,,,,,,,,,,,,,,,,,,,,,,,,,,,,,,,,,,,,,,,,,,Rishab_C,001,2022-04-22_11h46.44.494,ultamatum,2022.1.3,59.99124128191862,
1,0,1,0,,,,,,,,,,,164.01986510003917,None,5.408333333333333,1.1313323000213131,165.12700080004288,None,165.12700080004288,None,3.1,2.7742577000171877,166.28658140002517,None,166.28658140002517,None,166.28658140002517,None,2.9291666666666667,1.9140382000477985,166.28658140002517,None,I will take,85,55,169.09454760001972,None,169.09454760001972,None,169.09454760001972,None,169.09454760001972,None,169.09454760001972,None,y,1.5437674999702722,169.09454760001972,None,169.09454760001972,None,169.09454760001972,None,170.66839430003893,171.65663540002424,172.14869410003303,None,4.695833333333333,1.547204399947077,174.2419404000393,None,1.6375,14.024365100020077,174.2419404000393,None,174.2419404000393,None,174.2419404000393,None,,,,,,,,,,,,,,,,,,,,,,,,,,,,,,,,,,,,,,,,,,,,,,,,,,,,,,,Rishab_C,001,2022-04-22_11h46.44.494,ultamatum,2022.1.3,59.99124128191862,
2,0,2,0,,,,,,,,,,,188.23739299998851,None,5.141666666666667,6.494137400004547,189.30946220003534,None,189.30946220003534,None,2.925,2.681664100033231,195.8149936000118,None,195.8149936000118,None,195.8149936000118,None,3.0166666666666666,1.4416736999992281,195.8149936000118,None,You will receive,10,55,198.58839450002415,None,198.58839450002415,None,198.58839450002415,None,198.58839450002415,None,198.58839450002415,None,n,3.8484666000003926,198.58839450002415,None,198.58839450002415,None,198.58839450002415,None,202.45459600002505,203.44890950003173,203.93747340003029,None,1.275,3.856743300042581,206.04105629998958,None,4.770833333333333,5.922320900019258,206.04105629998958,None,206.04105629998958,None,206.04105629998958,None,,,,,,,,,,,,,,,,,,,,,,,,,,,,,,,,,,,,,,,,,,,,,,,,,,,,,,,Rishab_C,001,2022-04-22_11h46.44.494,ultamatum,2022.1.3,59.99124128191862,
3,0,3,0,,,,,,,,,,,211.9103552000015,None,5.633333333333333,2.003020200005267,212.9507789000054,None,212.9507789000054,None,3.2,5.756412099988665,215.07711680000648,None,215.07711680000648,None,215.07711680000648,None,2.8375,4.098842300008982,215.07711680000648,None,I will take,50,105,220.82763449999038,None,220.82763449999038,None,220.82763449999038,None,220.82763449999038,None,220.82763449999038,None,y,4.461491399968509,220.82763449999038,None,220.82763449999038,None,220.82763449999038,None,225.31922589999158,226.32994570001028,226.79711630003294,None,4.004166666666666,2.900538499990944,228.9001089000376,None,2.2333333333333334,7.039878800045699,228.9001089000376,None,228.9001089000376,None,228.9001089000376,None,,,,,,,,,,,,,,,,,,,,,,,,,,,,,,,,,,,,,,,,,,,,,,,,,,,,,,,Rishab_C,001,2022-04-22_11h46.44.494,ultamatum,2022.1.3,59.99124128191862,
4,0,4,0,,,,,,,,,,,235.87682310002856,None,3.875,12.078891399956774,236.94719430000987,None,236.94719430000987,None,2.908333333333333,5.243804499972612,249.07174670003587,None,249.07174670003587,None,249.07174670003587,None,3.158333333333333,2.208540300023742,249.07174670003587,None,You will receive,37,105,254.3816966000013,None,254.3816966000013,None,254.3816966000013,None,254.3816966000013,None,254.3816966000013,None,n,4.174380999989808,254.3816966000013,None,254.3816966000013,None,254.3816966000013,None,258.59224020002875,259.59534540004097,260.06888939999044,None,3.466666666666667,9.138144000025932,262.15434950002236,None,4.533333333333333,11.30500240001129,262.15434950002236,None,262.15434950002236,None,262.15434950002236,None,,,,,,,,,,,,,,,,,,,,,,,,,,,,,,,,,,,,,,,,,,,,,,,,,,,,,,,Rishab_C,001,2022-04-22_11h46.44.494,ultamatum,2022.1.3,59.99124128191862,
,,,,0,0,0,0,,,,,,,,,,,,,,,,,,,,,,,,,,,You will receive,40,105,,,,,,,,,,,,,,,,,,,311.0619895000127,312.05310220003594,312.55120000004536,None,,,,,,,,,,,,,273.4355968000018,None,274.5235928000184,None,5.0,13.27642469998682,274.5235928000184,None,287.791047500039,None,287.791047500039,None,3.0125,1.483526099997107,287.791047500039,None,2.9458333333333333,2.6569909000536427,287.791047500039,None,290.56055759999435,None,290.56055759999435,None,290.56055759999435,None,290.56055759999435,None,290.56055759999435,None,y,20.46640189999016,290.56055759999435,None,290.56055759999435,None,3.75,8.307687500026077,314.6049936999916,None,314.6049936999916,None,314.6049936999916,None,2.9208333333333334,6.478142999985721,314.6049936999916,None,,,,,,,Rishab_C,001,2022-04-22_11h46.44.494,ultamatum,2022.1.3,59.99124128191862,
,,,,1,0,1,0,,,,,,,,,,,,,,,,,,,,,,,,,,,You will receive,10,105,,,,,,,,,,,,,,,,,,,362.6614618000458,363.6517112000147,364.1338487000321,None,,,,,,,,,,,,,322.91635549999774,None,323.98069970001234,None,5.133333333333334,6.868704800028354,323.98069970001234,None,330.8563057000283,None,330.8563057000283,None,3.183333333333333,1.105934499995783,330.8563057000283,None,2.8291666666666666,22.787328200007323,330.8563057000283,None,353.6765282000415,None,353.6765282000415,None,353.6765282000415,None,353.6765282000415,None,353.6765282000415,None,n,8.944802900019567,353.6765282000415,None,353.6765282000415,None,4.895833333333333,9.330395099997986,366.17974709998816,None,366.17974709998816,None,366.17974709998816,None,3.720833333333333,7.824786800018046,366.17974709998816,None,,,,,,,Rishab_C,001,2022-04-22_11h46.44.494,ultamatum,2022.1.3,59.99124128191862,
,,,,2,0,2,0,,,,,,,,,,,,,,,,,,,,,,,,,,,I will take,50,105,,,,,,,,,,,,,,,,,,,396.85120090004057,397.8388458000263,398.3385440999991,None,,,,,,,,,,,,,375.5127456000191,None,376.59112300002016,None,5.0,15.112629600043874,376.59112300002016,None,391.73458059999393,None,391.73458059999393,None,3.029166666666667,1.560386000026483,391.73458059999393,None,2.8916666666666666,2.7977671999833547,391.73458059999393,None,394.5620671000215,None,394.5620671000215,None,394.5620671000215,None,394.5620671000215,None,394.5620671000215,None,y,2.253993799968157,394.5620671000215,None,394.5620671000215,None,1.8583333333333334,17.64143660000991,400.3858168000006,None,400.3858168000006,None,400.3858168000006,None,3.9958333333333336,1.9200674999738112,400.3858168000006,None,,,,,,,Rishab_C,001,2022-04-22_11h46.44.494,ultamatum,2022.1.3,59.99124128191862,
,,,,3,0,3,0,,,,,,,,,,,,,,,,,,,,,,,,,,,I will take,30,105,,,,,,,,,,,,,,,,,,,429.7343328000279,430.73816470004385,431.2109698000131,None,,,,,,,,,,,,,418.01024000003235,None,419.08816320000915,None,5.891666666666667,1.04582230001688,419.08816320000915,None,420.1311773000052,None,420.1311773000052,None,3.1666666666666665,6.643660600006115,420.1311773000052,None,2.770833333333333,7.706849400012288,420.1311773000052,None,427.90062470000703,None,427.90062470000703,None,427.90062470000703,None,427.90062470000703,None,427.90062470000703,None,n,1.8010019999928772,427.90062470000703,None,427.90062470000703,None,4.1625,15.217203399981372,433.25785220001126,None,433.25785220001126,None,433.25785220001126,None,2.3125,13.983220399997663,433.25785220001126,None,,,,,,,Rishab_C,001,2022-04-22_11h46.44.494,ultamatum,2022.1.3,59.99124128191862,
,,,,4,0,4,0,,,,,,,,,,,,,,,,,,,,,,,,,,,You will receive,26,105,,,,,,,,,,,,,,,,,,,492.5063781000208,493.5059913000441,493.98956720001297,None,,,,,,,,,,,,,448.4640357000171,None,449.5407223000075,None,5.95,11.639652299985755,449.5407223000075,None,461.17073750001146,None,461.17073750001146,None,3.2041666666666666,26.800384100002702,461.17073750001146,None,2.8625,28.895697299973108,461.17073750001146,None,490.1310453999904,None,490.1310453999904,None,490.1310453999904,None,490.1310453999904,None,490.1310453999904,None,n,2.357530699984636,490.1310453999904,None,490.1310453999904,None,4.933333333333334,3.326235299988184,496.03624789998867,None,496.03624789998867,None,496.03624789998867,None,3.5416666666666665,2.0093256999971345,496.03624789998867,None,,,,,,,Rishab_C,001,2022-04-22_11h46.44.494,ultamatum,2022.1.3,59.99124128191862,
,,,,,,,,,,,,,,,,,,,,,,,,,,,,,,,,,,,,,,,,,,,,,,,,,,,,,,,,,,,,,,,,,,,,,,,,,,,,,,,,,,,,,,,,,,,,,,,,,,,,,,,,,,,,,,,,,,,,,,,499.3771334000048,None,space,2.2740471999859437,499.3771334000048,None,Rishab_C,001,2022-04-22_11h46.44.494,ultamatum,2022.1.3,59.99124128191862,
