﻿trials.thisRepN,trials.thisTrialN,trials.thisN,trials.thisIndex,trials_2.thisRepN,trials_2.thisTrialN,trials_2.thisN,trials_2.thisIndex,text_3.started,text_3.stopped,key_resp_3.keys,key_resp_3.rt,key_resp_3.started,key_resp_3.stopped,text.started,text.stopped,Expect.response,Expect.rt,Expect.started,Expect.stopped,text_4.started,text_4.stopped,ExpectedArousal2.response,ExpectedArousal2.rt,ExpectedArousal2.started,ExpectedArousal2.stopped,textBefore.started,textBefore.stopped,text2Before.started,text2Before.stopped,ExpectedValence.response,ExpectedValence.rt,ExpectedValence.started,ExpectedValence.stopped,Frame,offer,Total_Pot,Player1Pot.started,Player1Pot.stopped,Player2Pot.started,Player2Pot.stopped,split.started,split.stopped,AmountToSplit.started,AmountToSplit.stopped,frametext.started,frametext.stopped,key_resp1.keys,key_resp1.rt,key_resp1.started,key_resp1.stopped,wallet_label1.started,wallet_label1.stopped,wallet_label2.started,wallet_label2.stopped,deal_Completed.started,deal_Completed.stopped,text_6.started,text_6.stopped,ArousalAfter.response,ArousalAfter.rt,ArousalAfter.started,ArousalAfter.stopped,ValenceAfter.response,ValenceAfter.rt,ValenceAfter.started,ValenceAfter.stopped,text_7.started,text_7.stopped,text_8.started,text_8.stopped,textT2.started,textT2.stopped,anonytext0498.started,anonytext0498.stopped,anonyExpect.response,anonyExpect.rt,anonyExpect.started,anonyExpect.stopped,textBefore_2.started,textBefore_2.stopped,text2Before_2.started,text2Before_2.stopped,anonyExpectedValence.response,anonyExpectedValence.rt,anonyExpectedValence.started,anonyExpectedValence.stopped,anonyExpectedArousal.response,anonyExpectedArousal.rt,anonyExpectedArousal.started,anonyExpectedArousal.stopped,frametext_2.started,frametext_2.stopped,AmountToSplit_2.started,AmountToSplit_2.stopped,split_2.started,split_2.stopped,Player2Pot_2.started,Player2Pot_2.stopped,Player1Pot_2.started,Player1Pot_2.stopped,key_resp1_2.keys,key_resp1_2.rt,key_resp1_2.started,key_resp1_2.stopped,text_5.started,text_5.stopped,anonyValenceAfter.response,anonyValenceAfter.rt,anonyValenceAfter.started,anonyValenceAfter.stopped,text_9.started,text_9.stopped,text_10.started,text_10.stopped,anonyArousalAfter.response,anonyArousalAfter.rt,anonyArousalAfter.started,anonyArousalAfter.stopped,text_2.started,text_2.stopped,key_resp_2.keys,key_resp_2.rt,key_resp_2.started,key_resp_2.stopped,participant,session,date,expName,psychopyVersion,frameRate,
,,,,,,,,190.5501462999964,None,space,0.7306154000107199,190.5501462999964,None,,,,,,,,,,,,,,,,,,,,,,,,,,,,,,,,,,,,,,,,,,,,,,,,,,,,,,,,,,,,,,,,,,,,,,,,,,,,,,,,,,,,,,,,,,,,,,,,,,,,,,,,,,,,,,,,Rohan,001,2022-04-22_11h13.00.396,ultamatum,2022.1.3,60.06651767168886,
0,0,0,0,,,,,,,,,,,191.30958530004136,None,5.433333333333334,41.048601099988446,192.4236697999877,None,192.4236697999877,None,2.9541666666666666,2.785208399989642,233.48922879999736,None,233.48922879999736,None,233.48922879999736,None,2.958333333333333,1.2582714000018314,233.48922879999736,None,You will receive,40,40,236.2969697000226,None,236.2969697000226,None,236.2969697000226,None,236.2969697000226,None,236.2969697000226,None,y,12.83210759999929,236.2969697000226,None,236.2969697000226,None,236.2969697000226,None,249.17158820002805,250.17124180000974,250.65621939999983,None,2.6208333333333336,4.089285800000653,252.74896340002306,None,3.9625,5.842405600007623,252.74896340002306,None,252.74896340002306,None,252.74896340002306,None,,,,,,,,,,,,,,,,,,,,,,,,,,,,,,,,,,,,,,,,,,,,,,,,,,,,,,,Rohan,001,2022-04-22_11h13.00.396,ultamatum,2022.1.3,60.06651767168886,
1,0,1,0,,,,,,,,,,,258.56525320000947,None,4.233333333333333,15.480037999979686,259.6366495999973,None,259.6366495999973,None,2.975,30.89123470004415,275.1312923000078,None,275.1312923000078,None,275.1312923000078,None,3.029166666666667,29.80062229995383,275.1312923000078,None,I will take,59,81,306.0826100000413,None,306.0826100000413,None,306.0826100000413,None,306.0826100000413,None,306.0826100000413,None,y,1.4464313999633305,306.0826100000413,None,306.0826100000413,None,306.0826100000413,None,307.57144590001553,308.5643928000354,309.0530065000057,None,4.325,1.4197731000022031,311.13280329998815,None,1.8916666666666666,12.282245900016278,311.13280329998815,None,311.13280329998815,None,311.13280329998815,None,,,,,,,,,,,,,,,,,,,,,,,,,,,,,,,,,,,,,,,,,,,,,,,,,,,,,,,Rohan,001,2022-04-22_11h13.00.396,ultamatum,2022.1.3,60.06651767168886,
2,0,2,0,,,,,,,,,,,323.3873741000425,None,5.983333333333333,3.288539099972695,324.4639441000181,None,324.4639441000181,None,3.0,7.394013699959032,327.75001150002936,None,327.75001150002936,None,327.75001150002936,None,3.0083333333333333,1.806048300000839,327.75001150002936,None,I will take,20,81,335.2838090999867,None,335.2838090999867,None,335.2838090999867,None,335.2838090999867,None,335.2838090999867,None,n,1.6203943000291474,335.2838090999867,None,335.2838090999867,None,335.2838090999867,None,336.9436596999876,337.93834130000323,338.4266410000273,None,3.0791666666666666,14.803127699997276,340.5256489000167,None,2.8875,15.8832367999712,340.5256489000167,None,340.5256489000167,None,340.5256489000167,None,,,,,,,,,,,,,,,,,,,,,,,,,,,,,,,,,,,,,,,,,,,,,,,,,,,,,,,Rohan,001,2022-04-22_11h13.00.396,ultamatum,2022.1.3,60.06651767168886,
3,0,3,0,,,,,,,,,,,356.349854900036,None,5.108333333333333,31.67569479998201,357.4029130000272,None,357.4029130000272,None,2.975,11.880332400032785,389.1699641000014,None,389.1699641000014,None,389.1699641000014,None,3.033333333333333,10.364537199959159,389.1699641000014,None,You will receive,37,118,401.0670996000408,None,401.0670996000408,None,401.0670996000408,None,401.0670996000408,None,401.0670996000408,None,y,5.426355000003241,401.0670996000408,None,401.0670996000408,None,401.0670996000408,None,406.5348266999936,407.53697140002623,408.0193314999924,None,2.2041666666666666,3.040967400011141,410.12400090001756,None,4.108333333333333,4.4704413000145,410.12400090001756,None,410.12400090001756,None,410.12400090001756,None,,,,,,,,,,,,,,,,,,,,,,,,,,,,,,,,,,,,,,,,,,,,,,,,,,,,,,,Rohan,001,2022-04-22_11h13.00.396,ultamatum,2022.1.3,60.06651767168886,
4,0,4,0,,,,,,,,,,,414.5440590000362,None,5.7,5.687084799981676,415.6185397999943,None,415.6185397999943,None,2.916666666666667,3.4202006999985315,421.3700260000187,None,421.3700260000187,None,421.3700260000187,None,3.0208333333333335,1.622739400016144,421.3700260000187,None,You will receive,26,118,424.77940900000976,None,424.77940900000976,None,424.77940900000976,None,424.77940900000976,None,424.77940900000976,None,n,1.3823129999800585,424.77940900000976,None,424.77940900000976,None,424.77940900000976,None,426.198459700041,427.1906917000306,427.6794418999925,None,2.779166666666667,2.9578815000131726,429.7798024000367,None,4.470833333333333,4.074480199953541,429.7798024000367,None,429.7798024000367,None,429.7798024000367,None,,,,,,,,,,,,,,,,,,,,,,,,,,,,,,,,,,,,,,,,,,,,,,,,,,,,,,,Rohan,001,2022-04-22_11h13.00.396,ultamatum,2022.1.3,60.06651767168886,
,,,,0,0,0,0,,,,,,,,,,,,,,,,,,,,,,,,,,,You will receive,59,118,,,,,,,,,,,,,,,,,,,459.7820163000142,460.77022220002254,461.26830220001284,None,,,,,,,,,,,,,433.79694010003004,None,434.89870130002964,None,4.8,3.776439500041306,434.89870130002964,None,438.64066580001963,None,438.64066580001963,None,3.0833333333333335,6.608420100004878,438.64066580001963,None,2.9458333333333333,10.332180300028995,438.64066580001963,None,449.0263816000079,None,449.0263816000079,None,449.0263816000079,None,449.0263816000079,None,449.0263816000079,None,y,10.707580799993593,449.0263816000079,None,449.0263816000079,None,1.95,3.8936595999985,463.32135139999446,None,463.32135139999446,None,463.32135139999446,None,4.0125,1.7875363999628462,463.32135139999446,None,,,,,,,Rohan,001,2022-04-22_11h13.00.396,ultamatum,2022.1.3,60.06651767168886,
,,,,1,0,1,0,,,,,,,,,,,,,,,,,,,,,,,,,,,You will receive,32,118,,,,,,,,,,,,,,,,,,,475.7632496000151,476.75440239999443,477.24616550002247,None,,,,,,,,,,,,,467.22405070002424,None,468.29816950001987,None,4.558333333333334,2.578700400015805,468.29816950001987,None,470.88840890000574,None,470.88840890000574,None,3.0708333333333333,1.4820229999604635,470.88840890000574,None,2.9208333333333334,2.7497718000086024,470.88840890000574,None,473.6522222000058,None,473.6522222000058,None,473.6522222000058,None,473.6522222000058,None,473.6522222000058,None,y,2.0809061999898404,473.6522222000058,None,473.6522222000058,None,3.775,5.840780499973334,479.29594320000615,None,479.29594320000615,None,479.29594320000615,None,2.4791666666666665,2.16236580000259,479.29594320000615,None,,,,,,,Rohan,001,2022-04-22_11h13.00.396,ultamatum,2022.1.3,60.06651767168886,
,,,,2,0,2,0,,,,,,,,,,,,,,,,,,,,,,,,,,,I will take,37,118,,,,,,,,,,,,,,,,,,,496.032245600014,497.02478969999356,497.5057272000122,None,,,,,,,,,,,,,485.12317969999276,None,486.19572950003203,None,5.375,2.6167826000018977,486.19572950003203,None,488.85576070001116,None,488.85576070001116,None,3.066666666666667,1.3786487000179477,488.85576070001116,None,2.904166666666667,2.7721689000027254,488.85576070001116,None,491.6706623000209,None,491.6706623000209,None,491.6706623000209,None,491.6706623000209,None,491.6706623000209,None,n,4.312485200003721,491.6706623000209,None,491.6706623000209,None,3.2291666666666665,17.29453439998906,499.5529929000186,None,499.5529929000186,None,499.5529929000186,None,2.2958333333333334,15.705164599989075,499.5529929000186,None,,,,,,,Rohan,001,2022-04-22_11h13.00.396,ultamatum,2022.1.3,60.06651767168886,
,,,,3,0,3,0,,,,,,,,,,,,,,,,,,,,,,,,,,,I will take,10,118,,,,,,,,,,,,,,,,,,,543.4139441000298,544.4029572000145,544.8896064999863,None,,,,,,,,,,,,,516.8336883999873,None,517.9323519000318,None,5.016666666666667,20.120260299998336,517.9323519000318,None,538.0679233000265,None,538.0679233000265,None,2.9958333333333336,1.6748937999946065,538.0679233000265,None,2.975,3.4469714000006206,538.0679233000265,None,541.5672710000072,None,541.5672710000072,None,541.5672710000072,None,541.5672710000072,None,541.5672710000072,None,n,1.8226568000391126,541.5672710000072,None,541.5672710000072,None,4.758333333333333,3.3819589000195265,546.9366685000132,None,546.9366685000132,None,546.9366685000132,None,3.7125,2.3497542000259273,546.9366685000132,None,,,,,,,Rohan,001,2022-04-22_11h13.00.396,ultamatum,2022.1.3,60.06651767168886,
,,,,4,0,4,0,,,,,,,,,,,,,,,,,,,,,,,,,,,I will take,30,118,,,,,,,,,,,,,,,,,,,581.1048711999902,582.106817300024,582.5771601999877,None,,,,,,,,,,,,,550.3297877000296,None,551.3923506000428,None,5.791666666666667,18.371347999956924,551.3923506000428,None,569.7948891000124,None,569.7948891000124,None,3.1125,3.6728329999605194,569.7948891000124,None,2.9333333333333336,4.600209900003392,569.7948891000124,None,574.4425919000059,None,574.4425919000059,None,574.4425919000059,None,574.4425919000059,None,574.4425919000059,None,n,6.612469199986663,574.4425919000059,None,574.4425919000059,None,4.0125,4.351832300017122,584.6413778000278,None,584.6413778000278,None,584.6413778000278,None,2.8625,3.226975900004618,584.6413778000278,None,,,,,,,Rohan,001,2022-04-22_11h13.00.396,ultamatum,2022.1.3,60.06651767168886,
,,,,,,,,,,,,,,,,,,,,,,,,,,,,,,,,,,,,,,,,,,,,,,,,,,,,,,,,,,,,,,,,,,,,,,,,,,,,,,,,,,,,,,,,,,,,,,,,,,,,,,,,,,,,,,,,,,,,,,,588.9912654000218,None,space,2.904421999992337,588.9912654000218,None,Rohan,001,2022-04-22_11h13.00.396,ultamatum,2022.1.3,60.06651767168886,
