﻿trials.thisRepN,trials.thisTrialN,trials.thisN,trials.thisIndex,trials_2.thisRepN,trials_2.thisTrialN,trials_2.thisN,trials_2.thisIndex,text_3.started,text_3.stopped,key_resp_3.keys,key_resp_3.rt,key_resp_3.started,key_resp_3.stopped,text.started,text.stopped,Expect.response,Expect.rt,Expect.started,Expect.stopped,text_4.started,text_4.stopped,ExpectedArousal2.response,ExpectedArousal2.rt,ExpectedArousal2.started,ExpectedArousal2.stopped,textBefore.started,textBefore.stopped,text2Before.started,text2Before.stopped,ExpectedValence.response,ExpectedValence.rt,ExpectedValence.started,ExpectedValence.stopped,Frame,offer,Total_Pot,Player1Pot.started,Player1Pot.stopped,Player2Pot.started,Player2Pot.stopped,split.started,split.stopped,AmountToSplit.started,AmountToSplit.stopped,frametext.started,frametext.stopped,key_resp1.keys,key_resp1.rt,key_resp1.started,key_resp1.stopped,wallet_label1.started,wallet_label1.stopped,wallet_label2.started,wallet_label2.stopped,deal_Completed.started,deal_Completed.stopped,text_6.started,text_6.stopped,ArousalAfter.response,ArousalAfter.rt,ArousalAfter.started,ArousalAfter.stopped,ValenceAfter.response,ValenceAfter.rt,ValenceAfter.started,ValenceAfter.stopped,text_7.started,text_7.stopped,text_8.started,text_8.stopped,textT2.started,textT2.stopped,anonytext0498.started,anonytext0498.stopped,anonyExpect.response,anonyExpect.rt,anonyExpect.started,anonyExpect.stopped,textBefore_2.started,textBefore_2.stopped,text2Before_2.started,text2Before_2.stopped,anonyExpectedValence.response,anonyExpectedValence.rt,anonyExpectedValence.started,anonyExpectedValence.stopped,anonyExpectedArousal.response,anonyExpectedArousal.rt,anonyExpectedArousal.started,anonyExpectedArousal.stopped,frametext_2.started,frametext_2.stopped,AmountToSplit_2.started,AmountToSplit_2.stopped,split_2.started,split_2.stopped,Player2Pot_2.started,Player2Pot_2.stopped,Player1Pot_2.started,Player1Pot_2.stopped,key_resp1_2.keys,key_resp1_2.rt,key_resp1_2.started,key_resp1_2.stopped,text_5.started,text_5.stopped,anonyValenceAfter.response,anonyValenceAfter.rt,anonyValenceAfter.started,anonyValenceAfter.stopped,text_9.started,text_9.stopped,text_10.started,text_10.stopped,anonyArousalAfter.response,anonyArousalAfter.rt,anonyArousalAfter.started,anonyArousalAfter.stopped,text_2.started,text_2.stopped,key_resp_2.keys,key_resp_2.rt,key_resp_2.started,key_resp_2.stopped,participant,session,date,expName,psychopyVersion,frameRate,
,,,,,,,,48.67138250000062,None,space,15.328170499999032,48.67138250000062,None,,,,,,,,,,,,,,,,,,,,,,,,,,,,,,,,,,,,,,,,,,,,,,,,,,,,,,,,,,,,,,,,,,,,,,,,,,,,,,,,,,,,,,,,,,,,,,,,,,,,,,,,,,,,,,,,Sanskar Mittal,001,2022-04-22_11h39.40.566,ultamatum,2022.1.3,59.96102533299118,
0,0,0,0,,,,,,,,,,,64.01893070000006,None,4.525,3.583653100000447,65.04383580000103,None,65.04383580000103,None,2.1791666666666667,4.170063800000207,68.63547530000142,None,68.63547530000142,None,68.63547530000142,None,3.279166666666667,1.5841342000003351,68.63547530000142,None,You will receive,40,40,72.81809340000109,None,72.81809340000109,None,72.81809340000109,None,72.81809340000109,None,72.81809340000109,None,y,3.5408103999998275,72.81809340000109,None,72.81809340000109,None,72.81809340000109,None,76.39034870000069,77.39069190000009,77.87475700000141,None,3.8333333333333335,54.85495570000057,79.8927678,None,2.0125,56.74460949999957,79.8927678,None,79.8927678,None,79.8927678,None,,,,,,,,,,,,,,,,,,,,,,,,,,,,,,,,,,,,,,,,,,,,,,,,,,,,,,,Sanskar Mittal,001,2022-04-22_11h39.40.566,ultamatum,2022.1.3,59.96102533299118,
1,0,1,0,,,,,,,,,,,136.63042810000115,None,2.3916666666666666,4.932561100000385,137.63532680000026,None,137.63532680000026,None,1.1375,6.290514800000892,142.5908666000014,None,142.5908666000014,None,142.5908666000014,None,3.2,1.9367638999992778,142.5908666000014,None,You will receive,37,77,148.8969429000008,None,148.8969429000008,None,148.8969429000008,None,148.8969429000008,None,148.8969429000008,None,y,4.517657899999904,148.8969429000008,None,148.8969429000008,None,148.8969429000008,None,153.43653989999984,154.43697670000074,154.92089870000018,None,3.6791666666666667,4.054903599999307,156.933383900001,None,1.0833333333333333,6.330244500000845,156.933383900001,None,156.933383900001,None,156.933383900001,None,,,,,,,,,,,,,,,,,,,,,,,,,,,,,,,,,,,,,,,,,,,,,,,,,,,,,,,Sanskar Mittal,001,2022-04-22_11h39.40.566,ultamatum,2022.1.3,59.96102533299118,
2,0,2,0,,,,,,,,,,,163.257682200001,None,3.425,3.7325901000003796,164.26062450000063,None,164.26062450000063,None,1.4,8.107090800000151,168.01706830000148,None,168.01706830000148,None,168.01706830000148,None,3.7625,5.336817000001247,168.01706830000148,None,I will take,30,77,176.14235890000054,None,176.14235890000054,None,176.14235890000054,None,176.14235890000054,None,176.14235890000054,None,n,3.8132693999996263,176.14235890000054,None,176.14235890000054,None,176.14235890000054,None,179.98024260000057,180.98053489999984,181.464304000001,None,2.4125,6.834239800000432,183.4769851000001,None,3.8791666666666664,9.708851499999582,183.4769851000001,None,183.4769851000001,None,183.4769851000001,None,,,,,,,,,,,,,,,,,,,,,,,,,,,,,,,,,,,,,,,,,,,,,,,,,,,,,,,Sanskar Mittal,001,2022-04-22_11h39.40.566,ultamatum,2022.1.3,59.96102533299118,
3,0,3,0,,,,,,,,,,,193.1850661999997,None,7.558333333333334,3.08321480000086,194.18964100000085,None,194.18964100000085,None,1.3708333333333333,6.073748599999817,197.29597250000006,None,197.29597250000006,None,197.29597250000006,None,4.804166666666667,2.7377592000011646,197.29597250000006,None,You will receive,50,127,203.38193930000125,None,203.38193930000125,None,203.38193930000125,None,203.38193930000125,None,203.38193930000125,None,y,6.253910199999154,203.38193930000125,None,203.38193930000125,None,203.38193930000125,None,209.65872740000123,210.65876360000038,211.14229110000088,None,3.004166666666667,1.7544425000014598,213.15788539999994,None,3.029166666666667,6.161751600000571,213.15788539999994,None,213.15788539999994,None,213.15788539999994,None,,,,,,,,,,,,,,,,,,,,,,,,,,,,,,,,,,,,,,,,,,,,,,,,,,,,,,,Sanskar Mittal,001,2022-04-22_11h39.40.566,ultamatum,2022.1.3,59.96102533299118,
4,0,4,0,,,,,,,,,,,219.31177300000127,None,6.825,93.6841332999993,220.3159723000008,None,220.3159723000008,None,2.0458333333333334,4.604448300000513,314.0234497000001,None,314.0234497000001,None,314.0234497000001,None,3.8,1.351448999999775,314.0234497000001,None,I will take,77,127,318.64377090000016,None,318.64377090000016,None,318.64377090000016,None,318.64377090000016,None,318.64377090000016,None,n,2.6287501999995584,318.64377090000016,None,318.64377090000016,None,318.64377090000016,None,321.3013471000013,322.3016097,322.78504450000037,None,None,None,324.7970323999998,None,1.3458333333333334,1.2316602999999304,324.7970323999998,None,324.7970323999998,None,324.7970323999998,None,,,,,,,,,,,,,,,,,,,,,,,,,,,,,,,,,,,,,,,,,,,,,,,,,,,,,,,Sanskar Mittal,001,2022-04-22_11h39.40.566,ultamatum,2022.1.3,59.96102533299118,
,,,,0,0,0,0,,,,,,,,,,,,,,,,,,,,,,,,,,,I will take,50,127,,,,,,,,,,,,,,,,,,,367.2184694000007,368.2190859000002,368.7028081999997,None,,,,,,,,,,,,,326.02632580000136,None,327.0454597000007,None,4.625,23.140391000000818,327.0454597000007,None,350.1955522999997,None,350.1955522999997,None,3.3333333333333335,9.88554060000024,350.1955522999997,None,2.6833333333333336,12.86805429999913,350.1955522999997,None,363.0985470000014,None,363.0985470000014,None,363.0985470000014,None,363.0985470000014,None,363.0985470000014,None,y,4.099698699998044,363.0985470000014,None,363.0985470000014,None,2.8583333333333334,4.399715300000025,370.7064148999998,None,370.7064148999998,None,370.7064148999998,None,3.7291666666666665,2.047720599999593,370.7064148999998,None,,,,,,,Sanskar Mittal,001,2022-04-22_11h39.40.566,ultamatum,2022.1.3,59.96102533299118,
,,,,1,0,1,0,,,,,,,,,,,,,,,,,,,,,,,,,,,You will receive,85,127,,,,,,,,,,,,,,,,,,,390.7442372000005,391.74474460000056,392.22859830000016,None,,,,,,,,,,,,,375.12180439999975,None,376.12535019999996,None,3.35,4.233609399998386,376.12535019999996,None,380.3733975000014,None,380.3733975000014,None,2.9958333333333336,3.815845700000864,380.3733975000014,None,3.0,6.398211799998535,380.3733975000014,None,386.7960503000013,None,386.7960503000013,None,386.7960503000013,None,386.7960503000013,None,386.7960503000013,None,y,3.9334284999986266,386.7960503000013,None,386.7960503000013,None,1.1083333333333334,7.1845902999994,394.23068870000134,None,394.23068870000134,None,394.23068870000134,None,4.470833333333333,1.7988905999991402,394.23068870000134,None,,,,,,,Sanskar Mittal,001,2022-04-22_11h39.40.566,ultamatum,2022.1.3,59.96102533299118,
,,,,2,0,2,0,,,,,,,,,,,,,,,,,,,,,,,,,,,I will take,26,127,,,,,,,,,,,,,,,,,,,430.97633850000057,431.976856700001,432.46059440000136,None,,,,,,,,,,,,,401.4316295999997,None,402.43538100000114,None,1.2333333333333334,2.035517299998901,402.43538100000114,None,404.48356650000096,None,404.48356650000096,None,3.3375,9.04962979999982,404.48356650000096,None,2.3625,20.335141100000328,404.48356650000096,None,424.84150899999986,None,424.84150899999986,None,424.84150899999986,None,424.84150899999986,None,424.84150899999986,None,n,6.102915299998131,424.84150899999986,None,424.84150899999986,None,1.4041666666666666,6.584502199999406,434.4634898000004,None,434.4634898000004,None,434.4634898000004,None,1.5,5.333049499999106,434.4634898000004,None,,,,,,,Sanskar Mittal,001,2022-04-22_11h39.40.566,ultamatum,2022.1.3,59.96102533299118,
,,,,3,0,3,0,,,,,,,,,,,,,,,,,,,,,,,,,,,I will take,32,127,,,,,,,,,,,,,,,,,,,491.28287160000036,492.2832401000014,492.7668867000011,None,,,,,,,,,,,,,441.0635822000004,None,442.0669549000013,None,5.575,34.0450879,442.0669549000013,None,476.12678060000144,None,476.12678060000144,None,3.3083333333333336,1.348245199998928,476.12678060000144,None,2.75,3.5979229000004125,476.12678060000144,None,479.7458623000002,None,479.7458623000002,None,479.7458623000002,None,479.7458623000002,None,479.7458623000002,None,n,11.506793499998821,479.7458623000002,None,479.7458623000002,None,2.220833333333333,4.53287409999939,494.7695715000009,None,494.7695715000009,None,494.7695715000009,None,1.575,1.080948200000421,494.7695715000009,None,,,,,,,Sanskar Mittal,001,2022-04-22_11h39.40.566,ultamatum,2022.1.3,59.96102533299118,
,,,,4,0,4,0,,,,,,,,,,,,,,,,,,,,,,,,,,,You will receive,59,127,,,,,,,,,,,,,,,,,,,565.7614048000014,566.7612004000002,567.245417600001,None,,,,,,,,,,,,,499.3188624000013,None,500.3229227000011,None,6.358333333333333,1.9324615999994421,500.3229227000011,None,502.2701803,None,502.2701803,None,3.775,2.9994557999998506,502.2701803,None,2.0791666666666666,8.165516699998989,502.2701803,None,510.4577980000013,None,510.4577980000013,None,510.4577980000013,None,510.4577980000013,None,510.4577980000013,None,y,55.28283099999862,510.4577980000013,None,510.4577980000013,None,1.5291666666666666,8.418556399999943,569.2479211999998,None,569.2479211999998,None,569.2479211999998,None,3.4375,4.282342800001061,569.2479211999998,None,,,,,,,Sanskar Mittal,001,2022-04-22_11h39.40.566,ultamatum,2022.1.3,59.96102533299118,
,,,,,,,,,,,,,,,,,,,,,,,,,,,,,,,,,,,,,,,,,,,,,,,,,,,,,,,,,,,,,,,,,,,,,,,,,,,,,,,,,,,,,,,,,,,,,,,,,,,,,,,,,,,,,,,,,,,,,,,577.6826878000011,None,space,4.143350299998929,577.6826878000011,None,Sanskar Mittal,001,2022-04-22_11h39.40.566,ultamatum,2022.1.3,59.96102533299118,
