﻿trials.thisRepN,trials.thisTrialN,trials.thisN,trials.thisIndex,trials_2.thisRepN,trials_2.thisTrialN,trials_2.thisN,trials_2.thisIndex,text_3.started,text_3.stopped,key_resp_3.keys,key_resp_3.rt,key_resp_3.started,key_resp_3.stopped,text.started,text.stopped,Expect.response,Expect.rt,Expect.started,Expect.stopped,text_4.started,text_4.stopped,ExpectedArousal2.response,ExpectedArousal2.rt,ExpectedArousal2.started,ExpectedArousal2.stopped,textBefore.started,textBefore.stopped,text2Before.started,text2Before.stopped,ExpectedValence.response,ExpectedValence.rt,ExpectedValence.started,ExpectedValence.stopped,Frame,offer,Total_Pot,Player1Pot.started,Player1Pot.stopped,Player2Pot.started,Player2Pot.stopped,split.started,split.stopped,AmountToSplit.started,AmountToSplit.stopped,frametext.started,frametext.stopped,key_resp1.keys,key_resp1.rt,key_resp1.started,key_resp1.stopped,wallet_label1.started,wallet_label1.stopped,wallet_label2.started,wallet_label2.stopped,deal_Completed.started,deal_Completed.stopped,text_6.started,text_6.stopped,ArousalAfter.response,ArousalAfter.rt,ArousalAfter.started,ArousalAfter.stopped,ValenceAfter.response,ValenceAfter.rt,ValenceAfter.started,ValenceAfter.stopped,text_7.started,text_7.stopped,text_8.started,text_8.stopped,textT2.started,textT2.stopped,anonytext0498.started,anonytext0498.stopped,anonyExpect.response,anonyExpect.rt,anonyExpect.started,anonyExpect.stopped,textBefore_2.started,textBefore_2.stopped,text2Before_2.started,text2Before_2.stopped,anonyExpectedValence.response,anonyExpectedValence.rt,anonyExpectedValence.started,anonyExpectedValence.stopped,anonyExpectedArousal.response,anonyExpectedArousal.rt,anonyExpectedArousal.started,anonyExpectedArousal.stopped,frametext_2.started,frametext_2.stopped,AmountToSplit_2.started,AmountToSplit_2.stopped,split_2.started,split_2.stopped,Player2Pot_2.started,Player2Pot_2.stopped,Player1Pot_2.started,Player1Pot_2.stopped,key_resp1_2.keys,key_resp1_2.rt,key_resp1_2.started,key_resp1_2.stopped,text_5.started,text_5.stopped,anonyValenceAfter.response,anonyValenceAfter.rt,anonyValenceAfter.started,anonyValenceAfter.stopped,text_9.started,text_9.stopped,text_10.started,text_10.stopped,anonyArousalAfter.response,anonyArousalAfter.rt,anonyArousalAfter.started,anonyArousalAfter.stopped,text_2.started,text_2.stopped,key_resp_2.keys,key_resp_2.rt,key_resp_2.started,key_resp_2.stopped,participant,session,date,expName,psychopyVersion,frameRate,
,,,,,,,,35.8644683,None,space,1.5542542000000026,35.8644683,None,,,,,,,,,,,,,,,,,,,,,,,,,,,,,,,,,,,,,,,,,,,,,,,,,,,,,,,,,,,,,,,,,,,,,,,,,,,,,,,,,,,,,,,,,,,,,,,,,,,,,,,,,,,,,,,,Saurabh Meena,001,2022-04-22_19h47.46.965,ultamatum,2022.1.3,60.195273467140794,
0,0,0,0,,,,,,,,,,,37.4471552,None,2.683333333333333,8.998541700000033,38.50902929999995,None,38.50902929999995,None,1.2583333333333333,4.74062200000003,47.525426599999946,None,47.525426599999946,None,47.525426599999946,None,3.3041666666666667,2.182815899999923,47.525426599999946,None,You will receive,20,0,52.266710099999955,None,52.266710099999955,None,52.266710099999955,None,52.266710099999955,None,52.266710099999955,None,n,3.451317700000061,52.266710099999955,None,52.266710099999955,None,52.266710099999955,None,55.73739039999998,56.73687999999993,57.22083299999997,None,2.4291666666666667,3.757427699999994,59.257352500000025,None,3.4541666666666666,5.529497200000037,59.257352500000025,None,59.257352500000025,None,59.257352500000025,None,,,,,,,,,,,,,,,,,,,,,,,,,,,,,,,,,,,,,,,,,,,,,,,,,,,,,,,Saurabh Meena,001,2022-04-22_19h47.46.965,ultamatum,2022.1.3,60.195273467140794,
1,0,1,0,,,,,,,,,,,64.76400869999998,None,5.766666666666667,2.7408745999999837,65.77956310000002,None,65.77956310000002,None,2.2625,12.170341600000029,68.54915029999995,None,68.54915029999995,None,68.54915029999995,None,4.029166666666667,10.24093460000006,68.54915029999995,None,I will take,40,0,80.7389071,None,80.7389071,None,80.7389071,None,80.7389071,None,80.7389071,None,n,5.307909100000018,80.7389071,None,80.7389071,None,80.7389071,None,86.06519939999998,87.06510059999994,87.54902479999998,None,2.783333333333333,1.8495987000000014,89.57331720000002,None,3.2541666666666664,3.4547182999999677,89.57331720000002,None,89.57331720000002,None,89.57331720000002,None,,,,,,,,,,,,,,,,,,,,,,,,,,,,,,,,,,,,,,,,,,,,,,,,,,,,,,,Saurabh Meena,001,2022-04-22_19h47.46.965,ultamatum,2022.1.3,60.195273467140794,
2,0,2,0,,,,,,,,,,,93.02310339999997,None,4.958333333333334,2.2877244999999675,94.03988900000002,None,94.03988900000002,None,3.029166666666667,2.951030400000036,96.35752309999998,None,96.35752309999998,None,96.35752309999998,None,2.9625,1.7807161000000633,96.35752309999998,None,I will take,10,0,99.33077309999999,None,99.33077309999999,None,99.33077309999999,None,99.33077309999999,None,99.33077309999999,None,n,1.9646901000000412,99.33077309999999,None,99.33077309999999,None,99.33077309999999,None,101.32101639999996,102.3212767,102.80469579999999,None,2.225,8.492416999999932,104.82812160000003,None,3.7125,10.2998695,104.82812160000003,None,104.82812160000003,None,104.82812160000003,None,,,,,,,,,,,,,,,,,,,,,,,,,,,,,,,,,,,,,,,,,,,,,,,,,,,,,,,Saurabh Meena,001,2022-04-22_19h47.46.965,ultamatum,2022.1.3,60.195273467140794,
3,0,3,0,,,,,,,,,,,115.11684279999997,None,9,6.129031600000076,116.13205989999994,None,116.13205989999994,None,1.0291666666666666,5.730967899999996,122.29657669999995,None,122.29657669999995,None,122.29657669999995,None,4.995833333333334,2.379839899999979,122.29657669999995,None,You will receive,77,77,128.04530349999993,None,128.04530349999993,None,128.04530349999993,None,128.04530349999993,None,128.04530349999993,None,y,3.500000400000033,128.04530349999993,None,128.04530349999993,None,128.04530349999993,None,131.56651569999997,132.56661009999993,133.05077319999998,None,4.425,2.283070500000008,135.0934277,None,1.2458333333333333,4.678378400000042,135.0934277,None,135.0934277,None,135.0934277,None,,,,,,,,,,,,,,,,,,,,,,,,,,,,,,,,,,,,,,,,,,,,,,,,,,,,,,,Saurabh Meena,001,2022-04-22_19h47.46.965,ultamatum,2022.1.3,60.195273467140794,
4,0,4,0,,,,,,,,,,,139.74559490000001,None,7.283333333333333,2.474550999999906,140.76846679999994,None,140.76846679999994,None,2.770833333333333,4.696653400000059,143.26513039999998,None,143.26513039999998,None,143.26513039999998,None,4.195833333333333,2.0381393999999773,143.26513039999998,None,You will receive,77,77,147.98743289999993,None,147.98743289999993,None,147.98743289999993,None,147.98743289999993,None,147.98743289999993,None,n,12.113486099999989,147.98743289999993,None,147.98743289999993,None,147.98743289999993,None,160.12731710000003,161.1274826,161.61080900000002,None,3.4458333333333333,5.663732399999958,163.63180520000003,None,2.783333333333333,7.862741700000015,163.63180520000003,None,163.63180520000003,None,163.63180520000003,None,,,,,,,,,,,,,,,,,,,,,,,,,,,,,,,,,,,,,,,,,,,,,,,,,,,,,,,Saurabh Meena,001,2022-04-22_19h47.46.965,ultamatum,2022.1.3,60.195273467140794,
,,,,0,0,0,0,,,,,,,,,,,,,,,,,,,,,,,,,,,I will take,85,77,,,,,,,,,,,,,,,,,,,183.91922220000004,184.9193993,185.40337049999994,None,,,,,,,,,,,,,171.49036160000003,None,172.51207939999995,None,5.9,3.1352531,172.51207939999995,None,175.65988459999994,None,175.65988459999994,None,4.004166666666666,2.2259315000000015,175.65988459999994,None,2.05,4.641412800000012,175.65988459999994,None,180.346451,None,180.346451,None,180.346451,None,180.346451,None,180.346451,None,y,3.5551717000000167,180.346451,None,180.346451,None,1.5291666666666666,4.196669200000088,187.42361329999994,None,187.42361329999994,None,187.42361329999994,None,4.508333333333333,1.928312300000016,187.42361329999994,None,,,,,,,Saurabh Meena,001,2022-04-22_19h47.46.965,ultamatum,2022.1.3,60.195273467140794,
,,,,1,0,1,0,,,,,,,,,,,,,,,,,,,,,,,,,,,I will take,32,77,,,,,,,,,,,,,,,,,,,213.29733269999997,214.29728869999997,214.78108129999998,None,,,,,,,,,,,,,191.6221405,None,192.63258740000003,None,3.3583333333333334,6.861198999999942,192.63258740000003,None,199.51128689999996,None,199.51128689999996,None,3.6166666666666667,2.79928510000002,199.51128689999996,None,2.1,6.849876299999892,199.51128689999996,None,206.38902029999997,None,206.38902029999997,None,206.38902029999997,None,206.38902029999997,None,206.38902029999997,None,y,6.8904437000000485,206.38902029999997,None,206.38902029999997,None,2.725,4.383025700000076,216.7936687,None,216.7936687,None,216.7936687,None,3.345833333333333,2.5995325000000093,216.7936687,None,,,,,,,Saurabh Meena,001,2022-04-22_19h47.46.965,ultamatum,2022.1.3,60.195273467140794,
,,,,2,0,2,0,,,,,,,,,,,,,,,,,,,,,,,,,,,You will receive,30,77,,,,,,,,,,,,,,,,,,,235.77268389999995,236.77281649999998,237.2565098,None,,,,,,,,,,,,,221.18325049999999,None,222.19251639999993,None,2.5416666666666665,3.0015343999999686,222.19251639999993,None,225.20954169999993,None,225.20954169999993,None,3.1791666666666667,5.66189739999993,225.20954169999993,None,2.833333333333333,7.127332199999955,225.20954169999993,None,232.3587404,None,232.3587404,None,232.3587404,None,232.3587404,None,232.3587404,None,y,3.3939217000000212,232.3587404,None,232.3587404,None,2.75,2.6817417000000887,239.2727023,None,239.2727023,None,239.2727023,None,3.2958333333333334,1.397157600000014,239.2727023,None,,,,,,,Saurabh Meena,001,2022-04-22_19h47.46.965,ultamatum,2022.1.3,60.195273467140794,
,,,,3,0,3,0,,,,,,,,,,,,,,,,,,,,,,,,,,,I will take,20,77,,,,,,,,,,,,,,,,,,,255.02972269999998,256.02993219999996,256.51400209999997,None,,,,,,,,,,,,,241.95777699999996,None,242.96515779999993,None,7.475,2.1959104000000025,242.96515779999993,None,245.17978979999998,None,245.17978979999998,None,4.283333333333333,5.132528199999911,245.17978979999998,None,2.1458333333333335,7.147950200000082,245.17978979999998,None,252.35612989999993,None,252.35612989999993,None,252.35612989999993,None,252.35612989999993,None,252.35612989999993,None,n,2.654530700000066,252.35612989999993,None,252.35612989999993,None,4.545833333333333,7.7344770999999355,258.52189969999995,None,258.52189969999995,None,258.52189969999995,None,1.3666666666666667,4.649084500000072,258.52189969999995,None,,,,,,,Saurabh Meena,001,2022-04-22_19h47.46.965,ultamatum,2022.1.3,60.195273467140794,
,,,,4,0,4,0,,,,,,,,,,,,,,,,,,,,,,,,,,,You will receive,37,77,,,,,,,,,,,,,,,,,,,283.4239421,284.424226,284.90766759999997,None,,,,,,,,,,,,,266.26750519999996,None,267.27452089999997,None,6.991666666666667,2.9765932999999904,267.27452089999997,None,270.26580549999994,None,270.26580549999994,None,4.333333333333333,2.1866622999999663,270.26580549999994,None,2.4458333333333333,6.669576699999993,270.26580549999994,None,276.959291,None,276.959291,None,276.959291,None,276.959291,None,276.959291,None,n,6.443308899999977,276.959291,None,276.959291,None,3.925,6.0178449,286.9169964,None,286.9169964,None,286.9169964,None,1.3083333333333333,2.2660106999999243,286.9169964,None,,,,,,,Saurabh Meena,001,2022-04-22_19h47.46.965,ultamatum,2022.1.3,60.195273467140794,
,,,,,,,,,,,,,,,,,,,,,,,,,,,,,,,,,,,,,,,,,,,,,,,,,,,,,,,,,,,,,,,,,,,,,,,,,,,,,,,,,,,,,,,,,,,,,,,,,,,,,,,,,,,,,,,,,,,,,,,292.9465881,None,space,2.6457582999999545,292.9465881,None,Saurabh Meena,001,2022-04-22_19h47.46.965,ultamatum,2022.1.3,60.195273467140794,
