﻿trials.thisRepN,trials.thisTrialN,trials.thisN,trials.thisIndex,trials_2.thisRepN,trials_2.thisTrialN,trials_2.thisN,trials_2.thisIndex,text_3.started,text_3.stopped,key_resp_3.keys,key_resp_3.rt,key_resp_3.started,key_resp_3.stopped,text.started,text.stopped,Expect.response,Expect.rt,Expect.started,Expect.stopped,text_4.started,text_4.stopped,ExpectedArousal2.response,ExpectedArousal2.rt,ExpectedArousal2.started,ExpectedArousal2.stopped,textBefore.started,textBefore.stopped,text2Before.started,text2Before.stopped,ExpectedValence.response,ExpectedValence.rt,ExpectedValence.started,ExpectedValence.stopped,Frame,offer,Total_Pot,Player1Pot.started,Player1Pot.stopped,Player2Pot.started,Player2Pot.stopped,split.started,split.stopped,AmountToSplit.started,AmountToSplit.stopped,frametext.started,frametext.stopped,key_resp1.keys,key_resp1.rt,key_resp1.started,key_resp1.stopped,wallet_label1.started,wallet_label1.stopped,wallet_label2.started,wallet_label2.stopped,deal_Completed.started,deal_Completed.stopped,text_6.started,text_6.stopped,ArousalAfter.response,ArousalAfter.rt,ArousalAfter.started,ArousalAfter.stopped,ValenceAfter.response,ValenceAfter.rt,ValenceAfter.started,ValenceAfter.stopped,text_7.started,text_7.stopped,text_8.started,text_8.stopped,textT2.started,textT2.stopped,anonytext0498.started,anonytext0498.stopped,anonyExpect.response,anonyExpect.rt,anonyExpect.started,anonyExpect.stopped,textBefore_2.started,textBefore_2.stopped,text2Before_2.started,text2Before_2.stopped,anonyExpectedValence.response,anonyExpectedValence.rt,anonyExpectedValence.started,anonyExpectedValence.stopped,anonyExpectedArousal.response,anonyExpectedArousal.rt,anonyExpectedArousal.started,anonyExpectedArousal.stopped,frametext_2.started,frametext_2.stopped,AmountToSplit_2.started,AmountToSplit_2.stopped,split_2.started,split_2.stopped,Player2Pot_2.started,Player2Pot_2.stopped,Player1Pot_2.started,Player1Pot_2.stopped,key_resp1_2.keys,key_resp1_2.rt,key_resp1_2.started,key_resp1_2.stopped,text_5.started,text_5.stopped,anonyValenceAfter.response,anonyValenceAfter.rt,anonyValenceAfter.started,anonyValenceAfter.stopped,text_9.started,text_9.stopped,text_10.started,text_10.stopped,anonyArousalAfter.response,anonyArousalAfter.rt,anonyArousalAfter.started,anonyArousalAfter.stopped,text_2.started,text_2.stopped,key_resp_2.keys,key_resp_2.rt,key_resp_2.started,key_resp_2.stopped,participant,session,date,expName,psychopyVersion,frameRate,
,,,,,,,,85.1268134000129,None,space,0.6755312000168487,85.1268134000129,None,,,,,,,,,,,,,,,,,,,,,,,,,,,,,,,,,,,,,,,,,,,,,,,,,,,,,,,,,,,,,,,,,,,,,,,,,,,,,,,,,,,,,,,,,,,,,,,,,,,,,,,,,,,,,,,,Saurabh,001,2022-04-22_11h04.43.349,ultamatum,2022.1.3,60.0630902749513,
0,0,0,0,,,,,,,,,,,85.82477750000544,None,5.175,6.074517600005493,86.95900720002828,None,86.95900720002828,None,2.9916666666666667,4.045225000008941,93.01265190000413,None,93.01265190000413,None,93.01265190000413,None,2.975,2.4863765999907628,93.01265190000413,None,You will receive,10,0,97.10573539999314,None,97.10573539999314,None,97.10573539999314,None,97.10573539999314,None,97.10573539999314,None,n,4.773603599984199,97.10573539999314,None,97.10573539999314,None,97.10573539999314,None,101.93054560001474,102.92744940001285,103.4188259000075,None,3.8333333333333335,22.505931599996984,105.51544099999592,None,4.85,23.74476199998753,105.51544099999592,None,105.51544099999592,None,105.51544099999592,None,,,,,,,,,,,,,,,,,,,,,,,,,,,,,,,,,,,,,,,,,,,,,,,,,,,,,,,Saurabh,001,2022-04-22_11h04.43.349,ultamatum,2022.1.3,60.0630902749513,
1,0,1,0,,,,,,,,,,,129.20514289999846,None,5.875,4.076639699982479,130.27797240001382,None,130.27797240001382,None,3.120833333333333,5.593713900016155,134.44241110002622,None,134.44241110002622,None,134.44241110002622,None,2.904166666666667,3.856086099985987,134.44241110002622,None,You will receive,37,37,140.0668319000397,None,140.0668319000397,None,140.0668319000397,None,140.0668319000397,None,140.0668319000397,None,y,2.534286100009922,140.0668319000397,None,140.0668319000397,None,140.0668319000397,None,142.63656640000409,143.6239628000185,144.1217416000436,None,2.708333333333333,2.8728837000089698,146.23000750003848,None,3.9958333333333336,4.658539200027008,146.23000750003848,None,146.23000750003848,None,146.23000750003848,None,,,,,,,,,,,,,,,,,,,,,,,,,,,,,,,,,,,,,,,,,,,,,,,,,,,,,,,Saurabh,001,2022-04-22_11h04.43.349,ultamatum,2022.1.3,60.0630902749513,
2,0,2,0,,,,,,,,,,,150.82142280001426,None,4.375,3.469451699987985,151.9070932000177,None,151.9070932000177,None,2.979166666666667,3.0551026999601163,155.48057850002078,None,155.48057850002078,None,155.48057850002078,None,3.075,1.3193005999783054,155.48057850002078,None,You will receive,32,37,158.5141526000225,None,158.5141526000225,None,158.5141526000225,None,158.5141526000225,None,158.5141526000225,None,n,5.84713989996817,158.5141526000225,None,158.5141526000225,None,158.5141526000225,None,164.39621310000075,165.38479790004203,165.88099090004107,None,3.1666666666666665,6.4120251999702305,167.9672120999894,None,4.308333333333334,11.55145500000799,167.9672120999894,None,167.9672120999894,None,167.9672120999894,None,,,,,,,,,,,,,,,,,,,,,,,,,,,,,,,,,,,,,,,,,,,,,,,,,,,,,,,Saurabh,001,2022-04-22_11h04.43.349,ultamatum,2022.1.3,60.0630902749513,
3,0,3,0,,,,,,,,,,,179.4728133000317,None,3.583333333333333,4.393512499984354,180.54019450000487,None,180.54019450000487,None,3.0416666666666665,6.1066319000092335,184.94937919999938,None,184.94937919999938,None,184.94937919999938,None,3.0,3.3045889000059105,184.94937919999938,None,I will take,77,60,191.106163199991,None,191.106163199991,None,191.106163199991,None,191.106163199991,None,191.106163199991,None,y,2.109751200012397,191.106163199991,None,191.106163199991,None,191.106163199991,None,193.25168600003235,194.2478611000115,194.73811010003556,None,4.479166666666667,1.3216709999833256,196.82308070000727,None,1.9958333333333333,4.590227200009394,196.82308070000727,None,196.82308070000727,None,196.82308070000727,None,,,,,,,,,,,,,,,,,,,,,,,,,,,,,,,,,,,,,,,,,,,,,,,,,,,,,,,Saurabh,001,2022-04-22_11h04.43.349,ultamatum,2022.1.3,60.0630902749513,
4,0,4,0,,,,,,,,,,,201.3849814000423,None,6.0,9.265105800004676,202.4507287000306,None,202.4507287000306,None,2.7458333333333336,4.290248800010886,211.73845440003788,None,211.73845440003788,None,211.73845440003788,None,3.3666666666666667,2.3173379999934696,211.73845440003788,None,You will receive,32,60,216.0466996000032,None,216.0466996000032,None,216.0466996000032,None,216.0466996000032,None,216.0466996000032,None,n,1.5985116999945603,216.0466996000032,None,216.0466996000032,None,216.0466996000032,None,217.67707989999326,218.67964460002258,219.16292740002973,None,2.8625,2.9619095000089146,221.26549970003543,None,4.095833333333333,4.2423360999673605,221.26549970003543,None,221.26549970003543,None,221.26549970003543,None,,,,,,,,,,,,,,,,,,,,,,,,,,,,,,,,,,,,,,,,,,,,,,,,,,,,,,,Saurabh,001,2022-04-22_11h04.43.349,ultamatum,2022.1.3,60.0630902749513,
,,,,0,0,0,0,,,,,,,,,,,,,,,,,,,,,,,,,,,I will take,26,60,,,,,,,,,,,,,,,,,,,240.09821680001915,241.10208370001055,241.58862630004296,None,,,,,,,,,,,,,225.45372590003535,None,226.54228510003304,None,4.991666666666667,3.869953500048723,226.54228510003304,None,230.38407369999913,None,230.38407369999913,None,3.15,4.298069199954625,230.38407369999913,None,2.9458333333333333,8.023715700022876,230.38407369999913,None,238.5130710999947,None,238.5130710999947,None,238.5130710999947,None,238.5130710999947,None,238.5130710999947,None,n,1.5383081000181846,238.5130710999947,None,238.5130710999947,None,4.1875,3.8712950000190176,243.64501159999054,None,243.64501159999054,None,243.64501159999054,None,2.775,2.418067599995993,243.64501159999054,None,,,,,,,Saurabh,001,2022-04-22_11h04.43.349,ultamatum,2022.1.3,60.0630902749513,
,,,,1,0,1,0,,,,,,,,,,,,,,,,,,,,,,,,,,,I will take,10,60,,,,,,,,,,,,,,,,,,,259.3671721999999,260.369070500019,260.84887109999545,None,,,,,,,,,,,,,247.52298639999935,None,248.59974670002703,None,4.783333333333333,4.619296299992129,248.59974670002703,None,253.23536260001129,None,253.23536260001129,None,2.9916666666666667,2.08484419999877,253.23536260001129,None,2.8916666666666666,4.347766499966383,253.23536260001129,None,257.6536283000023,None,257.6536283000023,None,257.6536283000023,None,257.6536283000023,None,257.6536283000023,None,n,1.6703266000258736,257.6536283000023,None,257.6536283000023,None,4.958333333333333,1.629171899985522,262.8970344000263,None,262.8970344000263,None,262.8970344000263,None,None,None,262.8970344000263,None,,,,,,,Saurabh,001,2022-04-22_11h04.43.349,ultamatum,2022.1.3,60.0630902749513,
,,,,2,0,2,0,,,,,,,,,,,,,,,,,,,,,,,,,,,You will receive,37,60,,,,,,,,,,,,,,,,,,,288.34919189999346,289.3500573000056,289.82264890003717,None,,,,,,,,,,,,,264.53869499999564,None,265.61952500004554,None,5.008333333333334,16.272991300036665,265.61952500004554,None,281.93046100001084,None,281.93046100001084,None,3.1708333333333334,1.8619983000098728,281.93046100001084,None,2.9208333333333334,2.8109091999940574,281.93046100001084,None,284.7974651000113,None,284.7974651000113,None,284.7974651000113,None,284.7974651000113,None,284.7974651000113,None,y,3.521066800050903,284.7974651000113,None,284.7974651000113,None,3.966666666666667,4.747062100039329,291.8723266000161,None,291.8723266000161,None,291.8723266000161,None,2.6625,2.7417553000268526,291.8723266000161,None,,,,,,,Saurabh,001,2022-04-22_11h04.43.349,ultamatum,2022.1.3,60.0630902749513,
,,,,3,0,3,0,,,,,,,,,,,,,,,,,,,,,,,,,,,I will take,85,60,,,,,,,,,,,,,,,,,,,309.6186586000258,310.62276779999956,311.0985328000388,None,,,,,,,,,,,,,296.63638999999966,None,297.70801010000287,None,5.191666666666666,3.8079906999482773,297.70801010000287,None,301.52495220000856,None,301.52495220000856,None,3.05,3.1897697999957018,301.52495220000856,None,3.0166666666666666,5.698999300017022,301.52495220000856,None,307.2922306000255,None,307.2922306000255,None,307.2922306000255,None,307.2922306000255,None,307.2922306000255,None,y,2.285470799950417,307.2922306000255,None,307.2922306000255,None,1.9791666666666667,4.793945599987637,313.1481340000173,None,313.1481340000173,None,313.1481340000173,None,4.766666666666667,3.024875000002794,313.1481340000173,None,,,,,,,Saurabh,001,2022-04-22_11h04.43.349,ultamatum,2022.1.3,60.0630902749513,
,,,,4,0,4,0,,,,,,,,,,,,,,,,,,,,,,,,,,,You will receive,30,60,,,,,,,,,,,,,,,,,,,356.16615470004035,357.1637180999969,357.64953749999404,None,,,,,,,,,,,,,317.9277781000128,None,319.0003236000193,None,4.991666666666667,30.293022500001825,319.0003236000193,None,349.3061032000114,None,349.3061032000114,None,3.004166666666667,1.9254751999978907,349.3061032000114,None,2.9916666666666667,3.218419199984055,349.3061032000114,None,352.59443779999856,None,352.59443779999856,None,352.59443779999856,None,352.59443779999856,None,352.59443779999856,None,n,3.5427881000214256,352.59443779999856,None,352.59443779999856,None,4.383333333333333,10.972828900034074,359.698305500031,None,359.698305500031,None,359.698305500031,None,2.7583333333333333,2.024760400003288,359.698305500031,None,,,,,,,Saurabh,001,2022-04-22_11h04.43.349,ultamatum,2022.1.3,60.0630902749513,
,,,,,,,,,,,,,,,,,,,,,,,,,,,,,,,,,,,,,,,,,,,,,,,,,,,,,,,,,,,,,,,,,,,,,,,,,,,,,,,,,,,,,,,,,,,,,,,,,,,,,,,,,,,,,,,,,,,,,,,370.66981769999256,None,space,2.8220130000263453,370.66981769999256,None,Saurabh,001,2022-04-22_11h04.43.349,ultamatum,2022.1.3,60.0630902749513,
