﻿trials.thisRepN,trials.thisTrialN,trials.thisN,trials.thisIndex,trials_2.thisRepN,trials_2.thisTrialN,trials_2.thisN,trials_2.thisIndex,text_3.started,text_3.stopped,key_resp_3.keys,key_resp_3.rt,key_resp_3.started,key_resp_3.stopped,text.started,text.stopped,Expect.response,Expect.rt,Expect.started,Expect.stopped,text_4.started,text_4.stopped,ExpectedArousal2.response,ExpectedArousal2.rt,ExpectedArousal2.started,ExpectedArousal2.stopped,textBefore.started,textBefore.stopped,text2Before.started,text2Before.stopped,ExpectedValence.response,ExpectedValence.rt,ExpectedValence.started,ExpectedValence.stopped,Frame,offer,Total_Pot,Player1Pot.started,Player1Pot.stopped,Player2Pot.started,Player2Pot.stopped,split.started,split.stopped,AmountToSplit.started,AmountToSplit.stopped,frametext.started,frametext.stopped,key_resp1.keys,key_resp1.rt,key_resp1.started,key_resp1.stopped,wallet_label1.started,wallet_label1.stopped,wallet_label2.started,wallet_label2.stopped,deal_Completed.started,deal_Completed.stopped,text_6.started,text_6.stopped,ArousalAfter.response,ArousalAfter.rt,ArousalAfter.started,ArousalAfter.stopped,ValenceAfter.response,ValenceAfter.rt,ValenceAfter.started,ValenceAfter.stopped,text_7.started,text_7.stopped,text_8.started,text_8.stopped,textT2.started,textT2.stopped,anonytext0498.started,anonytext0498.stopped,anonyExpect.response,anonyExpect.rt,anonyExpect.started,anonyExpect.stopped,textBefore_2.started,textBefore_2.stopped,text2Before_2.started,text2Before_2.stopped,anonyExpectedValence.response,anonyExpectedValence.rt,anonyExpectedValence.started,anonyExpectedValence.stopped,anonyExpectedArousal.response,anonyExpectedArousal.rt,anonyExpectedArousal.started,anonyExpectedArousal.stopped,frametext_2.started,frametext_2.stopped,AmountToSplit_2.started,AmountToSplit_2.stopped,split_2.started,split_2.stopped,Player2Pot_2.started,Player2Pot_2.stopped,Player1Pot_2.started,Player1Pot_2.stopped,key_resp1_2.keys,key_resp1_2.rt,key_resp1_2.started,key_resp1_2.stopped,text_5.started,text_5.stopped,anonyValenceAfter.response,anonyValenceAfter.rt,anonyValenceAfter.started,anonyValenceAfter.stopped,text_9.started,text_9.stopped,text_10.started,text_10.stopped,anonyArousalAfter.response,anonyArousalAfter.rt,anonyArousalAfter.started,anonyArousalAfter.stopped,text_2.started,text_2.stopped,key_resp_2.keys,key_resp_2.rt,key_resp_2.started,key_resp_2.stopped,participant,session,date,expName,psychopyVersion,frameRate,
,,,,,,,,50.173766399999295,None,space,89.97921000000042,50.173766399999295,None,,,,,,,,,,,,,,,,,,,,,,,,,,,,,,,,,,,,,,,,,,,,,,,,,,,,,,,,,,,,,,,,,,,,,,,,,,,,,,,,,,,,,,,,,,,,,,,,,,,,,,,,,,,,,,,,Saurav Suman,001,2022-04-22_11h25.55.533,ultamatum,2022.1.3,60.00830514958092,
0,0,0,0,,,,,,,,,,,140.17366129999937,None,5.891666666666667,3.0988132000002224,141.2036322999993,None,141.2036322999993,None,2.2958333333333334,46.59961310000017,144.30644419999953,None,144.30644419999953,None,144.30644419999953,None,3.6,2.6523756999995385,144.30644419999953,None,I will take,26,0,190.92007060000014,None,190.92007060000014,None,190.92007060000014,None,190.92007060000014,None,190.92007060000014,None,n,5.672225799999978,190.92007060000014,None,190.92007060000014,None,190.92007060000014,None,196.61148179999964,197.61253849999957,198.09587869999996,None,2.0166666666666666,4.983525599999666,200.11357709999993,None,3.9791666666666665,9.597011399999246,200.11357709999993,None,200.11357709999993,None,200.11357709999993,None,,,,,,,,,,,,,,,,,,,,,,,,,,,,,,,,,,,,,,,,,,,,,,,,,,,,,,,Saurav Suman,001,2022-04-22_11h25.55.533,ultamatum,2022.1.3,60.00830514958092,
1,0,1,0,,,,,,,,,,,209.70010809999985,None,1.7333333333333334,6.218173299999762,210.7039893000001,None,210.7039893000001,None,2.8125,14.190017400000215,216.94841759999963,None,216.94841759999963,None,216.94841759999963,None,3.1125,2.700326500000301,216.94841759999963,None,You will receive,10,0,231.1484534000001,None,231.1484534000001,None,231.1484534000001,None,231.1484534000001,None,231.1484534000001,None,n,3.831454600000143,231.1484534000001,None,231.1484534000001,None,231.1484534000001,None,235.00992829999996,236.0102855999994,236.49340500000017,None,1.5541666666666667,4.4889350000003105,238.5054328999995,None,4.583333333333333,7.143022100000053,238.5054328999995,None,238.5054328999995,None,238.5054328999995,None,,,,,,,,,,,,,,,,,,,,,,,,,,,,,,,,,,,,,,,,,,,,,,,,,,,,,,,Saurav Suman,001,2022-04-22_11h25.55.533,ultamatum,2022.1.3,60.00830514958092,
2,0,2,0,,,,,,,,,,,245.6471189999993,None,1,10.901352600000791,246.6510875999993,None,246.6510875999993,None,3.8291666666666666,44.26620180000009,257.57704449999983,None,257.57704449999983,None,257.57704449999983,None,2.3708333333333336,12.055110399999649,257.57704449999983,None,I will take,77,23,301.85823509999955,None,301.85823509999955,None,301.85823509999955,None,301.85823509999955,None,301.85823509999955,None,y,4.58566299999984,301.85823509999955,None,301.85823509999955,None,301.85823509999955,None,306.4704194999995,307.47093570000015,307.9545217999994,None,4.570833333333333,5.352164900000389,309.9664942999998,None,1.2791666666666666,8.063433700000132,309.9664942999998,None,309.9664942999998,None,309.9664942999998,None,,,,,,,,,,,,,,,,,,,,,,,,,,,,,,,,,,,,,,,,,,,,,,,,,,,,,,,Saurav Suman,001,2022-04-22_11h25.55.533,ultamatum,2022.1.3,60.00830514958092,
3,0,3,0,,,,,,,,,,,318.0258202999994,None,6.658333333333333,7.217069199999969,319.0296675999998,None,319.0296675999998,None,2.4333333333333336,42.50491390000025,326.2691684000001,None,326.2691684000001,None,326.2691684000001,None,3.4833333333333334,40.23268189999999,326.2691684000001,None,I will take,37,86,368.7999818999997,None,368.7999818999997,None,368.7999818999997,None,368.7999818999997,None,368.7999818999997,None,y,4.20682079999915,368.7999818999997,None,368.7999818999997,None,368.7999818999997,None,373.02972489999956,374.02975609999976,374.51324190000014,None,3.4458333333333333,1.6848307000000204,376.5262239999993,None,2.9916666666666667,5.428860000001805,376.5262239999993,None,376.5262239999993,None,376.5262239999993,None,,,,,,,,,,,,,,,,,,,,,,,,,,,,,,,,,,,,,,,,,,,,,,,,,,,,,,,Saurav Suman,001,2022-04-22_11h25.55.533,ultamatum,2022.1.3,60.00830514958092,
4,0,4,0,,,,,,,,,,,381.9500821999991,None,8.991666666666667,2.4151402000006783,382.95326399999976,None,382.95326399999976,None,1,4.9374340000013035,385.39205690000017,None,385.39205690000017,None,385.39205690000017,None,4.991666666666667,2.0176707999999053,385.39205690000017,None,You will receive,30,86,390.34515069999907,None,390.34515069999907,None,390.34515069999907,None,390.34515069999907,None,390.34515069999907,None,n,2.95333810000011,390.34515069999907,None,390.34515069999907,None,390.34515069999907,None,393.32037279999895,394.32079279999925,394.8040053000004,None,1.5625,10.036226700000043,396.81637260000025,None,4.504166666666666,13.027012299999114,396.81637260000025,None,396.81637260000025,None,396.81637260000025,None,,,,,,,,,,,,,,,,,,,,,,,,,,,,,,,,,,,,,,,,,,,,,,,,,,,,,,,Saurav Suman,001,2022-04-22_11h25.55.533,ultamatum,2022.1.3,60.00830514958092,
,,,,0,0,0,0,,,,,,,,,,,,,,,,,,,,,,,,,,,I will take,37,86,,,,,,,,,,,,,,,,,,,455.94422850000046,456.94487859999936,457.4283278999992,None,,,,,,,,,,,,,409.84345810000013,None,410.8521629000006,None,7.475,3.7163538000004337,410.8521629000006,None,414.5784050000002,None,414.5784050000002,None,4.3125,30.52673709999908,414.5784050000002,None,3.1708333333333334,35.593330499999865,414.5784050000002,None,450.21011199999884,None,450.21011199999884,None,450.21011199999884,None,450.21011199999884,None,450.21011199999884,None,n,5.716937500001222,450.21011199999884,None,450.21011199999884,None,1.7208333333333334,10.652047100000345,459.43232030000036,None,459.43232030000036,None,459.43232030000036,None,1.9125,2.4656565000004775,459.43232030000036,None,,,,,,,Saurav Suman,001,2022-04-22_11h25.55.533,ultamatum,2022.1.3,60.00830514958092,
,,,,1,0,1,0,,,,,,,,,,,,,,,,,,,,,,,,,,,You will receive,77,86,,,,,,,,,,,,,,,,,,,480.18685580000056,481.18741579999914,481.67060049999964,None,,,,,,,,,,,,,470.0998502000002,None,471.1035169000006,None,8.991666666666667,2.1821467999998276,471.1035169000006,None,473.30086069999925,None,473.30086069999925,None,4.995833333333334,2.4657501999990927,473.30086069999925,None,1,4.19751880000149,473.30086069999925,None,477.52171160000034,None,477.52171160000034,None,477.52171160000034,None,477.52171160000034,None,477.52171160000034,None,y,2.643437400000039,477.52171160000034,None,477.52171160000034,None,1.4958333333333333,15.037144799998714,483.6742923999991,None,483.6742923999991,None,483.6742923999991,None,4.466666666666667,9.484368400000676,483.6742923999991,None,,,,,,,Saurav Suman,001,2022-04-22_11h25.55.533,ultamatum,2022.1.3,60.00830514958092,
,,,,2,0,2,0,,,,,,,,,,,,,,,,,,,,,,,,,,,You will receive,59,86,,,,,,,,,,,,,,,,,,,510.24856700000055,511.2487645000001,511.732537599999,None,,,,,,,,,,,,,498.7276067999992,None,499.7313488,None,5.05,1.8323344000000361,499.7313488,None,501.5785803999988,None,501.5785803999988,None,3.9458333333333333,2.682978599999842,501.5785803999988,None,2.1166666666666667,4.447975499999302,501.5785803999988,None,506.047595,None,506.047595,None,506.047595,None,506.047595,None,506.047595,None,y,4.178445999999894,506.047595,None,506.047595,None,2.5666666666666664,8.18493429999944,513.7353304999997,None,513.7353304999997,None,513.7353304999997,None,4.4375,1.4659338999990723,513.7353304999997,None,,,,,,,Saurav Suman,001,2022-04-22_11h25.55.533,ultamatum,2022.1.3,60.00830514958092,
,,,,3,0,3,0,,,,,,,,,,,,,,,,,,,,,,,,,,,I will take,26,86,,,,,,,,,,,,,,,,,,,540.0929347000001,541.0936559999991,541.5771831000002,None,,,,,,,,,,,,,521.9365637999999,None,522.9398602000001,None,8.55,1.2334478000011586,522.9398602000001,None,524.1870612999992,None,524.1870612999992,None,4.704166666666667,11.25240819999999,524.1870612999992,None,1.6083333333333334,12.650993400000516,524.1870612999992,None,536.8613002000002,None,536.8613002000002,None,536.8613002000002,None,536.8613002000002,None,536.8613002000002,None,n,3.2059156999985134,536.8613002000002,None,536.8613002000002,None,4.870833333333334,7.867998299998362,543.5798562,None,543.5798562,None,543.5798562,None,1.0916666666666666,6.033117799999673,543.5798562,None,,,,,,,Saurav Suman,001,2022-04-22_11h25.55.533,ultamatum,2022.1.3,60.00830514958092,
,,,,4,0,4,0,,,,,,,,,,,,,,,,,,,,,,,,,,,You will receive,20,86,,,,,,,,,,,,,,,,,,,599.0662797999994,600.0660657999997,600.5496762999992,None,,,,,,,,,,,,,551.4646481,None,552.4678538999997,None,7.483333333333333,2.082492799998363,552.4678538999997,None,554.5650915000006,None,554.5650915000006,None,3.5875,35.995860700000776,554.5650915000006,None,2.4208333333333334,39.261728100000255,554.5650915000006,None,593.8473761000005,None,593.8473761000005,None,593.8473761000005,None,593.8473761000005,None,593.8473761000005,None,n,5.200680899999497,593.8473761000005,None,593.8473761000005,None,4.216666666666667,6.1169377000005625,602.5528713000003,None,602.5528713000003,None,602.5528713000003,None,1.2333333333333334,2.7310880000004545,602.5528713000003,None,,,,,,,Saurav Suman,001,2022-04-22_11h25.55.533,ultamatum,2022.1.3,60.00830514958092,
,,,,,,,,,,,,,,,,,,,,,,,,,,,,,,,,,,,,,,,,,,,,,,,,,,,,,,,,,,,,,,,,,,,,,,,,,,,,,,,,,,,,,,,,,,,,,,,,,,,,,,,,,,,,,,,,,,,,,,,608.6863087000002,None,space,8.325711200001024,608.6863087000002,None,Saurav Suman,001,2022-04-22_11h25.55.533,ultamatum,2022.1.3,60.00830514958092,
