﻿trials.thisRepN,trials.thisTrialN,trials.thisN,trials.thisIndex,trials_2.thisRepN,trials_2.thisTrialN,trials_2.thisN,trials_2.thisIndex,text_3.started,text_3.stopped,key_resp_3.keys,key_resp_3.rt,key_resp_3.started,key_resp_3.stopped,text.started,text.stopped,Expect.response,Expect.rt,Expect.started,Expect.stopped,text_4.started,text_4.stopped,ExpectedArousal2.response,ExpectedArousal2.rt,ExpectedArousal2.started,ExpectedArousal2.stopped,textBefore.started,textBefore.stopped,text2Before.started,text2Before.stopped,ExpectedValence.response,ExpectedValence.rt,ExpectedValence.started,ExpectedValence.stopped,Frame,offer,Total_Pot,Player1Pot.started,Player1Pot.stopped,Player2Pot.started,Player2Pot.stopped,split.started,split.stopped,AmountToSplit.started,AmountToSplit.stopped,frametext.started,frametext.stopped,key_resp1.keys,key_resp1.rt,key_resp1.started,key_resp1.stopped,wallet_label1.started,wallet_label1.stopped,wallet_label2.started,wallet_label2.stopped,deal_Completed.started,deal_Completed.stopped,text_6.started,text_6.stopped,ArousalAfter.response,ArousalAfter.rt,ArousalAfter.started,ArousalAfter.stopped,ValenceAfter.response,ValenceAfter.rt,ValenceAfter.started,ValenceAfter.stopped,text_7.started,text_7.stopped,text_8.started,text_8.stopped,textT2.started,textT2.stopped,anonytext0498.started,anonytext0498.stopped,anonyExpect.response,anonyExpect.rt,anonyExpect.started,anonyExpect.stopped,textBefore_2.started,textBefore_2.stopped,text2Before_2.started,text2Before_2.stopped,anonyExpectedValence.response,anonyExpectedValence.rt,anonyExpectedValence.started,anonyExpectedValence.stopped,anonyExpectedArousal.response,anonyExpectedArousal.rt,anonyExpectedArousal.started,anonyExpectedArousal.stopped,frametext_2.started,frametext_2.stopped,AmountToSplit_2.started,AmountToSplit_2.stopped,split_2.started,split_2.stopped,Player2Pot_2.started,Player2Pot_2.stopped,Player1Pot_2.started,Player1Pot_2.stopped,key_resp1_2.keys,key_resp1_2.rt,key_resp1_2.started,key_resp1_2.stopped,text_5.started,text_5.stopped,anonyValenceAfter.response,anonyValenceAfter.rt,anonyValenceAfter.started,anonyValenceAfter.stopped,text_9.started,text_9.stopped,text_10.started,text_10.stopped,anonyArousalAfter.response,anonyArousalAfter.rt,anonyArousalAfter.started,anonyArousalAfter.stopped,text_2.started,text_2.stopped,key_resp_2.keys,key_resp_2.rt,key_resp_2.started,key_resp_2.stopped,participant,session,date,expName,psychopyVersion,frameRate,
,,,,,,,,34.64636529999552,None,space,3.537065399985295,34.64636529999552,None,,,,,,,,,,,,,,,,,,,,,,,,,,,,,,,,,,,,,,,,,,,,,,,,,,,,,,,,,,,,,,,,,,,,,,,,,,,,,,,,,,,,,,,,,,,,,,,,,,,,,,,,,,,,,,,,Shorya,001,2022-04-22_10h56.44.970,ultamatum,2022.1.3,60.07001762820888,
0,0,0,0,,,,,,,,,,,38.199864400026854,None,7.0,5.7694722000160255,39.32316069997614,None,39.32316069997614,None,2.9625,7.542812000028789,45.06777600001078,None,45.06777600001078,None,45.06777600001078,None,3.0083333333333333,5.938449600012973,45.06777600001078,None,You will receive,59,59,52.673363199981395,None,52.673363199981395,None,52.673363199981395,None,52.673363199981395,None,52.673363199981395,None,y,2.449578300002031,52.673363199981395,None,52.673363199981395,None,52.673363199981395,None,55.15369489998557,56.14190230000531,56.6437173000304,None,3.5833333333333335,1.583231099997647,58.78794279997237,None,3.0458333333333334,7.746008400048595,58.78794279997237,None,58.78794279997237,None,58.78794279997237,None,,,,,,,,,,,,,,,,,,,,,,,,,,,,,,,,,,,,,,,,,,,,,,,,,,,,,,,Shorya,001,2022-04-22_10h56.44.970,ultamatum,2022.1.3,60.07001762820888,
1,0,1,0,,,,,,,,,,,66.4447696999996,None,5.325,3.3561231999774463,67.52706059999764,None,67.52706059999764,None,2.8166666666666664,4.516296199988574,70.9218851000187,None,70.9218851000187,None,70.9218851000187,None,3.004166666666667,2.439480300003197,70.9218851000187,None,I will take,77,82,75.54746089997934,None,75.54746089997934,None,75.54746089997934,None,75.54746089997934,None,75.54746089997934,None,y,2.659208299999591,75.54746089997934,None,75.54746089997934,None,75.54746089997934,None,78.2361641000025,79.2298614999745,79.71978059998946,None,4.491666666666667,1.1063893999671564,81.82347360003041,None,1.9958333333333333,3.7156254000146873,81.82347360003041,None,81.82347360003041,None,81.82347360003041,None,,,,,,,,,,,,,,,,,,,,,,,,,,,,,,,,,,,,,,,,,,,,,,,,,,,,,,,Shorya,001,2022-04-22_10h56.44.970,ultamatum,2022.1.3,60.07001762820888,
2,0,2,0,,,,,,,,,,,85.51435660000425,None,5.533333333333333,4.5927695000427775,86.58648800000083,None,86.58648800000083,None,2.9125,3.5712556000216864,91.1842873999849,None,91.1842873999849,None,91.1842873999849,None,3.095833333333333,1.628109300043434,91.1842873999849,None,You will receive,20,82,94.78359050001018,None,94.78359050001018,None,94.78359050001018,None,94.78359050001018,None,94.78359050001018,None,n,1.855413099983707,94.78359050001018,None,94.78359050001018,None,94.78359050001018,None,96.66315320000285,97.66588749998482,98.14614660001826,None,3.3166666666666664,1.8780062000150792,100.24796860001516,None,4.120833333333334,28.40413689997513,100.24796860001516,None,100.24796860001516,None,100.24796860001516,None,,,,,,,,,,,,,,,,,,,,,,,,,,,,,,,,,,,,,,,,,,,,,,,,,,,,,,,Shorya,001,2022-04-22_10h56.44.970,ultamatum,2022.1.3,60.07001762820888,
3,0,3,0,,,,,,,,,,,128.5988583000144,None,5.933333333333334,2.9855505999876186,129.66874920000555,None,129.66874920000555,None,3.0125,4.5176811999990605,132.66695980000077,None,132.66695980000077,None,132.66695980000077,None,2.8625,2.534541100030765,132.66695980000077,None,You will receive,40,122,137.1937145999982,None,137.1937145999982,None,137.1937145999982,None,137.1937145999982,None,137.1937145999982,None,y,1.810816999990493,137.1937145999982,None,137.1937145999982,None,137.1937145999982,None,139.03332829999272,140.0326440000208,140.51533149997704,None,2.6708333333333334,4.968377300014254,142.6153740999871,None,3.595833333333333,6.979230600001756,142.6153740999871,None,142.6153740999871,None,142.6153740999871,None,,,,,,,,,,,,,,,,,,,,,,,,,,,,,,,,,,,,,,,,,,,,,,,,,,,,,,,Shorya,001,2022-04-22_10h56.44.970,ultamatum,2022.1.3,60.07001762820888,
4,0,4,0,,,,,,,,,,,149.55412210000213,None,5.0,4.072800100024324,150.62625700002536,None,150.62625700002536,None,2.8708333333333336,46.81619630003115,154.7419205000042,None,154.7419205000042,None,154.7419205000042,None,3.1125,45.97659059998114,154.7419205000042,None,I will take,77,172,201.59338630002458,None,201.59338630002458,None,201.59338630002458,None,201.59338630002458,None,201.59338630002458,None,y,1.5586988999857567,201.59338630002458,None,201.59338630002458,None,201.59338630002458,None,203.1756588999997,204.17664169997443,204.66031609999482,None,3.9875,1.457398300000932,206.76814399997238,None,2.916666666666667,2.545118600013666,206.76814399997238,None,206.76814399997238,None,206.76814399997238,None,,,,,,,,,,,,,,,,,,,,,,,,,,,,,,,,,,,,,,,,,,,,,,,,,,,,,,,Shorya,001,2022-04-22_10h56.44.970,ultamatum,2022.1.3,60.07001762820888,
,,,,0,0,0,0,,,,,,,,,,,,,,,,,,,,,,,,,,,You will receive,50,222,,,,,,,,,,,,,,,,,,,233.90760919998866,234.8979833999765,235.38293550000526,None,,,,,,,,,,,,,209.26000579999527,None,210.36698509997223,None,6.975,5.434451200009789,210.36698509997223,None,215.76966250000987,None,215.76966250000987,None,3.470833333333333,15.566884799976833,215.76966250000987,None,2.9208333333333334,16.71732150000753,215.76966250000987,None,232.5551435999805,None,232.5551435999805,None,232.5551435999805,None,232.5551435999805,None,232.5551435999805,None,y,1.304623999982141,232.5551435999805,None,232.5551435999805,None,3.0416666666666665,4.7138739000074565,237.43669439997757,None,237.43669439997757,None,237.43669439997757,None,3.1875,1.162617299996782,237.43669439997757,None,,,,,,,Shorya,001,2022-04-22_10h56.44.970,ultamatum,2022.1.3,60.07001762820888,
,,,,1,0,1,0,,,,,,,,,,,,,,,,,,,,,,,,,,,You will receive,30,252,,,,,,,,,,,,,,,,,,,253.43667820002884,254.4356927999761,254.90951269998914,None,,,,,,,,,,,,,242.15405790001387,None,243.23859309998807,None,6.0,5.884662500000559,243.23859309998807,None,249.12118419999024,None,249.12118419999024,None,3.1125,1.324472300009802,249.12118419999024,None,2.9625,2.613803500018548,249.12118419999024,None,251.7925874000066,None,251.7925874000066,None,251.7925874000066,None,251.7925874000066,None,251.7925874000066,None,n,1.5987618999788538,251.7925874000066,None,251.7925874000066,None,4.55,4.555184400000144,256.9544897999731,None,256.9544897999731,None,256.9544897999731,None,3.1458333333333335,3.338234599970747,256.9544897999731,None,,,,,,,Shorya,001,2022-04-22_10h56.44.970,ultamatum,2022.1.3,60.07001762820888,
,,,,2,0,2,0,,,,,,,,,,,,,,,,,,,,,,,,,,,I will take,59,293,,,,,,,,,,,,,,,,,,,302.7790856999927,303.7669667999726,304.25948499998776,None,,,,,,,,,,,,,261.49375909997616,None,262.5790948999929,None,4.466666666666667,2.8676838999963365,262.5790948999929,None,265.4389956999803,None,265.4389956999803,None,3.1958333333333333,2.565895800013095,265.4389956999803,None,3.3791666666666664,30.56244179996429,265.4389956999803,None,296.06524000002537,None,296.06524000002537,None,296.06524000002537,None,296.06524000002537,None,296.06524000002537,None,y,6.670953599968925,296.06524000002537,None,296.06524000002537,None,1.575,3.649496200028807,306.3102243000176,None,306.3102243000176,None,306.3102243000176,None,4.570833333333333,1.867221599968616,306.3102243000176,None,,,,,,,Shorya,001,2022-04-22_10h56.44.970,ultamatum,2022.1.3,60.07001762820888,
,,,,3,0,3,0,,,,,,,,,,,,,,,,,,,,,,,,,,,I will take,10,383,,,,,,,,,,,,,,,,,,,318.3913922000211,319.40420719998656,319.87100520002423,None,,,,,,,,,,,,,309.9677088999888,None,311.04062280000653,None,5.383333333333334,1.0802018999820575,311.04062280000653,None,312.10484149999684,None,312.10484149999684,None,3.0,2.9010041000437923,312.10484149999684,None,2.9416666666666664,4.762024800002109,312.10484149999684,None,316.91729150002357,None,316.91729150002357,None,316.91729150002357,None,316.91729150002357,None,316.91729150002357,None,n,1.4439914000104181,316.91729150002357,None,316.91729150002357,None,4.658333333333333,4.1741322000161745,321.9239520999836,None,321.9239520999836,None,321.9239520999836,None,3.5458333333333334,0.8677728999755345,321.9239520999836,None,,,,,,,Shorya,001,2022-04-22_10h56.44.970,ultamatum,2022.1.3,60.07001762820888,
,,,,4,0,4,0,,,,,,,,,,,,,,,,,,,,,,,,,,,I will take,32,451,,,,,,,,,,,,,,,,,,,338.02669139998034,339.0354456999921,339.51480419997824,None,,,,,,,,,,,,,326.09899169998243,None,327.17103839997435,None,5.233333333333333,2.6041748999850824,327.17103839997435,None,329.80509719997644,None,329.80509719997644,None,3.1791666666666667,1.6270564000005834,329.80509719997644,None,2.7541666666666664,2.824967900000047,329.80509719997644,None,332.68345569999656,None,332.68345569999656,None,332.68345569999656,None,332.68345569999656,None,332.68345569999656,None,n,5.318386300001293,332.68345569999656,None,332.68345569999656,None,3.9333333333333336,31.560270700021647,341.5631673000171,None,341.5631673000171,None,341.5631673000171,None,3.0875,28.663172799977474,341.5631673000171,None,,,,,,,Shorya,001,2022-04-22_10h56.44.970,ultamatum,2022.1.3,60.07001762820888,
,,,,,,,,,,,,,,,,,,,,,,,,,,,,,,,,,,,,,,,,,,,,,,,,,,,,,,,,,,,,,,,,,,,,,,,,,,,,,,,,,,,,,,,,,,,,,,,,,,,,,,,,,,,,,,,,,,,,,,,373.15524190000724,None,space,1.6121807000017725,373.15524190000724,None,Shorya,001,2022-04-22_10h56.44.970,ultamatum,2022.1.3,60.07001762820888,
