﻿trials.thisRepN,trials.thisTrialN,trials.thisN,trials.thisIndex,trials_2.thisRepN,trials_2.thisTrialN,trials_2.thisN,trials_2.thisIndex,text_3.started,text_3.stopped,key_resp_3.keys,key_resp_3.rt,key_resp_3.started,key_resp_3.stopped,text.started,text.stopped,Expect.response,Expect.rt,Expect.started,Expect.stopped,text_4.started,text_4.stopped,ExpectedArousal2.response,ExpectedArousal2.rt,ExpectedArousal2.started,ExpectedArousal2.stopped,textBefore.started,textBefore.stopped,text2Before.started,text2Before.stopped,ExpectedValence.response,ExpectedValence.rt,ExpectedValence.started,ExpectedValence.stopped,Frame,offer,Total_Pot,Player1Pot.started,Player1Pot.stopped,Player2Pot.started,Player2Pot.stopped,split.started,split.stopped,AmountToSplit.started,AmountToSplit.stopped,frametext.started,frametext.stopped,key_resp1.keys,key_resp1.rt,key_resp1.started,key_resp1.stopped,wallet_label1.started,wallet_label1.stopped,wallet_label2.started,wallet_label2.stopped,deal_Completed.started,deal_Completed.stopped,text_6.started,text_6.stopped,ArousalAfter.response,ArousalAfter.rt,ArousalAfter.started,ArousalAfter.stopped,ValenceAfter.response,ValenceAfter.rt,ValenceAfter.started,ValenceAfter.stopped,text_7.started,text_7.stopped,text_8.started,text_8.stopped,textT2.started,textT2.stopped,anonytext0498.started,anonytext0498.stopped,anonyExpect.response,anonyExpect.rt,anonyExpect.started,anonyExpect.stopped,textBefore_2.started,textBefore_2.stopped,text2Before_2.started,text2Before_2.stopped,anonyExpectedValence.response,anonyExpectedValence.rt,anonyExpectedValence.started,anonyExpectedValence.stopped,anonyExpectedArousal.response,anonyExpectedArousal.rt,anonyExpectedArousal.started,anonyExpectedArousal.stopped,frametext_2.started,frametext_2.stopped,AmountToSplit_2.started,AmountToSplit_2.stopped,split_2.started,split_2.stopped,Player2Pot_2.started,Player2Pot_2.stopped,Player1Pot_2.started,Player1Pot_2.stopped,key_resp1_2.keys,key_resp1_2.rt,key_resp1_2.started,key_resp1_2.stopped,text_5.started,text_5.stopped,anonyValenceAfter.response,anonyValenceAfter.rt,anonyValenceAfter.started,anonyValenceAfter.stopped,text_9.started,text_9.stopped,text_10.started,text_10.stopped,anonyArousalAfter.response,anonyArousalAfter.rt,anonyArousalAfter.started,anonyArousalAfter.stopped,text_2.started,text_2.stopped,key_resp_2.keys,key_resp_2.rt,key_resp_2.started,key_resp_2.stopped,participant,session,date,expName,psychopyVersion,frameRate,
,,,,,,,,29.6247628000001,None,space,26.75603570000021,29.6247628000001,None,,,,,,,,,,,,,,,,,,,,,,,,,,,,,,,,,,,,,,,,,,,,,,,,,,,,,,,,,,,,,,,,,,,,,,,,,,,,,,,,,,,,,,,,,,,,,,,,,,,,,,,,,,,,,,,,Shubro Chaterjee,001,2022-04-22_20h27.43.262,ultamatum,2022.1.3,60.22057592543297,
0,0,0,0,,,,,,,,,,,56.4088512000003,None,3.783333333333333,1.4691322999997283,57.44226760000038,None,57.44226760000038,None,1.0333333333333334,5.907561199999691,58.92288480000025,None,58.92288480000025,None,58.92288480000025,None,3.0541666666666667,1.908845399999791,58.92288480000025,None,You will receive,26,0,64.85124720000022,None,64.85124720000022,None,64.85124720000022,None,64.85124720000022,None,64.85124720000022,None,n,3.694913799999995,64.85124720000022,None,64.85124720000022,None,64.85124720000022,None,68.56351080000013,69.56460490000018,70.04710330000034,None,2.85,6.710674799999651,72.07415040000024,None,2.925,9.310816799999884,72.07415040000024,None,72.07415040000024,None,72.07415040000024,None,,,,,,,,,,,,,,,,,,,,,,,,,,,,,,,,,,,,,,,,,,,,,,,,,,,,,,,Shubro Chaterjee,001,2022-04-22_20h27.43.262,ultamatum,2022.1.3,60.22057592543297,
1,0,1,0,,,,,,,,,,,81.37017460000015,None,5.05,6.074426799999856,82.39075110000022,None,82.39075110000022,None,1.2583333333333333,5.779152300000078,88.49903630000017,None,88.49903630000017,None,88.49903630000017,None,3.475,2.723113000000012,88.49903630000017,None,You will receive,59,59,94.29801550000002,None,94.29801550000002,None,94.29801550000002,None,94.29801550000002,None,94.29801550000002,None,y,2.076144900000145,94.29801550000002,None,94.29801550000002,None,94.29801550000002,None,96.39073720000033,97.39093450000018,97.8744442000002,None,4.620833333333334,1.9600783000000774,99.89913670000033,None,1.1541666666666666,6.061378100000184,99.89913670000033,None,99.89913670000033,None,99.89913670000033,None,,,,,,,,,,,,,,,,,,,,,,,,,,,,,,,,,,,,,,,,,,,,,,,,,,,,,,,Shubro Chaterjee,001,2022-04-22_20h27.43.262,ultamatum,2022.1.3,60.22057592543297,
2,0,2,0,,,,,,,,,,,105.94982540000001,None,3.3833333333333333,3.4280714999999873,106.9672544,None,106.9672544,None,2.3208333333333333,4.954391000000214,110.42276680000032,None,110.42276680000032,None,110.42276680000032,None,3.2291666666666665,2.272379000000001,110.42276680000032,None,You will receive,30,59,115.39662769999995,None,115.39662769999995,None,115.39662769999995,None,115.39662769999995,None,115.39662769999995,None,n,3.594361899999967,115.39662769999995,None,115.39662769999995,None,115.39662769999995,None,119.01599550000037,120.0176093,120.49996520000013,None,2.3708333333333336,4.2052520000002005,122.51946690000022,None,3.0708333333333333,6.588578700000198,122.51946690000022,None,122.51946690000022,None,122.51946690000022,None,,,,,,,,,,,,,,,,,,,,,,,,,,,,,,,,,,,,,,,,,,,,,,,,,,,,,,,Shubro Chaterjee,001,2022-04-22_20h27.43.262,ultamatum,2022.1.3,60.22057592543297,
3,0,3,0,,,,,,,,,,,129.0989294000001,None,2.066666666666667,5.934025599999586,130.10949370000026,None,130.10949370000026,None,2.9208333333333334,5.293206499999997,136.07326220000004,None,136.07326220000004,None,136.07326220000004,None,3.5,2.9742639000000963,136.07326220000004,None,I will take,85,74,141.3817511000002,None,141.3817511000002,None,141.3817511000002,None,141.3817511000002,None,141.3817511000002,None,y,4.979011200000059,141.3817511000002,None,141.3817511000002,None,141.3817511000002,None,146.39308070000016,147.39326240000037,147.87716170000022,None,4.841666666666667,1.34579900000017,149.89895210000032,None,1.8458333333333334,13.926753799999915,149.89895210000032,None,149.89895210000032,None,149.89895210000032,None,,,,,,,,,,,,,,,,,,,,,,,,,,,,,,,,,,,,,,,,,,,,,,,,,,,,,,,Shubro Chaterjee,001,2022-04-22_20h27.43.262,ultamatum,2022.1.3,60.22057592543297,
4,0,4,0,,,,,,,,,,,163.81559920000018,None,6.191666666666666,3.3683521000002656,164.82479779999994,None,164.82479779999994,None,2.9291666666666667,4.836754300000393,168.22454210000024,None,168.22454210000024,None,168.22454210000024,None,3.8916666666666666,2.6103524000000107,168.22454210000024,None,I will take,59,124,173.0834906,None,173.0834906,None,173.0834906,None,173.0834906,None,173.0834906,None,y,2.0443107999999484,173.0834906,None,173.0834906,None,173.0834906,None,175.15430600000036,176.15410800000018,176.6379718000003,None,3.0791666666666666,1.3665098000001308,178.65876419999995,None,3.3166666666666664,4.134047399999872,178.65876419999995,None,178.65876419999995,None,178.65876419999995,None,,,,,,,,,,,,,,,,,,,,,,,,,,,,,,,,,,,,,,,,,,,,,,,,,,,,,,,Shubro Chaterjee,001,2022-04-22_20h27.43.262,ultamatum,2022.1.3,60.22057592543297,
,,,,0,0,0,0,,,,,,,,,,,,,,,,,,,,,,,,,,,You will receive,77,201,,,,,,,,,,,,,,,,,,,303.15306869999995,304.15355320000026,304.6371266000001,None,,,,,,,,,,,,,182.78944020000017,None,183.80382380000037,None,4.45,110.5929384000001,183.80382380000037,None,294.4093377000004,None,294.4093377000004,None,3.3958333333333335,2.3941045999999915,294.4093377000004,None,1.3375,4.92680240000027,294.4093377000004,None,299.38046410000015,None,299.38046410000015,None,299.38046410000015,None,299.38046410000015,None,299.38046410000015,None,y,3.7533705000000737,299.38046410000015,None,299.38046410000015,None,1.0625,7.21284710000009,306.6654034000003,None,306.6654034000003,None,306.6654034000003,None,4.966666666666667,2.308830500000113,306.6654034000003,None,,,,,,,Shubro Chaterjee,001,2022-04-22_20h27.43.262,ultamatum,2022.1.3,60.22057592543297,
,,,,1,0,1,0,,,,,,,,,,,,,,,,,,,,,,,,,,,I will take,37,264,,,,,,,,,,,,,,,,,,,324.5950151000002,325.59467029999996,326.07842830000027,None,,,,,,,,,,,,,313.8736693000001,None,314.8806952,None,6.533333333333333,2.509298200000103,314.8806952,None,317.42352870000013,None,317.42352870000013,None,3.7333333333333334,1.9452073000002201,317.42352870000013,None,2.9333333333333336,3.7055082000001676,317.42352870000013,None,321.1534104000002,None,321.1534104000002,None,321.1534104000002,None,321.1534104000002,None,321.1534104000002,None,n,3.4187188999999307,321.1534104000002,None,321.1534104000002,None,3.7125,5.399970200000098,328.08966280000004,None,328.08966280000004,None,328.08966280000004,None,2.666666666666667,4.165176699999847,328.08966280000004,None,,,,,,,Shubro Chaterjee,001,2022-04-22_20h27.43.262,ultamatum,2022.1.3,60.22057592543297,
,,,,2,0,2,0,,,,,,,,,,,,,,,,,,,,,,,,,,,I will take,85,279,,,,,,,,,,,,,,,,,,,345.0193574,346.01961670000037,346.5029813000001,None,,,,,,,,,,,,,333.4982549000001,None,334.5092544000004,None,5.15,3.144807000000128,334.5092544000004,None,337.6738421,None,337.6738421,None,3.425,1.9948113999998895,337.6738421,None,3.0166666666666666,4.12676620000002,337.6738421,None,341.82180050000034,None,341.82180050000034,None,341.82180050000034,None,341.82180050000034,None,341.82180050000034,None,y,3.1788635000002614,341.82180050000034,None,341.82180050000034,None,1.4833333333333334,6.951584299999922,348.51135980000026,None,348.51135980000026,None,348.51135980000026,None,4.604166666666667,2.8318976000000475,348.51135980000026,None,,,,,,,Shubro Chaterjee,001,2022-04-22_20h27.43.262,ultamatum,2022.1.3,60.22057592543297,
,,,,3,0,3,0,,,,,,,,,,,,,,,,,,,,,,,,,,,I will take,40,339,,,,,,,,,,,,,,,,,,,366.5603470000001,367.5611785000001,368.04485490000025,None,,,,,,,,,,,,,355.4730006,None,356.4808587000002,None,3.541666666666667,1.8276831000002858,356.4808587000002,None,358.32241350000004,None,358.32241350000004,None,3.2708333333333335,1.902197299999898,358.32241350000004,None,1.7041666666666666,3.6177472999997917,358.32241350000004,None,361.9643903000001,None,361.9643903000001,None,361.9643903000001,None,361.9643903000001,None,361.9643903000001,None,y,4.5678609999999935,361.9643903000001,None,361.9643903000001,None,3.325,3.5204463000000032,370.05465170000025,None,370.05465170000025,None,370.05465170000025,None,2.9833333333333334,2.214883699999973,370.05465170000025,None,,,,,,,Shubro Chaterjee,001,2022-04-22_20h27.43.262,ultamatum,2022.1.3,60.22057592543297,
,,,,4,0,4,0,,,,,,,,,,,,,,,,,,,,,,,,,,,I will take,50,389,,,,,,,,,,,,,,,,,,,388.8362121,389.83640730000025,390.3201887,None,,,,,,,,,,,,,373.5797440000001,None,374.5859545000003,None,8.983333333333334,2.1530439999996815,374.5859545000003,None,376.75829920000024,None,376.75829920000024,None,4.908333333333333,3.95832960000007,376.75829920000024,None,1.0125,8.374276000000009,376.75829920000024,None,385.15379540000004,None,385.15379540000004,None,385.15379540000004,None,385.15379540000004,None,385.15379540000004,None,n,3.6593732000001182,385.15379540000004,None,385.15379540000004,None,3.720833333333333,3.314939100000174,392.3323438000002,None,392.3323438000002,None,392.3323438000002,None,2.3625,1.7796821000001728,392.3323438000002,None,,,,,,,Shubro Chaterjee,001,2022-04-22_20h27.43.262,ultamatum,2022.1.3,60.22057592543297,
,,,,,,,,,,,,,,,,,,,,,,,,,,,,,,,,,,,,,,,,,,,,,,,,,,,,,,,,,,,,,,,,,,,,,,,,,,,,,,,,,,,,,,,,,,,,,,,,,,,,,,,,,,,,,,,,,,,,,,,395.65936469999997,None,space,2.341875600000094,395.65936469999997,None,Shubro Chaterjee,001,2022-04-22_20h27.43.262,ultamatum,2022.1.3,60.22057592543297,
