﻿trials.thisRepN,trials.thisTrialN,trials.thisN,trials.thisIndex,trials_2.thisRepN,trials_2.thisTrialN,trials_2.thisN,trials_2.thisIndex,text_3.started,text_3.stopped,key_resp_3.keys,key_resp_3.rt,key_resp_3.started,key_resp_3.stopped,text.started,text.stopped,Expect.response,Expect.rt,Expect.started,Expect.stopped,text_4.started,text_4.stopped,ExpectedArousal2.response,ExpectedArousal2.rt,ExpectedArousal2.started,ExpectedArousal2.stopped,textBefore.started,textBefore.stopped,text2Before.started,text2Before.stopped,ExpectedValence.response,ExpectedValence.rt,ExpectedValence.started,ExpectedValence.stopped,Frame,offer,Total_Pot,Player1Pot.started,Player1Pot.stopped,Player2Pot.started,Player2Pot.stopped,split.started,split.stopped,AmountToSplit.started,AmountToSplit.stopped,frametext.started,frametext.stopped,key_resp1.keys,key_resp1.rt,key_resp1.started,key_resp1.stopped,wallet_label1.started,wallet_label1.stopped,wallet_label2.started,wallet_label2.stopped,deal_Completed.started,deal_Completed.stopped,text_6.started,text_6.stopped,ArousalAfter.response,ArousalAfter.rt,ArousalAfter.started,ArousalAfter.stopped,ValenceAfter.response,ValenceAfter.rt,ValenceAfter.started,ValenceAfter.stopped,text_7.started,text_7.stopped,text_8.started,text_8.stopped,textT2.started,textT2.stopped,anonytext0498.started,anonytext0498.stopped,anonyExpect.response,anonyExpect.rt,anonyExpect.started,anonyExpect.stopped,textBefore_2.started,textBefore_2.stopped,text2Before_2.started,text2Before_2.stopped,anonyExpectedValence.response,anonyExpectedValence.rt,anonyExpectedValence.started,anonyExpectedValence.stopped,anonyExpectedArousal.response,anonyExpectedArousal.rt,anonyExpectedArousal.started,anonyExpectedArousal.stopped,frametext_2.started,frametext_2.stopped,AmountToSplit_2.started,AmountToSplit_2.stopped,split_2.started,split_2.stopped,Player2Pot_2.started,Player2Pot_2.stopped,Player1Pot_2.started,Player1Pot_2.stopped,key_resp1_2.keys,key_resp1_2.rt,key_resp1_2.started,key_resp1_2.stopped,text_5.started,text_5.stopped,anonyValenceAfter.response,anonyValenceAfter.rt,anonyValenceAfter.started,anonyValenceAfter.stopped,text_9.started,text_9.stopped,text_10.started,text_10.stopped,anonyArousalAfter.response,anonyArousalAfter.rt,anonyArousalAfter.started,anonyArousalAfter.stopped,text_2.started,text_2.stopped,key_resp_2.keys,key_resp_2.rt,key_resp_2.started,key_resp_2.stopped,participant,session,date,expName,psychopyVersion,frameRate,
,,,,,,,,58.12879260000773,None,space,2.6274836000520736,58.12879260000773,None,,,,,,,,,,,,,,,,,,,,,,,,,,,,,,,,,,,,,,,,,,,,,,,,,,,,,,,,,,,,,,,,,,,,,,,,,,,,,,,,,,,,,,,,,,,,,,,,,,,,,,,,,,,,,,,,Utkarsh,001,2022-04-22_10h49.17.930,ultamatum,2022.1.3,60.01327493968806,
0,0,0,0,,,,,,,,,,,60.779613699996844,None,4.983333333333333,4.707605000003241,61.96519299998181,None,61.96519299998181,None,3.0,3.8327418999979272,66.58403979998548,None,66.58403979998548,None,66.58403979998548,None,3.2,2.4074552000383846,66.58403979998548,None,I will take,59,41,70.47474279999733,None,70.47474279999733,None,70.47474279999733,None,70.47474279999733,None,70.47474279999733,None,y,3.2251408000010997,70.47474279999733,None,70.47474279999733,None,70.47474279999733,None,73.72690930002136,74.72207550000167,75.20815830002539,None,3.975,1.1422495000297204,77.2992677000002,None,2.158333333333333,2.8162936000153422,77.2992677000002,None,77.2992677000002,None,77.2992677000002,None,,,,,,,,,,,,,,,,,,,,,,,,,,,,,,,,,,,,,,,,,,,,,,,,,,,,,,,Utkarsh,001,2022-04-22_10h49.17.930,ultamatum,2022.1.3,60.01327493968806,
1,0,1,0,,,,,,,,,,,80.10547459998634,None,5.325,4.763456800021231,81.17201019998174,None,81.17201019998174,None,2.8916666666666666,2.8065215999959037,86.04231540003093,None,86.04231540003093,None,86.04231540003093,None,3.0875,1.6532458000001498,86.04231540003093,None,You will receive,85,126,88.93078860000242,None,88.93078860000242,None,88.93078860000242,None,88.93078860000242,None,88.93078860000242,None,y,1.8316100000520237,88.93078860000242,None,88.93078860000242,None,88.93078860000242,None,90.80176800000481,91.80244790000143,92.28562390001025,None,4.483333333333333,2.1258032000041567,94.37892119999742,None,1.725,3.4607854000059888,94.37892119999742,None,94.37892119999742,None,94.37892119999742,None,,,,,,,,,,,,,,,,,,,,,,,,,,,,,,,,,,,,,,,,,,,,,,,,,,,,,,,Utkarsh,001,2022-04-22_10h49.17.930,ultamatum,2022.1.3,60.01327493968806,
2,0,2,0,,,,,,,,,,,97.80352100002347,None,4.358333333333333,2.625292999960948,98.88393700000597,None,98.88393700000597,None,2.9,23.292085300025064,101.5365825999761,None,101.5365825999761,None,101.5365825999761,None,3.0166666666666666,1.9566609000321478,101.5365825999761,None,You will receive,32,126,124.88525559997652,None,124.88525559997652,None,124.88525559997652,None,124.88525559997652,None,124.88525559997652,None,n,5.39600580005208,124.88525559997652,None,124.88525559997652,None,124.88525559997652,None,130.3059444000246,131.3056325999787,131.78888359997654,None,2.95,1.6925493000308052,133.8932715000119,None,3.9416666666666664,2.89050199999474,133.8932715000119,None,133.8932715000119,None,133.8932715000119,None,,,,,,,,,,,,,,,,,,,,,,,,,,,,,,,,,,,,,,,,,,,,,,,,,,,,,,,Utkarsh,001,2022-04-22_10h49.17.930,ultamatum,2022.1.3,60.01327493968806,
3,0,3,0,,,,,,,,,,,136.74684520001756,None,5.991666666666667,13.56749350001337,137.8219570000074,None,137.8219570000074,None,3.1166666666666667,16.156792800000403,151.41612310003256,None,151.41612310003256,None,151.41612310003256,None,2.9958333333333336,12.905220499960706,151.41612310003256,None,I will take,50,176,167.58197529998142,None,167.58197529998142,None,167.58197529998142,None,167.58197529998142,None,167.58197529998142,None,y,1.8694520000135526,167.58197529998142,None,167.58197529998142,None,167.58197529998142,None,169.47894729999825,170.47587780002505,170.9590166999842,None,3.841666666666667,0.8543383000069298,173.051694600028,None,2.4583333333333335,2.6009657999966294,173.051694600028,None,173.051694600028,None,173.051694600028,None,,,,,,,,,,,,,,,,,,,,,,,,,,,,,,,,,,,,,,,,,,,,,,,,,,,,,,,Utkarsh,001,2022-04-22_10h49.17.930,ultamatum,2022.1.3,60.01327493968806,
4,0,4,0,,,,,,,,,,,175.61102609999944,None,4.516666666666667,4.8278836000245064,176.68901319999713,None,176.68901319999713,None,2.925,3.654027300013695,181.5227774999803,None,181.5227774999803,None,181.5227774999803,None,3.1666666666666665,2.6109369000187144,181.5227774999803,None,I will take,85,236,185.25071220000973,None,185.25071220000973,None,185.25071220000973,None,185.25071220000973,None,185.25071220000973,None,y,3.059595200000331,185.25071220000973,None,185.25071220000973,None,185.25071220000973,None,188.3476913999766,189.3358234000043,189.83597780001583,None,2.7375,0.6424359000520781,191.94282300001942,None,3.6375,18.323267099971417,191.94282300001942,None,191.94282300001942,None,191.94282300001942,None,,,,,,,,,,,,,,,,,,,,,,,,,,,,,,,,,,,,,,,,,,,,,,,,,,,,,,,Utkarsh,001,2022-04-22_10h49.17.930,ultamatum,2022.1.3,60.01327493968806,
,,,,0,0,0,0,,,,,,,,,,,,,,,,,,,,,,,,,,,You will receive,30,266,,,,,,,,,,,,,,,,,,,240.95362709998153,241.94618430000264,242.43505000002915,None,,,,,,,,,,,,,210.23838950000936,None,211.35018700000364,None,4.991666666666667,18.380566900013946,211.35018700000364,None,229.7550185000291,None,229.7550185000291,None,3.220833333333333,1.9368815000052564,229.7550185000291,None,2.8666666666666667,2.959629799996037,229.7550185000291,None,232.7520437000203,None,232.7520437000203,None,232.7520437000203,None,232.7520437000203,None,232.7520437000203,None,n,8.168620799959172,232.7520437000203,None,232.7520437000203,None,3.9916666666666667,26.28600630001165,244.4913865000126,None,244.4913865000126,None,244.4913865000126,None,3.4791666666666665,21.08927009999752,244.4913865000126,None,,,,,,,Utkarsh,001,2022-04-22_10h49.17.930,ultamatum,2022.1.3,60.01327493968806,
,,,,1,0,1,0,,,,,,,,,,,,,,,,,,,,,,,,,,,You will receive,10,276,,,,,,,,,,,,,,,,,,,302.68829419999383,303.6804244000232,304.16412630002014,None,,,,,,,,,,,,,270.7977104000165,None,271.87157560000196,None,6.633333333333333,3.152343399997335,271.87157560000196,None,275.0148132999893,None,275.0148132999893,None,3.3291666666666666,22.64072909997776,275.0148132999893,None,2.8916666666666666,23.916098900022916,275.0148132999893,None,298.99370869999984,None,298.99370869999984,None,298.99370869999984,None,298.99370869999984,None,298.99370869999984,None,n,3.6625712999957614,298.99370869999984,None,298.99370869999984,None,4.5,5.607503100007307,306.21542580000823,None,306.21542580000823,None,306.21542580000823,None,2.6208333333333336,4.11836389999371,306.21542580000823,None,,,,,,,Utkarsh,001,2022-04-22_10h49.17.930,ultamatum,2022.1.3,60.01327493968806,
,,,,2,0,2,0,,,,,,,,,,,,,,,,,,,,,,,,,,,I will take,40,336,,,,,,,,,,,,,,,,,,,345.7631170999957,346.76976110000396,347.24954350001644,None,,,,,,,,,,,,,311.8324505999917,None,312.90553809999255,None,4.016666666666667,22.79349429998547,312.90553809999255,None,335.7222009000252,None,335.7222009000252,None,2.904166666666667,2.9955579999950714,335.7222009000252,None,3.066666666666667,4.488920700037852,335.7222009000252,None,340.2383544999757,None,340.2383544999757,None,340.2383544999757,None,340.2383544999757,None,340.2383544999757,None,y,5.48237479996169,340.2383544999757,None,340.2383544999757,None,3.8541666666666665,2.943685700010974,349.2997039000038,None,349.2997039000038,None,349.2997039000038,None,2.7458333333333336,0.7725301999598742,349.2997039000038,None,,,,,,,Utkarsh,001,2022-04-22_10h49.17.930,ultamatum,2022.1.3,60.01327493968806,
,,,,3,0,3,0,,,,,,,,,,,,,,,,,,,,,,,,,,,You will receive,50,386,,,,,,,,,,,,,,,,,,,379.62186379998457,380.6097539999755,381.1044714000309,None,,,,,,,,,,,,,352.2546581000206,None,353.379126099986,None,5.183333333333334,3.744976299989503,353.379126099986,None,357.12158989999443,None,357.12158989999443,None,3.0708333333333333,18.752444600046147,357.12158989999443,None,2.9875,20.747252300032414,357.12158989999443,None,377.9195773000247,None,377.9195773000247,None,377.9195773000247,None,377.9195773000247,None,377.9195773000247,None,y,1.6668432999867946,377.9195773000247,None,377.9195773000247,None,1.9458333333333333,23.70214730000589,383.15423179999925,None,383.15423179999925,None,383.15423179999925,None,4.116666666666667,9.688409299997147,383.15423179999925,None,,,,,,,Utkarsh,001,2022-04-22_10h49.17.930,ultamatum,2022.1.3,60.01327493968806,
,,,,4,0,4,0,,,,,,,,,,,,,,,,,,,,,,,,,,,I will take,32,454,,,,,,,,,,,,,,,,,,,435.41565819998505,436.41907569998875,436.902363399975,None,,,,,,,,,,,,,406.8642279999913,None,407.929598000017,None,4.983333333333333,21.978344800008927,407.929598000017,None,429.89421679999214,None,429.89421679999214,None,2.9875,1.7239106000051834,429.89421679999214,None,3.004166666666667,3.2104117999551818,429.89421679999214,None,433.14227660000324,None,433.14227660000324,None,433.14227660000324,None,433.14227660000324,None,433.14227660000324,None,y,2.236188199953176,433.14227660000324,None,433.14227660000324,None,4.791666666666667,2.2644485000055283,438.95486689999234,None,438.95486689999234,None,438.95486689999234,None,1.5625,1.1485832000034861,438.95486689999234,None,,,,,,,Utkarsh,001,2022-04-22_10h49.17.930,ultamatum,2022.1.3,60.01327493968806,
,,,,,,,,,,,,,,,,,,,,,,,,,,,,,,,,,,,,,,,,,,,,,,,,,,,,,,,,,,,,,,,,,,,,,,,,,,,,,,,,,,,,,,,,,,,,,,,,,,,,,,,,,,,,,,,,,,,,,,,441.2193872000207,None,space,4.732169700029772,441.2193872000207,None,Utkarsh,001,2022-04-22_10h49.17.930,ultamatum,2022.1.3,60.01327493968806,
