﻿trials.thisRepN,trials.thisTrialN,trials.thisN,trials.thisIndex,trials_2.thisRepN,trials_2.thisTrialN,trials_2.thisN,trials_2.thisIndex,text_3.started,text_3.stopped,key_resp_3.keys,key_resp_3.rt,key_resp_3.started,key_resp_3.stopped,text.started,text.stopped,Expect.response,Expect.rt,Expect.started,Expect.stopped,text_4.started,text_4.stopped,ExpectedArousal2.response,ExpectedArousal2.rt,ExpectedArousal2.started,ExpectedArousal2.stopped,textBefore.started,textBefore.stopped,text2Before.started,text2Before.stopped,ExpectedValence.response,ExpectedValence.rt,ExpectedValence.started,ExpectedValence.stopped,Frame,offer,Total_Pot,Player1Pot.started,Player1Pot.stopped,Player2Pot.started,Player2Pot.stopped,split.started,split.stopped,AmountToSplit.started,AmountToSplit.stopped,frametext.started,frametext.stopped,key_resp1.keys,key_resp1.rt,key_resp1.started,key_resp1.stopped,wallet_label1.started,wallet_label1.stopped,wallet_label2.started,wallet_label2.stopped,deal_Completed.started,deal_Completed.stopped,text_6.started,text_6.stopped,ArousalAfter.response,ArousalAfter.rt,ArousalAfter.started,ArousalAfter.stopped,ValenceAfter.response,ValenceAfter.rt,ValenceAfter.started,ValenceAfter.stopped,text_7.started,text_7.stopped,text_8.started,text_8.stopped,textT2.started,textT2.stopped,anonytext0498.started,anonytext0498.stopped,anonyExpect.response,anonyExpect.rt,anonyExpect.started,anonyExpect.stopped,textBefore_2.started,textBefore_2.stopped,text2Before_2.started,text2Before_2.stopped,anonyExpectedValence.response,anonyExpectedValence.rt,anonyExpectedValence.started,anonyExpectedValence.stopped,anonyExpectedArousal.response,anonyExpectedArousal.rt,anonyExpectedArousal.started,anonyExpectedArousal.stopped,frametext_2.started,frametext_2.stopped,AmountToSplit_2.started,AmountToSplit_2.stopped,split_2.started,split_2.stopped,Player2Pot_2.started,Player2Pot_2.stopped,Player1Pot_2.started,Player1Pot_2.stopped,key_resp1_2.keys,key_resp1_2.rt,key_resp1_2.started,key_resp1_2.stopped,text_5.started,text_5.stopped,anonyValenceAfter.response,anonyValenceAfter.rt,anonyValenceAfter.started,anonyValenceAfter.stopped,text_9.started,text_9.stopped,text_10.started,text_10.stopped,anonyArousalAfter.response,anonyArousalAfter.rt,anonyArousalAfter.started,anonyArousalAfter.stopped,text_2.started,text_2.stopped,key_resp_2.keys,key_resp_2.rt,key_resp_2.started,key_resp_2.stopped,participant,session,date,expName,psychopyVersion,frameRate,
,,,,,,,,30.89741310000136,None,space,20.167754699999932,30.89741310000136,None,,,,,,,,,,,,,,,,,,,,,,,,,,,,,,,,,,,,,,,,,,,,,,,,,,,,,,,,,,,,,,,,,,,,,,,,,,,,,,,,,,,,,,,,,,,,,,,,,,,,,,,,,,,,,,,,Utkarsh Arya,001,2022-04-22_12h02.00.570,ultamatum,2022.1.3,60.01756113826421,
0,0,0,0,,,,,,,,,,,51.08900189999986,None,3.625,3.332657400000244,52.113869100001466,None,52.113869100001466,None,2.720833333333333,59.800642099999095,55.4550976999999,None,55.4550976999999,None,55.4550976999999,None,3.3625,5.819699699999546,55.4550976999999,None,I will take,59,41,115.26887130000068,None,115.26887130000068,None,115.26887130000068,None,115.26887130000068,None,115.26887130000068,None,y,2.8464979000000312,115.26887130000068,None,115.26887130000068,None,115.26887130000068,None,118.14747130000069,119.14853279999988,119.63139330000013,None,4.4875,1.6990810000006604,121.64953380000043,None,1.7708333333333333,3.7086491999998543,121.64953380000043,None,121.64953380000043,None,121.64953380000043,None,,,,,,,,,,,,,,,,,,,,,,,,,,,,,,,,,,,,,,,,,,,,,,,,,,,,,,,Utkarsh Arya,001,2022-04-22_12h02.00.570,ultamatum,2022.1.3,60.01756113826421,
1,0,1,0,,,,,,,,,,,125.3506051000004,None,1.0083333333333333,7.434098900001118,126.35474860000068,None,126.35474860000068,None,1,21.40938190000088,133.81247670000084,None,133.81247670000084,None,133.81247670000084,None,2.9958333333333336,14.4729436000016,133.81247670000084,None,I will take,77,64,155.23609920000126,None,155.23609920000126,None,155.23609920000126,None,155.23609920000126,None,155.23609920000126,None,y,3.2519921000002796,155.23609920000126,None,155.23609920000126,None,155.23609920000126,None,158.51352380000026,159.51383820000046,159.9969527000012,None,4.895833333333333,4.77945390000059,162.0094097000001,None,1,7.924667999999656,162.0094097000001,None,162.0094097000001,None,162.0094097000001,None,,,,,,,,,,,,,,,,,,,,,,,,,,,,,,,,,,,,,,,,,,,,,,,,,,,,,,,Utkarsh Arya,001,2022-04-22_12h02.00.570,ultamatum,2022.1.3,60.01756113826421,
2,0,2,0,,,,,,,,,,,169.934433800001,None,8.541666666666666,5.299260899999354,170.9381745999999,None,170.9381745999999,None,1.4958333333333333,16.167756000000736,176.26158960000066,None,176.26158960000066,None,176.26158960000066,None,4.154166666666667,5.173055499999464,176.26158960000066,None,You will receive,20,64,192.44814110000152,None,192.44814110000152,None,192.44814110000152,None,192.44814110000152,None,192.44814110000152,None,n,2.1637760999983584,192.44814110000152,None,192.44814110000152,None,192.44814110000152,None,194.64416810000148,195.64439459999994,196.12750720000076,None,4.1375,22.50799199999892,198.13956510000025,None,2.6416666666666666,24.933519700000033,198.13956510000025,None,198.13956510000025,None,198.13956510000025,None,,,,,,,,,,,,,,,,,,,,,,,,,,,,,,,,,,,,,,,,,,,,,,,,,,,,,,,Utkarsh Arya,001,2022-04-22_12h02.00.570,ultamatum,2022.1.3,60.01756113826421,
3,0,3,0,,,,,,,,,,,223.07138120000127,None,4.95,16.721294000000853,224.0755590000008,None,224.0755590000008,None,2.7041666666666666,8.772432199999457,240.8211992000015,None,240.8211992000015,None,240.8211992000015,None,4.033333333333333,3.7516845999998623,240.8211992000015,None,You will receive,32,64,249.6013036000004,None,249.6013036000004,None,249.6013036000004,None,249.6013036000004,None,249.6013036000004,None,n,7.54190700000072,249.6013036000004,None,249.6013036000004,None,249.6013036000004,None,257.16766559999996,258.16846720000103,258.65212919999976,None,1.725,9.202972999999474,260.66326670000126,None,4.5125,68.16918519999854,260.66326670000126,None,260.66326670000126,None,260.66326670000126,None,,,,,,,,,,,,,,,,,,,,,,,,,,,,,,,,,,,,,,,,,,,,,,,,,,,,,,,Utkarsh Arya,001,2022-04-22_12h02.00.570,ultamatum,2022.1.3,60.01756113826421,
4,0,4,0,,,,,,,,,,,328.8294326000014,None,6.541666666666667,3.131976200000281,329.83574190000036,None,329.83574190000036,None,2.6833333333333336,38.865800800000216,332.9880183000005,None,332.9880183000005,None,332.9880183000005,None,3.3958333333333335,37.24878270000045,332.9880183000005,None,I will take,40,124,371.86500570000135,None,371.86500570000135,None,371.86500570000135,None,371.86500570000135,None,371.86500570000135,None,y,9.567618299999594,371.86500570000135,None,371.86500570000135,None,371.86500570000135,None,381.4490256000008,382.44932400000107,382.93255169999975,None,1.6583333333333334,2.7676787999989756,384.94488420000016,None,3.8875,4.5862035999998625,384.94488420000016,None,384.94488420000016,None,384.94488420000016,None,,,,,,,,,,,,,,,,,,,,,,,,,,,,,,,,,,,,,,,,,,,,,,,,,,,,,,,Utkarsh Arya,001,2022-04-22_12h02.00.570,ultamatum,2022.1.3,60.01756113826421,
,,,,0,0,0,0,,,,,,,,,,,,,,,,,,,,,,,,,,,You will receive,50,174,,,,,,,,,,,,,,,,,,,403.6238944000015,404.62390330000017,405.10810520000086,None,,,,,,,,,,,,,389.5282447999998,None,390.5436107000005,None,4.45,3.3496782000001986,390.5436107000005,None,393.9032528000007,None,393.9032528000007,None,3.4375,1.6158058999990317,393.9032528000007,None,2.8625,6.916189899999154,393.9032528000007,None,400.85519999999997,None,400.85519999999997,None,400.85519999999997,None,400.85519999999997,None,400.85519999999997,None,y,2.7390000999985205,400.85519999999997,None,400.85519999999997,None,3.1875,22.023169500000222,407.11506850000114,None,407.11506850000114,None,407.11506850000114,None,2.8083333333333336,20.338721000000078,407.11506850000114,None,,,,,,,Utkarsh Arya,001,2022-04-22_12h02.00.570,ultamatum,2022.1.3,60.01756113826421,
,,,,1,0,1,0,,,,,,,,,,,,,,,,,,,,,,,,,,,I will take,77,197,,,,,,,,,,,,,,,,,,,502.9618115000012,503.9622055,504.4459791999998,None,,,,,,,,,,,,,429.1504722999998,None,430.15432930000134,None,6.675,62.62202880000041,430.15432930000134,None,492.7909912000014,None,492.7909912000014,None,3.279166666666667,1.2652756000006775,492.7909912000014,None,2.65,3.0810252999999648,492.7909912000014,None,495.89490860000114,None,495.89490860000114,None,495.89490860000114,None,495.89490860000114,None,495.89490860000114,None,y,7.045018099999652,495.89490860000114,None,495.89490860000114,None,2.583333333333333,37.64642900000035,506.4483228000008,None,506.4483228000008,None,506.4483228000008,None,4.433333333333334,1.2156583000014507,506.4483228000008,None,,,,,,,Utkarsh Arya,001,2022-04-22_12h02.00.570,ultamatum,2022.1.3,60.01756113826421,
,,,,2,0,2,0,,,,,,,,,,,,,,,,,,,,,,,,,,,I will take,85,212,,,,,,,,,,,,,,,,,,,581.3582121,582.3584986000005,582.8422310000005,None,,,,,,,,,,,,,544.1110892000015,None,545.1145530000013,None,3.0,11.819634900000892,545.1145530000013,None,556.9488008000008,None,556.9488008000008,None,3.0208333333333335,1.8659215000006952,556.9488008000008,None,2.975,3.3145366000007925,556.9488008000008,None,560.2841697000003,None,560.2841697000003,None,560.2841697000003,None,560.2841697000003,None,560.2841697000003,None,y,21.056958499999382,560.2841697000003,None,560.2841697000003,None,1.9833333333333334,19.522582100000363,584.8450653,None,584.8450653,None,584.8450653,None,4.558333333333334,2.115533599999253,584.8450653,None,,,,,,,Utkarsh Arya,001,2022-04-22_12h02.00.570,ultamatum,2022.1.3,60.01756113826421,
,,,,3,0,3,0,,,,,,,,,,,,,,,,,,,,,,,,,,,You will receive,26,238,,,,,,,,,,,,,,,,,,,653.1360268000008,654.1367426000015,654.6200392999999,None,,,,,,,,,,,,,604.3841248000008,None,605.3877272999998,None,6.658333333333333,3.109239499999603,605.3877272999998,None,608.5143192000014,None,608.5143192000014,None,3.341666666666667,38.70352490000005,608.5143192000014,None,1.975,41.483072700000776,608.5143192000014,None,650.0217203000011,None,650.0217203000011,None,650.0217203000011,None,650.0217203000011,None,650.0217203000011,None,n,3.0872679999993125,650.0217203000011,None,650.0217203000011,None,4.404166666666667,5.4343189999999595,656.6224887000008,None,656.6224887000008,None,656.6224887000008,None,1.5625,3.0491713999999774,656.6224887000008,None,,,,,,,Utkarsh Arya,001,2022-04-22_12h02.00.570,ultamatum,2022.1.3,60.01756113826421,
,,,,4,0,4,0,,,,,,,,,,,,,,,,,,,,,,,,,,,I will take,37,301,,,,,,,,,,,,,,,,,,,671.0263974999998,672.0265465000011,672.5102204000013,None,,,,,,,,,,,,,662.0724647000006,None,663.0759742999999,None,8.533333333333333,1.5490336999991996,663.0759742999999,None,664.6401650000007,None,664.6401650000007,None,4.283333333333333,3.0330654999997932,664.6401650000007,None,1.825,4.498177899999064,664.6401650000007,None,669.1587563000012,None,669.1587563000012,None,669.1587563000012,None,669.1587563000012,None,669.1587563000012,None,n,1.836835100000826,669.1587563000012,None,669.1587563000012,None,4.8,11.819074600000022,674.5156462000014,None,674.5156462000014,None,674.5156462000014,None,1,1.1807761000000028,674.5156462000014,None,,,,,,,Utkarsh Arya,001,2022-04-22_12h02.00.570,ultamatum,2022.1.3,60.01756113826421,
,,,,,,,,,,,,,,,,,,,,,,,,,,,,,,,,,,,,,,,,,,,,,,,,,,,,,,,,,,,,,,,,,,,,,,,,,,,,,,,,,,,,,,,,,,,,,,,,,,,,,,,,,,,,,,,,,,,,,,,686.3487404000007,None,space,4.759410799999387,686.3487404000007,None,Utkarsh Arya,001,2022-04-22_12h02.00.570,ultamatum,2022.1.3,60.01756113826421,
