﻿trials.thisRepN,trials.thisTrialN,trials.thisN,trials.thisIndex,trials_2.thisRepN,trials_2.thisTrialN,trials_2.thisN,trials_2.thisIndex,text_3.started,text_3.stopped,key_resp_3.keys,key_resp_3.rt,key_resp_3.started,key_resp_3.stopped,text.started,text.stopped,Expect.response,Expect.rt,Expect.started,Expect.stopped,text_4.started,text_4.stopped,ExpectedArousal2.response,ExpectedArousal2.rt,ExpectedArousal2.started,ExpectedArousal2.stopped,textBefore.started,textBefore.stopped,text2Before.started,text2Before.stopped,ExpectedValence.response,ExpectedValence.rt,ExpectedValence.started,ExpectedValence.stopped,Frame,offer,Total_Pot,Player1Pot.started,Player1Pot.stopped,Player2Pot.started,Player2Pot.stopped,split.started,split.stopped,AmountToSplit.started,AmountToSplit.stopped,frametext.started,frametext.stopped,key_resp1.keys,key_resp1.rt,key_resp1.started,key_resp1.stopped,wallet_label1.started,wallet_label1.stopped,wallet_label2.started,wallet_label2.stopped,deal_Completed.started,deal_Completed.stopped,text_6.started,text_6.stopped,ArousalAfter.response,ArousalAfter.rt,ArousalAfter.started,ArousalAfter.stopped,ValenceAfter.response,ValenceAfter.rt,ValenceAfter.started,ValenceAfter.stopped,text_7.started,text_7.stopped,text_8.started,text_8.stopped,textT2.started,textT2.stopped,anonytext0498.started,anonytext0498.stopped,anonyExpect.response,anonyExpect.rt,anonyExpect.started,anonyExpect.stopped,textBefore_2.started,textBefore_2.stopped,text2Before_2.started,text2Before_2.stopped,anonyExpectedValence.response,anonyExpectedValence.rt,anonyExpectedValence.started,anonyExpectedValence.stopped,anonyExpectedArousal.response,anonyExpectedArousal.rt,anonyExpectedArousal.started,anonyExpectedArousal.stopped,frametext_2.started,frametext_2.stopped,AmountToSplit_2.started,AmountToSplit_2.stopped,split_2.started,split_2.stopped,Player2Pot_2.started,Player2Pot_2.stopped,Player1Pot_2.started,Player1Pot_2.stopped,key_resp1_2.keys,key_resp1_2.rt,key_resp1_2.started,key_resp1_2.stopped,text_5.started,text_5.stopped,anonyValenceAfter.response,anonyValenceAfter.rt,anonyValenceAfter.started,anonyValenceAfter.stopped,text_9.started,text_9.stopped,text_10.started,text_10.stopped,anonyArousalAfter.response,anonyArousalAfter.rt,anonyArousalAfter.started,anonyArousalAfter.stopped,text_2.started,text_2.stopped,key_resp_2.keys,key_resp_2.rt,key_resp_2.started,key_resp_2.stopped,participant,session,date,expName,psychopyVersion,frameRate,
,,,,,,,,17.695238499996776,None,space,0.6829047000028368,17.695238499996776,None,,,,,,,,,,,,,,,,,,,,,,,,,,,,,,,,,,,,,,,,,,,,,,,,,,,,,,,,,,,,,,,,,,,,,,,,,,,,,,,,,,,,,,,,,,,,,,,,,,,,,,,,,,,,,,,,vatsal,001,2022-04-22_19h02.23.636,ultamatum,2022.1.3,60.03701882637149,
0,0,0,0,,,,,,,,,,,18.40293119999842,None,3.716666666666667,2.098064499998145,19.419221399999515,None,19.419221399999515,None,3.2708333333333335,3.6968077999990783,21.522238699999434,None,21.522238699999434,None,21.522238699999434,None,2.6208333333333336,2.082725500000379,21.522238699999434,None,You will receive,30,30,25.234818399996584,None,25.234818399996584,None,25.234818399996584,None,25.234818399996584,None,25.234818399996584,None,y,3.4659421000033035,25.234818399996584,None,25.234818399996584,None,25.234818399996584,None,28.717430400000012,29.717237099997874,30.200536999996984,None,2.1958333333333333,1.0656806000006327,32.20347169999877,None,4.270833333333333,2.000787000000855,32.20347169999877,None,32.20347169999877,None,32.20347169999877,None,,,,,,,,,,,,,,,,,,,,,,,,,,,,,,,,,,,,,,,,,,,,,,,,,,,,,,,vatsal,001,2022-04-22_19h02.23.636,ultamatum,2022.1.3,60.03701882637149,
1,0,1,0,,,,,,,,,,,34.21652809999796,None,3.975,7.797523200002615,35.21626449999894,None,35.21626449999894,None,3.3333333333333335,2.0975777999992715,43.031487399999605,None,43.031487399999605,None,43.031487399999605,None,2.775,1.3825364999975136,43.031487399999605,None,You will receive,26,30,45.14775979999831,None,45.14775979999831,None,45.14775979999831,None,45.14775979999831,None,45.14775979999831,None,n,4.365803300002881,45.14775979999831,None,45.14775979999831,None,45.14775979999831,None,49.530383999997866,50.530162199996994,51.01340959999652,None,2.2916666666666665,0.9328781000003801,53.01289729999917,None,4.4625,2.001658100001805,53.01289729999917,None,53.01289729999917,None,53.01289729999917,None,,,,,,,,,,,,,,,,,,,,,,,,,,,,,,,,,,,,,,,,,,,,,,,,,,,,,,,vatsal,001,2022-04-22_19h02.23.636,ultamatum,2022.1.3,60.03701882637149,
2,0,2,0,,,,,,,,,,,55.02938129999893,None,4.958333333333334,1.549252400000114,56.029262899999594,None,56.029262899999594,None,3.033333333333333,3.2971990999976697,57.595679299996846,None,57.595679299996846,None,57.595679299996846,None,3.1666666666666665,2.0334595999993326,57.595679299996846,None,I will take,50,80,60.91158269999869,None,60.91158269999869,None,60.91158269999869,None,60.91158269999869,None,60.91158269999869,None,y,1.6437469000011333,60.91158269999869,None,60.91158269999869,None,60.91158269999869,None,62.578032299999904,63.57771329999741,64.06105479999678,None,4.729166666666667,2.315486100000271,66.0606743999997,None,2.154166666666667,3.4170275000033143,66.0606743999997,None,66.0606743999997,None,66.0606743999997,None,,,,,,,,,,,,,,,,,,,,,,,,,,,,,,,,,,,,,,,,,,,,,,,,,,,,,,,vatsal,001,2022-04-22_19h02.23.636,ultamatum,2022.1.3,60.03701882637149,
3,0,3,0,,,,,,,,,,,69.49345489999905,None,4.025,1.914728899999318,70.49330319999717,None,70.49330319999717,None,2.9875,2.3146289000032993,72.42635199999859,None,72.42635199999859,None,72.42635199999859,None,3.1125,1.5341220000009343,72.42635199999859,None,You will receive,59,139,74.75914279999779,None,74.75914279999779,None,74.75914279999779,None,74.75914279999779,None,74.75914279999779,None,y,4.952738000003592,74.75914279999779,None,74.75914279999779,None,74.75914279999779,None,79.74152099999992,80.74133619999702,81.2246748999969,None,2.4916666666666667,1.0498800000023039,83.22412699999768,None,3.6208333333333336,1.6008322999987286,83.22412699999768,None,83.22412699999768,None,83.22412699999768,None,,,,,,,,,,,,,,,,,,,,,,,,,,,,,,,,,,,,,,,,,,,,,,,,,,,,,,,vatsal,001,2022-04-22_19h02.23.636,ultamatum,2022.1.3,60.03701882637149,
4,0,4,0,,,,,,,,,,,84.84069659999659,None,5.008333333333334,3.598341300003085,85.84084989999974,None,85.84084989999974,None,2.904166666666667,3.5300496999989264,89.45665799999915,None,89.45665799999915,None,89.45665799999915,None,3.2333333333333334,2.649927900001785,89.45665799999915,None,I will take,85,139,93.00581249999959,None,93.00581249999959,None,93.00581249999959,None,93.00581249999959,None,93.00581249999959,None,n,2.0801319000020158,93.00581249999959,None,93.00581249999959,None,93.00581249999959,None,95.10538949999682,96.10527860000002,96.5885563999982,None,1.6583333333333334,4.081946000002063,98.58823699999994,None,4.666666666666667,5.134549400001561,98.58823699999994,None,98.58823699999994,None,98.58823699999994,None,,,,,,,,,,,,,,,,,,,,,,,,,,,,,,,,,,,,,,,,,,,,,,,,,,,,,,,vatsal,001,2022-04-22_19h02.23.636,ultamatum,2022.1.3,60.03701882637149,
,,,,0,0,0,0,,,,,,,,,,,,,,,,,,,,,,,,,,,I will take,37,139,,,,,,,,,,,,,,,,,,,109.45303619999686,110.45262589999766,110.93586139999752,None,,,,,,,,,,,,,103.73715629999788,None,104.73694469999828,None,5.983333333333333,0.9489098000012746,104.73694469999828,None,105.70369889999711,None,105.70369889999711,None,3.591666666666667,0.8809911999996984,105.70369889999711,None,2.7416666666666667,1.5627835000013874,105.70369889999711,None,107.2913344999979,None,107.2913344999979,None,107.2913344999979,None,107.2913344999979,None,107.2913344999979,None,n,2.1331491000019014,107.2913344999979,None,107.2913344999979,None,3.9375,1.3160401999994065,112.93560739999884,None,112.93560739999884,None,112.93560739999884,None,2.1208333333333336,0.7156398999977682,112.93560739999884,None,,,,,,,vatsal,001,2022-04-22_19h02.23.636,ultamatum,2022.1.3,60.03701882637149,
,,,,1,0,1,0,,,,,,,,,,,,,,,,,,,,,,,,,,,I will take,30,139,,,,,,,,,,,,,,,,,,,121.40084279999792,122.40040619999854,122.88376289999724,None,,,,,,,,,,,,,114.26872759999969,None,115.26839499999915,None,4.566666666666666,1.8485688000000664,115.26839499999915,None,117.1347937999999,None,117.1347937999999,None,3.1458333333333335,1.4982208000001265,117.1347937999999,None,2.9,2.597066899998026,117.1347937999999,None,119.75083599999925,None,119.75083599999925,None,119.75083599999925,None,119.75083599999925,None,119.75083599999925,None,n,1.6233766000004834,119.75083599999925,None,119.75083599999925,None,3.975,1.7153789000003599,124.88357889999679,None,124.88357889999679,None,124.88357889999679,None,2.2666666666666666,0.8323862000033841,124.88357889999679,None,,,,,,,vatsal,001,2022-04-22_19h02.23.636,ultamatum,2022.1.3,60.03701882637149,
,,,,2,0,2,0,,,,,,,,,,,,,,,,,,,,,,,,,,,You will receive,20,139,,,,,,,,,,,,,,,,,,,136.63149899999917,137.63113529999828,138.11457609999707,None,,,,,,,,,,,,,126.61658819999866,None,127.61653709999882,None,4.541666666666666,5.447881000000052,127.61653709999882,None,133.08218149999811,None,133.08218149999811,None,3.3541666666666665,1.015218399999867,133.08218149999811,None,2.9291666666666667,1.8474999999998545,133.08218149999811,None,134.9483610999996,None,134.9483610999996,None,134.9483610999996,None,134.9483610999996,None,134.9483610999996,None,n,1.6522329000035825,134.9483610999996,None,134.9483610999996,None,4.525,1.5156893000021228,140.11424899999838,None,140.11424899999838,None,140.11424899999838,None,1.5166666666666666,0.8324804999974731,140.11424899999838,None,,,,,,,vatsal,001,2022-04-22_19h02.23.636,ultamatum,2022.1.3,60.03701882637149,
,,,,3,0,3,0,,,,,,,,,,,,,,,,,,,,,,,,,,,I will take,10,139,,,,,,,,,,,,,,,,,,,153.8114652999975,154.8112110999973,155.29465459999847,None,,,,,,,,,,,,,141.64706099999967,None,142.64682789999642,None,5.516666666666667,3.2490305000028457,142.64682789999642,None,145.91296419999708,None,145.91296419999708,None,3.658333333333333,1.7655666999999085,145.91296419999708,None,2.575,6.497008700000151,145.91296419999708,None,152.4283035999979,None,152.4283035999979,None,152.4283035999979,None,152.4283035999979,None,152.4283035999979,None,n,1.356304500000988,152.4283035999979,None,152.4283035999979,None,4.720833333333333,1.616074400000798,157.29406949999975,None,157.29406949999975,None,157.29406949999975,None,1.6041666666666667,0.881581699999515,157.29406949999975,None,,,,,,,vatsal,001,2022-04-22_19h02.23.636,ultamatum,2022.1.3,60.03701882637149,
,,,,4,0,4,0,,,,,,,,,,,,,,,,,,,,,,,,,,,You will receive,40,139,,,,,,,,,,,,,,,,,,,167.94225449999794,168.94220439999845,169.4252499999966,None,,,,,,,,,,,,,158.92713129999902,None,159.9270269999979,None,6.225,1.8821809999972174,159.9270269999979,None,161.82675429999654,None,161.82675429999654,None,3.9916666666666667,2.5310017000010703,161.82675429999654,None,3.0125,3.8963921000031405,161.82675429999654,None,165.742681599997,None,165.742681599997,None,165.742681599997,None,165.742681599997,None,165.742681599997,None,y,2.1804796000033093,165.742681599997,None,165.742681599997,None,4.870833333333334,1.1653401000003214,171.42497229999935,None,171.42497229999935,None,171.42497229999935,None,2.1041666666666665,0.48245630000019446,171.42497229999935,None,,,,,,,vatsal,001,2022-04-22_19h02.23.636,ultamatum,2022.1.3,60.03701882637149,
,,,,,,,,,,,,,,,,,,,,,,,,,,,,,,,,,,,,,,,,,,,,,,,,,,,,,,,,,,,,,,,,,,,,,,,,,,,,,,,,,,,,,,,,,,,,,,,,,,,,,,,,,,,,,,,,,,,,,,,172.60799359999874,None,space,1.5633977000034065,172.60799359999874,None,vatsal,001,2022-04-22_19h02.23.636,ultamatum,2022.1.3,60.03701882637149,
