﻿trials.thisRepN,trials.thisTrialN,trials.thisN,trials.thisIndex,trials_2.thisRepN,trials_2.thisTrialN,trials_2.thisN,trials_2.thisIndex,text_3.started,text_3.stopped,key_resp_3.keys,key_resp_3.rt,key_resp_3.started,key_resp_3.stopped,text.started,text.stopped,Expect.response,Expect.rt,Expect.started,Expect.stopped,text_4.started,text_4.stopped,ExpectedArousal2.response,ExpectedArousal2.rt,ExpectedArousal2.started,ExpectedArousal2.stopped,textBefore.started,textBefore.stopped,text2Before.started,text2Before.stopped,ExpectedValence.response,ExpectedValence.rt,ExpectedValence.started,ExpectedValence.stopped,Frame,offer,Total_Pot,Player1Pot.started,Player1Pot.stopped,Player2Pot.started,Player2Pot.stopped,split.started,split.stopped,AmountToSplit.started,AmountToSplit.stopped,frametext.started,frametext.stopped,key_resp1.keys,key_resp1.rt,key_resp1.started,key_resp1.stopped,wallet_label1.started,wallet_label1.stopped,wallet_label2.started,wallet_label2.stopped,deal_Completed.started,deal_Completed.stopped,text_6.started,text_6.stopped,ArousalAfter.response,ArousalAfter.rt,ArousalAfter.started,ArousalAfter.stopped,ValenceAfter.response,ValenceAfter.rt,ValenceAfter.started,ValenceAfter.stopped,text_7.started,text_7.stopped,text_8.started,text_8.stopped,textT2.started,textT2.stopped,anonytext0498.started,anonytext0498.stopped,anonyExpect.response,anonyExpect.rt,anonyExpect.started,anonyExpect.stopped,textBefore_2.started,textBefore_2.stopped,text2Before_2.started,text2Before_2.stopped,anonyExpectedValence.response,anonyExpectedValence.rt,anonyExpectedValence.started,anonyExpectedValence.stopped,anonyExpectedArousal.response,anonyExpectedArousal.rt,anonyExpectedArousal.started,anonyExpectedArousal.stopped,frametext_2.started,frametext_2.stopped,AmountToSplit_2.started,AmountToSplit_2.stopped,split_2.started,split_2.stopped,Player2Pot_2.started,Player2Pot_2.stopped,Player1Pot_2.started,Player1Pot_2.stopped,key_resp1_2.keys,key_resp1_2.rt,key_resp1_2.started,key_resp1_2.stopped,text_5.started,text_5.stopped,anonyValenceAfter.response,anonyValenceAfter.rt,anonyValenceAfter.started,anonyValenceAfter.stopped,text_9.started,text_9.stopped,text_10.started,text_10.stopped,anonyArousalAfter.response,anonyArousalAfter.rt,anonyArousalAfter.started,anonyArousalAfter.stopped,text_2.started,text_2.stopped,key_resp_2.keys,key_resp_2.rt,key_resp_2.started,key_resp_2.stopped,participant,session,date,expName,psychopyVersion,frameRate,
,,,,,,,,17.818229799999926,None,space,1.0086291999998593,17.818229799999926,None,,,,,,,,,,,,,,,,,,,,,,,,,,,,,,,,,,,,,,,,,,,,,,,,,,,,,,,,,,,,,,,,,,,,,,,,,,,,,,,,,,,,,,,,,,,,,,,,,,,,,,,,,,,,,,,,Yuvraj3,001,2022-04-22_10h56.22.782,ultamatum,2022.1.3,60.02235232399543,
0,0,0,0,,,,,,,,,,,18.843323699999928,None,5.0,1.6091337000000294,19.88260910000008,None,19.88260910000008,None,2.979166666666667,3.453110299999935,21.491834599999947,None,21.491834599999947,None,21.491834599999947,None,2.979166666666667,3.4603113999999096,21.491834599999947,None,I will take,50,50,24.964448700000048,None,24.964448700000048,None,24.964448700000048,None,24.964448700000048,None,24.964448700000048,None,y,2.99540160000015,24.964448700000048,None,24.964448700000048,None,24.964448700000048,None,27.991064600000072,28.99142770000003,29.474707999999964,None,3.845833333333333,3.5962317999999414,31.49322589999997,None,2.2708333333333335,5.096715299999914,31.49322589999997,None,31.49322589999997,None,31.49322589999997,None,,,,,,,,,,,,,,,,,,,,,,,,,,,,,,,,,,,,,,,,,,,,,,,,,,,,,,,Yuvraj3,001,2022-04-22_10h56.22.782,ultamatum,2022.1.3,60.02235232399543,
1,0,1,0,,,,,,,,,,,36.58171059999995,None,5.991666666666667,3.1586574000000383,37.59574070000008,None,37.59574070000008,None,2.775,3.7935546999999588,40.77865369999995,None,40.77865369999995,None,40.77865369999995,None,3.2875,2.419921499999873,40.77865369999995,None,I will take,59,91,44.59692300000006,None,44.59692300000006,None,44.59692300000006,None,44.59692300000006,None,44.59692300000006,None,y,13.52941839999994,44.59692300000006,None,44.59692300000006,None,44.59692300000006,None,58.152682899999945,59.15268850000007,59.634268999999904,None,3.425,0.8234339000000546,61.649559499999896,None,2.658333333333333,2.093724699999939,61.649559499999896,None,61.649559499999896,None,61.649559499999896,None,,,,,,,,,,,,,,,,,,,,,,,,,,,,,,,,,,,,,,,,,,,,,,,,,,,,,,,Yuvraj3,001,2022-04-22_10h56.22.782,ultamatum,2022.1.3,60.02235232399543,
2,0,2,0,,,,,,,,,,,63.74138059999996,None,3.9916666666666667,1.713893999999982,64.75697880000007,None,64.75697880000007,None,2.916666666666667,2.574885100000074,66.50222099999996,None,66.50222099999996,None,66.50222099999996,None,3.1375,1.6420101000001068,66.50222099999996,None,I will take,20,91,69.09753589999991,None,69.09753589999991,None,69.09753589999991,None,69.09753589999991,None,69.09753589999991,None,n,3.4411706000000777,69.09753589999991,None,69.09753589999991,None,69.09753589999991,None,72.56763569999998,73.5831975000001,74.05038190000005,None,1.8416666666666666,0.7577292999999372,76.06300650000003,None,4.225,1.685925200000156,76.06300650000003,None,76.06300650000003,None,76.06300650000003,None,,,,,,,,,,,,,,,,,,,,,,,,,,,,,,,,,,,,,,,,,,,,,,,,,,,,,,,Yuvraj3,001,2022-04-22_10h56.22.782,ultamatum,2022.1.3,60.02235232399543,
3,0,3,0,,,,,,,,,,,77.74683210000012,None,5.016666666666667,1.5525264999998853,78.7561404999999,None,78.7561404999999,None,2.7625,1.9119685999999092,80.33713280000006,None,80.33713280000006,None,80.33713280000006,None,3.2083333333333335,0.979560900000024,80.33713280000006,None,I will take,26,91,82.26384000000007,None,82.26384000000007,None,82.26384000000007,None,82.26384000000007,None,82.26384000000007,None,n,1.6050947000001088,82.26384000000007,None,82.26384000000007,None,82.26384000000007,None,83.89824309999995,84.89886890000002,85.38377609999998,None,2.6125,2.545235699999921,87.41176519999999,None,3.5041666666666664,3.5417317999999796,87.41176519999999,None,87.41176519999999,None,87.41176519999999,None,,,,,,,,,,,,,,,,,,,,,,,,,,,,,,,,,,,,,,,,,,,,,,,,,,,,,,,Yuvraj3,001,2022-04-22_10h56.22.782,ultamatum,2022.1.3,60.02235232399543,
4,0,4,0,,,,,,,,,,,90.95035389999998,None,5.025,1.7628416000000016,91.9710184999999,None,91.9710184999999,None,2.575,3.0860225999999784,93.76317369999992,None,93.76317369999992,None,93.76317369999992,None,3.3541666666666665,1.995704299999943,93.76317369999992,None,You will receive,85,123,96.87190979999991,None,96.87190979999991,None,96.87190979999991,None,96.87190979999991,None,96.87190979999991,None,y,1.9195048000001407,96.87190979999991,None,96.87190979999991,None,96.87190979999991,None,98.8122378999999,99.81258290000005,100.29632119999997,None,3.2875,2.4358508000000256,102.32494180000003,None,2.6,3.4409842000000026,102.32494180000003,None,102.32494180000003,None,102.32494180000003,None,,,,,,,,,,,,,,,,,,,,,,,,,,,,,,,,,,,,,,,,,,,,,,,,,,,,,,,Yuvraj3,001,2022-04-22_10h56.22.782,ultamatum,2022.1.3,60.02235232399543,
,,,,0,0,0,0,,,,,,,,,,,,,,,,,,,,,,,,,,,You will receive,37,160,,,,,,,,,,,,,,,,,,,122.00809260000005,123.00763660000007,123.49096839999993,None,,,,,,,,,,,,,105.7678676999999,None,106.7892984,None,8.991666666666667,3.9278646999998728,106.7892984,None,110.72791699999993,None,110.72791699999993,None,4.995833333333334,2.483649600000035,110.72791699999993,None,1.0208333333333333,4.181881299999986,110.72791699999993,None,114.9676508,None,114.9676508,None,114.9676508,None,114.9676508,None,114.9676508,None,y,7.016235199999983,114.9676508,None,114.9676508,None,4.991666666666667,4.6304958000000624,125.49501899999996,None,125.49501899999996,None,125.49501899999996,None,1.0416666666666667,3.379762199999959,125.49501899999996,None,,,,,,,Yuvraj3,001,2022-04-22_10h56.22.782,ultamatum,2022.1.3,60.02235232399543,
,,,,1,0,1,0,,,,,,,,,,,,,,,,,,,,,,,,,,,You will receive,20,180,,,,,,,,,,,,,,,,,,,139.37204859999997,140.3717262,140.85487039999998,None,,,,,,,,,,,,,130.14002929999992,None,131.14487680000002,None,4.983333333333333,2.2795108000000255,131.14487680000002,None,133.4403322999999,None,133.4403322999999,None,3.4583333333333335,1.915307200000143,133.4403322999999,None,2.45,3.198488200000156,133.4403322999999,None,136.66051190000007,None,136.66051190000007,None,136.66051190000007,None,136.66051190000007,None,136.66051190000007,None,n,2.6909028000000035,136.66051190000007,None,136.66051190000007,None,3.5208333333333335,3.6801004999999805,142.85509819999993,None,142.85509819999993,None,142.85509819999993,None,2.5708333333333333,2.4321990000000824,142.85509819999993,None,,,,,,,Yuvraj3,001,2022-04-22_10h56.22.782,ultamatum,2022.1.3,60.02235232399543,
,,,,2,0,2,0,,,,,,,,,,,,,,,,,,,,,,,,,,,You will receive,30,210,,,,,,,,,,,,,,,,,,,156.1352139999999,157.1350063,157.61828749999995,None,,,,,,,,,,,,,146.5545368999999,None,147.55847010000002,None,4.016666666666667,1.8249444000000494,147.55847010000002,None,149.39792940000007,None,149.39792940000007,None,3.7916666666666665,1.285996300000079,149.39792940000007,None,2.2916666666666665,2.1350452000001496,149.39792940000007,None,151.55632300000002,None,151.55632300000002,None,151.55632300000002,None,151.55632300000002,None,151.55632300000002,None,y,4.547539400000005,151.55632300000002,None,151.55632300000002,None,2.1916666666666664,8.966409499999827,159.61840140000004,None,159.61840140000004,None,159.61840140000004,None,3.658333333333333,8.030306999999993,159.61840140000004,None,,,,,,,Yuvraj3,001,2022-04-22_10h56.22.782,ultamatum,2022.1.3,60.02235232399543,
,,,,3,0,3,0,,,,,,,,,,,,,,,,,,,,,,,,,,,I will take,32,278,,,,,,,,,,,,,,,,,,,176.6151248000001,177.6155612,178.0978368000001,None,,,,,,,,,,,,,168.60114160000012,None,169.62299639999992,None,5.016666666666667,3.2828134999999747,169.62299639999992,None,172.9300565000001,None,172.9300565000001,None,3.5125,1.2725101999999424,172.9300565000001,None,2.5083333333333333,2.035997400000042,172.9300565000001,None,174.99073210000006,None,174.99073210000006,None,174.99073210000006,None,174.99073210000006,None,174.99073210000006,None,n,1.6002928000000338,174.99073210000006,None,174.99073210000006,None,3.7583333333333333,1.5797193999999308,180.10207790000004,None,180.10207790000004,None,180.10207790000004,None,2.1458333333333335,0.7619368999999097,180.10207790000004,None,,,,,,,Yuvraj3,001,2022-04-22_10h56.22.782,ultamatum,2022.1.3,60.02235232399543,
,,,,4,0,4,0,,,,,,,,,,,,,,,,,,,,,,,,,,,I will take,10,368,,,,,,,,,,,,,,,,,,,195.7622457,196.77858149999997,197.24403940000002,None,,,,,,,,,,,,,181.69828200000006,None,182.7200823999999,None,5.091666666666667,1.6937881000001198,182.7200823999999,None,184.42988379999997,None,184.42988379999997,None,3.3958333333333335,1.499741300000096,184.42988379999997,None,2.55,2.399103299999979,184.42988379999997,None,186.84885129999998,None,186.84885129999998,None,186.84885129999998,None,186.84885129999998,None,186.84885129999998,None,n,8.881374900000083,186.84885129999998,None,186.84885129999998,None,4.079166666666667,4.281330799999978,199.2449329000001,None,199.2449329000001,None,199.2449329000001,None,1.8375,3.263473299999987,199.2449329000001,None,,,,,,,Yuvraj3,001,2022-04-22_10h56.22.782,ultamatum,2022.1.3,60.02235232399543,
,,,,,,,,,,,,,,,,,,,,,,,,,,,,,,,,,,,,,,,,,,,,,,,,,,,,,,,,,,,,,,,,,,,,,,,,,,,,,,,,,,,,,,,,,,,,,,,,,,,,,,,,,,,,,,,,,,,,,,,203.54293819999998,None,space,4.644692100000157,203.54293819999998,None,Yuvraj3,001,2022-04-22_10h56.22.782,ultamatum,2022.1.3,60.02235232399543,
